source_platform,source_type,source_course_id,source_instance_id,global_course_key,course_name,institution_name,job_group,job_category,ncs_code,course_description,learning_objectives,training_hours,duration_days,course_level,course_fee,course_url,collected_at,classification_status,mapping_status,mapping_evidence
고용24_국민내일배움카드,PUBLIC_API,ACG20243000973001,324,PUB_ACG20243000973001_324,알베르토와 함께하는 글로벌 비즈니스 매너,에듀퓨어,총무·사무행정,총무·일반사무,02040302,,,,30.0,중급/실무,47520.0,https://www.work24.go.kr,2026-10-08T00:00:00Z,INCLUDED,VERIFIED,공공 API 실측 수집 및 '알베르토와 함께하는 글로벌 비즈니스 매너' 과정명·직무역량 일치 확인
고용24_국민내일배움카드,PUBLIC_API,ACG20243001004189,245,PUB_ACG20243001004189_245,"기획력, 어떻게 끌리는 플랜을 세울 것인가?",에듀퓨어,총무·사무행정,총무·일반사무,02010101,,,,30.0,중급/실무,50490.0,https://www.work24.go.kr,2026-10-08T00:00:00Z,INCLUDED,VERIFIED,"공공 API 실측 수집 및 '기획력, 어떻게 끌리는 플랜을 세울 것인가?' 과정명·직무역량 일치 확인"
고용24_국민내일배움카드,PUBLIC_API,ACG20243001050108,7,PUB_ACG20243001050108_7,알짜 부동산 사용설명서_투자실무,케이지에듀원 원격평생교육원,비관련(타분야),타직종제외,10020203,,,,31.0,중급/실무,62370.0,https://www.work24.go.kr,2026-10-08T00:00:00Z,EXCLUDED,UNSUPPORTED,인사·총무 직무 범위 외 타 분야 강좌로 역량 매핑 대상 아님
고용24_국민내일배움카드,PUBLIC_API,ACG20243001028388,5,PUB_ACG20243001028388_5,포스트 차이나 시대-동남아에서 미래를 찾다!,비트캠퍼스(BITcampus),인접/검토,학사과정/인접기획,01010201,,,,31.0,중급/실무,87780.0,https://www.work24.go.kr,2026-10-08T00:00:00Z,REVIEW_NEEDED,REVIEW_NEEDED,대학 학사과정 또는 인접 영역으로 추가 검토 필요
고용24_국민내일배움카드,PUBLIC_API,ACG20243001003252,252,PUB_ACG20243001003252_252,실전! 소화기계 환자간호,윈스펙원격평생교육원,비관련(타분야),타직종제외,06020201,,,,30.0,중급/실무,83600.0,https://www.work24.go.kr,2026-10-08T00:00:00Z,EXCLUDED,UNSUPPORTED,인사·총무 직무 범위 외 타 분야 강좌로 역량 매핑 대상 아님
고용24_국민내일배움카드,PUBLIC_API,ACG20243001011498,31,PUB_ACG20243001011498_31,소방시설관리사 취득(2차-점검실무행정),edufire(에듀파이어)원격평생교육원,비관련(타분야),타직종제외,05020101,,,,56.0,고급/전문,305140.0,https://www.work24.go.kr,2026-10-08T00:00:00Z,EXCLUDED,UNSUPPORTED,인사·총무 직무 범위 외 타 분야 강좌로 역량 매핑 대상 아님
고용24_국민내일배움카드,PUBLIC_API,ACG20243001035937,7,PUB_ACG20243001035937_7,커리어와 리더십을 모두 책임지는 Auto Work 코칭스킬!,이룸캠퍼스,인접/검토,학사과정/인접기획,04030101,,,,31.0,중급/실무,125400.0,https://www.work24.go.kr,2026-10-08T00:00:00Z,REVIEW_NEEDED,REVIEW_NEEDED,대학 학사과정 또는 인접 영역으로 추가 검토 필요
고용24_국민내일배움카드,PUBLIC_API,ACG20243001052020,28,PUB_ACG20243001052020_28,플랜트·건설 프로젝트 자원관리의 이해 및 실무,에듀퓨어,비관련(타분야),타직종제외,14040301,,,,30.0,중급/실무,50490.0,https://www.work24.go.kr,2026-10-08T00:00:00Z,EXCLUDED,UNSUPPORTED,인사·총무 직무 범위 외 타 분야 강좌로 역량 매핑 대상 아님
고용24_국민내일배움카드,PUBLIC_API,ACG20243000994801,261,PUB_ACG20243000994801_261,물류비관리와 공장물류,에듀퓨어,비관련(타분야),타직종제외,02040301,,,,30.0,중급/실무,50490.0,https://www.work24.go.kr,2026-10-08T00:00:00Z,EXCLUDED,UNSUPPORTED,인사·총무 직무 범위 외 타 분야 강좌로 역량 매핑 대상 아님
고용24_국민내일배움카드,PUBLIC_API,ACG20243001026443,119,PUB_ACG20243001026443_119,초보자도 할 수 있는 디지털 마케팅: SNS와 블로그 활용 A to Z,윈스펙원격평생교육원,인접/검토,학사과정/인접기획,02010301,,,,30.0,입문/초급,62370.0,https://www.work24.go.kr,2026-10-08T00:00:00Z,REVIEW_NEEDED,REVIEW_NEEDED,대학 학사과정 또는 인접 영역으로 추가 검토 필요
고용24_국민내일배움카드,PUBLIC_API,ACG20243001010743,21,PUB_ACG20243001010743_21,"언택트 시대, e-비즈니스 인사이트",휴넷,비관련(타분야),타직종제외,10030102,,,,31.0,중급/실무,50490.0,https://www.work24.go.kr,2026-10-08T00:00:00Z,EXCLUDED,UNSUPPORTED,인사·총무 직무 범위 외 타 분야 강좌로 역량 매핑 대상 아님
고용24_국민내일배움카드,PUBLIC_API,ACG20243000974726,338,PUB_ACG20243000974726_338,마케팅 분석과 STP 전략,윈스펙원격평생교육원,인접/검토,학사과정/인접기획,02010301,,,,30.0,중급/실무,50490.0,https://www.work24.go.kr,2026-10-08T00:00:00Z,REVIEW_NEEDED,REVIEW_NEEDED,대학 학사과정 또는 인접 영역으로 추가 검토 필요
고용24_국민내일배움카드,PUBLIC_API,ACG20243001035769,93,PUB_ACG20243001035769_93,IEQ 인터넷윤리지도사 자격 취득하기,윈스펙원격평생교육원,비관련(타분야),타직종제외,20010601,,,,30.0,중급/실무,62370.0,https://www.work24.go.kr,2026-10-08T00:00:00Z,EXCLUDED,UNSUPPORTED,인사·총무 직무 범위 외 타 분야 강좌로 역량 매핑 대상 아님
고용24_국민내일배움카드,PUBLIC_API,ACG20243001058601,1,PUB_ACG20243001058601_1,"가장 쉽게 배우는 AWS, 기초부터 실무까지",챔프스터디 원격평생교육원,비관련(타분야),타직종제외,20020110,,,,31.0,입문/초급,75240.0,https://www.work24.go.kr,2026-10-08T00:00:00Z,EXCLUDED,UNSUPPORTED,인사·총무 직무 범위 외 타 분야 강좌로 역량 매핑 대상 아님
고용24_국민내일배움카드,PUBLIC_API,ACG20243001023775,19,PUB_ACG20243001023775_19,"전기(산업)기사 필기1(회로이론, 전기기기, 전기설비기술기준 및 판단기준)",마이에듀,비관련(타분야),타직종제외,19010601,,,,60.0,고급/전문,193050.0,https://www.work24.go.kr,2026-10-08T00:00:00Z,EXCLUDED,UNSUPPORTED,인사·총무 직무 범위 외 타 분야 강좌로 역량 매핑 대상 아님
고용24_국민내일배움카드,PUBLIC_API,ACG20243001026470,119,PUB_ACG20243001026470_119,전기공사(산업)기사 필기,윈스펙원격평생교육원,비관련(타분야),타직종제외,19010601,,,,60.0,고급/전문,371250.0,https://www.work24.go.kr,2026-10-08T00:00:00Z,EXCLUDED,UNSUPPORTED,인사·총무 직무 범위 외 타 분야 강좌로 역량 매핑 대상 아님
고용24_국민내일배움카드,PUBLIC_API,ACG20243001020721,156,PUB_ACG20243001020721_156,의료정보 관리에 대한 A to Z!,에듀퓨어,비관련(타분야),타직종제외,06010114,,,,30.0,중급/실무,92070.0,https://www.work24.go.kr,2026-10-08T00:00:00Z,EXCLUDED,UNSUPPORTED,인사·총무 직무 범위 외 타 분야 강좌로 역량 매핑 대상 아님
고용24_국민내일배움카드,PUBLIC_API,ACG20243001052043,4,PUB_ACG20243001052043_4,경비지도사 1과목 법학개론,이룸캠퍼스,비관련(타분야),타직종제외,11010101,,,,59.0,중급/실무,62370.0,https://www.work24.go.kr,2026-10-08T00:00:00Z,EXCLUDED,UNSUPPORTED,인사·총무 직무 범위 외 타 분야 강좌로 역량 매핑 대상 아님
고용24_국민내일배움카드,PUBLIC_API,ACG20243001035736,93,PUB_ACG20243001035736_93,"왕초보를 위한 프론트엔드 개발자 첫걸음 : 기초 코딩, 리액트, 취업 가이드까지 한 번에!",윈스펙원격평생교육원,비관련(타분야),타직종제외,20010202,,,,30.0,입문/초급,47520.0,https://www.work24.go.kr,2026-10-08T00:00:00Z,EXCLUDED,UNSUPPORTED,인사·총무 직무 범위 외 타 분야 강좌로 역량 매핑 대상 아님
고용24_국민내일배움카드,PUBLIC_API,ACG20243000979770,46,PUB_ACG20243000979770_46,소방설비(산업)기사 취득(실기_전기 합격노트),edufire(에듀파이어)원격평생교육원,비관련(타분야),타직종제외,05020101,,,,42.0,고급/전문,183920.0,https://www.work24.go.kr,2026-10-08T00:00:00Z,EXCLUDED,UNSUPPORTED,인사·총무 직무 범위 외 타 분야 강좌로 역량 매핑 대상 아님
고용24_사업주훈련,PUBLIC_API,ABA20243000983062,296,PUB_ABA20243000983062_296,애자일 프로젝트 실무(입문),에듀퓨어,인접/검토,학사과정/인접기획,01010102,,,,30.0,입문/초급,0.0,https://www.work24.go.kr,2026-10-08T00:00:00Z,REVIEW_NEEDED,REVIEW_NEEDED,대학 학사과정 또는 인접 영역으로 추가 검토 필요
고용24_사업주훈련,PUBLIC_API,ABA20243000999206,4,PUB_ABA20243000999206_4,한국경제의미래,알파코,인접/검토,학사과정/인접기획,02010101,,,,59.0,중급/실무,0.0,https://www.work24.go.kr,2026-10-08T00:00:00Z,REVIEW_NEEDED,REVIEW_NEEDED,대학 학사과정 또는 인접 영역으로 추가 검토 필요
고용24_사업주훈련,PUBLIC_API,ABA20243000999421,4,PUB_ABA20243000999421_4,자동차 품질관리 능력향상과 문제해결 기법,휴넷,비관련(타분야),타직종제외,15040102,,,,31.0,중급/실무,0.0,https://www.work24.go.kr,2026-10-08T00:00:00Z,EXCLUDED,UNSUPPORTED,인사·총무 직무 범위 외 타 분야 강좌로 역량 매핑 대상 아님
고용24_사업주훈련,PUBLIC_API,ABA20243001012797,203,PUB_ABA20243001012797_203,AI 시대 일잘러의 필수 역량! 데이터 분석 업무에 적용하기,에듀퓨어,인접/검토,학사과정/인접기획,20010107,,,,30.0,중급/실무,0.0,https://www.work24.go.kr,2026-10-08T00:00:00Z,REVIEW_NEEDED,REVIEW_NEEDED,대학 학사과정 또는 인접 영역으로 추가 검토 필요
고용24_사업주훈련,PUBLIC_API,ABA20243001045717,58,PUB_ABA20243001045717_58,핵심만 콕! 회사의 가치를 높여주는 홍보전략,에듀퓨어,총무·사무행정,총무·일반사무,02010201,,,,30.0,중급/실무,0.0,https://www.work24.go.kr,2026-10-08T00:00:00Z,INCLUDED,VERIFIED,공공 API 실측 수집 및 '핵심만 콕! 회사의 가치를 높여주는 홍보전략' 과정명·직무역량 일치 확인
고용24_사업주훈련,PUBLIC_API,ABA20243001014702,4,PUB_ABA20243001014702_4,좋아요를 터뜨리는 콘텐츠마케팅 데이터 분석,휴넷,인접/검토,학사과정/인접기획,02010301,,,,31.0,중급/실무,0.0,https://www.work24.go.kr,2026-10-08T00:00:00Z,REVIEW_NEEDED,REVIEW_NEEDED,대학 학사과정 또는 인접 영역으로 추가 검토 필요
고용24_사업주훈련,PUBLIC_API,ABA20243001025042,140,PUB_ABA20243001025042_140,모르면 놓치기 쉬운 사내 정보 보안 A to Z!,에듀퓨어,인접/검토,학사과정/인접기획,20010601,,,,30.0,중급/실무,0.0,https://www.work24.go.kr,2026-10-08T00:00:00Z,REVIEW_NEEDED,REVIEW_NEEDED,대학 학사과정 또는 인접 영역으로 추가 검토 필요
고용24_사업주훈련,PUBLIC_API,ABA20243001055424,1,PUB_ABA20243001055424_1,EB243F 실습과 함께하는! 데이터베이스 MySQL편,멀티캠퍼스 원격평생교육원,비관련(타분야),타직종제외,20010204,,,,31.0,중급/실무,0.0,https://www.work24.go.kr,2026-10-08T00:00:00Z,EXCLUDED,UNSUPPORTED,인사·총무 직무 범위 외 타 분야 강좌로 역량 매핑 대상 아님
고용24_사업주훈련,PUBLIC_API,ABA20243001011994,6,PUB_ABA20243001011994_6,품격 있게 승리하는 직장인의 말하기 기술,고려아카데미(원격),총무·사무행정,총무·일반사무,02010101,,,,59.0,중급/실무,0.0,https://www.work24.go.kr,2026-10-08T00:00:00Z,INCLUDED,VERIFIED,공공 API 실측 수집 및 '품격 있게 승리하는 직장인의 말하기 기술' 과정명·직무역량 일치 확인
고용24_사업주훈련,PUBLIC_API,ABA20243001012836,203,PUB_ABA20243001012836_203,달콤한 업무꿀팁! 평범한 당신이 비범하게 일하는 기술,에듀퓨어,총무·사무행정,총무·일반사무,02010101,,,,30.0,입문/초급,0.0,https://www.work24.go.kr,2026-10-08T00:00:00Z,INCLUDED,VERIFIED,공공 API 실측 수집 및 '달콤한 업무꿀팁! 평범한 당신이 비범하게 일하는 기술' 과정명·직무역량 일치 확인
고용24_사업주훈련,PUBLIC_API,ABA20243000994834,261,PUB_ABA20243000994834_261,핵심만 콕! 비즈니스 글쓰기와 보고서 작성 노하우,에듀퓨어,총무·사무행정,총무·일반사무,02020302,,,,30.0,중급/실무,0.0,https://www.work24.go.kr,2026-10-08T00:00:00Z,INCLUDED,VERIFIED,공공 API 실측 수집 및 '핵심만 콕! 비즈니스 글쓰기와 보고서 작성 노하우' 과정명·직무역량 일치 확인
고용24_사업주훈련,PUBLIC_API,ABA20243001006278,7,PUB_ABA20243001006278_7,반도체 CMOS 제조 공정,휴넷,비관련(타분야),타직종제외,19030602,,,,31.0,중급/실무,0.0,https://www.work24.go.kr,2026-10-08T00:00:00Z,EXCLUDED,UNSUPPORTED,인사·총무 직무 범위 외 타 분야 강좌로 역량 매핑 대상 아님
고용24_사업주훈련,PUBLIC_API,ABA20243001012790,203,PUB_ABA20243001012790_203,"돈 공부의 첫 걸음, 박정호의 의식주 경제",에듀퓨어,인접/검토,학사과정/인접기획,02010101,,,,30.0,중급/실무,0.0,https://www.work24.go.kr,2026-10-08T00:00:00Z,REVIEW_NEEDED,REVIEW_NEEDED,대학 학사과정 또는 인접 영역으로 추가 검토 필요
고용24_사업주훈련,PUBLIC_API,ABA20243001038812,3,PUB_ABA20243001038812_3,EB23G9 알기 쉬운 블록체인,멀티캠퍼스 원격평생교육원,비관련(타분야),타직종제외,20010803,,,,31.0,중급/실무,0.0,https://www.work24.go.kr,2026-10-08T00:00:00Z,EXCLUDED,UNSUPPORTED,인사·총무 직무 범위 외 타 분야 강좌로 역량 매핑 대상 아님
고용24_사업주훈련,PUBLIC_API,ABA20243001049744,1,PUB_ABA20243001049744_1,일잘러를 위한 IT 프로젝트,휴넷,인접/검토,학사과정/인접기획,20010401,,,,31.0,중급/실무,0.0,https://www.work24.go.kr,2026-10-08T00:00:00Z,REVIEW_NEEDED,REVIEW_NEEDED,대학 학사과정 또는 인접 영역으로 추가 검토 필요
고용24_사업주훈련,PUBLIC_API,ABA20243001053006,24,PUB_ABA20243001053006_24,"파이썬 시작하기, 파이썬 기본 개념",윈스펙원격평생교육원,비관련(타분야),타직종제외,20010202,,,,30.0,중급/실무,0.0,https://www.work24.go.kr,2026-10-08T00:00:00Z,EXCLUDED,UNSUPPORTED,인사·총무 직무 범위 외 타 분야 강좌로 역량 매핑 대상 아님
고용24_사업주훈련,PUBLIC_API,ABA20243001049771,3,PUB_ABA20243001049771_3,빨리 배워 바로 쓰는 엑셀 2013,휴넷,총무·사무행정,총무·일반사무,02020302,,,,31.0,입문/초급,0.0,https://www.work24.go.kr,2026-10-08T00:00:00Z,INCLUDED,VERIFIED,공공 API 실측 수집 및 '빨리 배워 바로 쓰는 엑셀 2013' 과정명·직무역량 일치 확인
고용24_사업주훈련,PUBLIC_API,ABA20243001011985,5,PUB_ABA20243001011985_5,직장 생존력 UP! 데이터 마인드셋 장착하기,고려아카데미(원격),총무·사무행정,총무·일반사무,02010101,,,,59.0,입문/초급,0.0,https://www.work24.go.kr,2026-10-08T00:00:00Z,INCLUDED,VERIFIED,공공 API 실측 수집 및 '직장 생존력 UP! 데이터 마인드셋 장착하기' 과정명·직무역량 일치 확인
고용24_사업주훈련,PUBLIC_API,ABA20243001001805,4,PUB_ABA20243001001805_4,EB1YZ9 AI 시대 일잘러의 필수 역량! 데이터 분석 업무에 적용하기,멀티캠퍼스 원격평생교육원,인접/검토,학사과정/인접기획,20010107,,,,31.0,중급/실무,0.0,https://www.work24.go.kr,2026-10-08T00:00:00Z,REVIEW_NEEDED,REVIEW_NEEDED,대학 학사과정 또는 인접 영역으로 추가 검토 필요
고용24_사업주훈련,PUBLIC_API,ABA20243000972962,324,PUB_ABA20243000972962_324,한달 공부로 실무에 바로 통하는 데이터분석,에듀퓨어,총무·사무행정,총무·일반사무,02040101,,,,30.0,중급/실무,0.0,https://www.work24.go.kr,2026-10-08T00:00:00Z,INCLUDED,VERIFIED,공공 API 실측 수집 및 '한달 공부로 실무에 바로 통하는 데이터분석' 과정명·직무역량 일치 확인
고용24_NCS 교육과정,PUBLIC_API,NCS_CRS_02030102_1,1,PUB_NCS_CRS_02030102_1_1,동선관리과목,마이스터고 실험학과3,인접/검토,학사과정/인접기획,02030102,"업무용 동산관리는 조직의 업무 효율성을 극대화하기 위하여 보유 동산자산에 대한 관리계획, 집행, 평가를 포함한 관리활동을 수행하는 능력이다.","자산관리는 기업의 자산가치를 증진시키기 위하여 자산관리 목표와 계획을 수립하고 자산의 취득, 운영, 매각 및 평가 등을 수행하는 일이다.",3.0,,중급/실무,0.0,https://www.work24.go.kr,2026-10-08T00:00:00Z,REVIEW_NEEDED,REVIEW_NEEDED,대학 학사과정 또는 인접 영역으로 추가 검토 필요
고용24_NCS 교육과정,PUBLIC_API,NCS_CRS_02030102_2,1,PUB_NCS_CRS_02030102_2_1,목표수립과목,마이스터고 실험학과3,인접/검토,학사과정/인접기획,02030102,"자산관리 목표수립이란 조직이 보유한 부동산, 동산 등의 자산을 효과적으로 관리하기 위하여 시장분석과 현황 분석을 통해 목표를 수립하는 능력이다.","자산관리는 기업의 자산가치를 증진시키기 위하여 자산관리 목표와 계획을 수립하고 자산의 취득, 운영, 매각 및 평가 등을 수행하는 일이다.",3.0,,중급/실무,0.0,https://www.work24.go.kr,2026-10-08T00:00:00Z,REVIEW_NEEDED,REVIEW_NEEDED,대학 학사과정 또는 인접 영역으로 추가 검토 필요
고용24_NCS 교육과정,PUBLIC_API,NCS_CRS_02010101_3,1,PUB_NCS_CRS_02010101_3_1,사회적기업혁신론,전문대 사회적경제복지학과,인접/검토,학사과정/인접기획,02010101,"경영계획 수립은 기업의 중장기 경영전략 방향과 연간 경영방침을 설정하고, 그에 따른 경영목표를 수립하며, 이를 달성하기 위한 구체적인 사업계획을 수립, 조정하는 능력이다.",경영기획은 경영목표를 효과적으로 달성하기 위한 전략을 수립하고 최적의 자원을 효율적으로 배분하도록 경영진의 의사결정을 체계적으로 지원하는 일이다.,3.0,,중급/실무,0.0,https://www.work24.go.kr,2026-10-08T00:00:00Z,REVIEW_NEEDED,REVIEW_NEEDED,대학 학사과정 또는 인접 영역으로 추가 검토 필요
고용24_NCS 교육과정,PUBLIC_API,NCS_CRS_02010101_4,1,PUB_NCS_CRS_02010101_4_1,사회적경제사례연구,전문대 사회적경제복지학과,인접/검토,학사과정/인접기획,02010101,"사업환경 분석은 기업의 내부환경 분석과 외부환경 분석 과정을 거쳐 사업의 핵심성공요소를 도출하는 능력이다. 사업환경 분석은 기업의 내부환경 분석과 외부환경 분석 과정을 거쳐 사업의 핵심성공요소를 도출하는 능력이다. 신규사업 기획은 사업을 추진하는 주체가 보유하고 있는 신규사업 아이디어를 투자, 생산, 마케팅과 같은 경영활동들을 통해 구체화해 나가는 과정을 기획하는 능력이다. 경영실적 분석은 경영활동의 건전성을 위하여 경영실적 점검 계획 수립, 경영 실적 측정, 경영 실적 분석, 경영 실적 피드백을 수행하는 능력이다.",경영기획은 경영목표를 효과적으로 달성하기 위한 전략을 수립하고 최적의 자원을 효율적으로 배분하도록 경영진의 의사결정을 체계적으로 지원하는 일이다.,3.0,,중급/실무,0.0,https://www.work24.go.kr,2026-10-08T00:00:00Z,REVIEW_NEEDED,REVIEW_NEEDED,대학 학사과정 또는 인접 영역으로 추가 검토 필요
고용24_NCS 교육과정,PUBLIC_API,NCS_CRS_02010101_5,1,PUB_NCS_CRS_02010101_5_1,사회적경제경영실무1,전문대 사회적경제복지학과,인접/검토,학사과정/인접기획,02010101,"경영방침 수립은 기업경영을 위한 비전과 사명을 도출하고 이에 기반한 기업 구성원들의 핵심가치를 제시하는 능력이다. 경영계획 수립은 기업의 중장기 경영전략 방향과 연간 경영방침을 설정하고, 그에 따른 경영목표를 수립하며, 이를 달성하기 위한 구체적인 사업계획을 수립, 조정하는 능력이다. 예산관리는 경영목표에 따른 예산편성 지침을 수립한 후, 예산 소요를 파악하고, 예산을 조정ㆍ편성하여 예산 계획대비 실적을 분석하는 능력이다.",경영기획은 경영목표를 효과적으로 달성하기 위한 전략을 수립하고 최적의 자원을 효율적으로 배분하도록 경영진의 의사결정을 체계적으로 지원하는 일이다.,3.0,,중급/실무,0.0,https://www.work24.go.kr,2026-10-08T00:00:00Z,REVIEW_NEEDED,REVIEW_NEEDED,대학 학사과정 또는 인접 영역으로 추가 검토 필요
고용24_NCS 교육과정,PUBLIC_API,NCS_CRS_02010101_6,1,PUB_NCS_CRS_02010101_6_1,사회적경제경영실무2,전문대 사회적경제복지학과,인접/검토,학사과정/인접기획,02010101,"경영방침 수립은 기업경영을 위한 비전과 사명을 도출하고 이에 기반한 기업 구성원들의 핵심가치를 제시하는 능력이다. 경영계획 수립은 기업의 중장기 경영전략 방향과 연간 경영방침을 설정하고, 그에 따른 경영목표를 수립하며, 이를 달성하기 위한 구체적인 사업계획을 수립, 조정하는 능력이다. 예산관리는 경영목표에 따른 예산편성 지침을 수립한 후, 예산 소요를 파악하고, 예산을 조정ㆍ편성하여 예산 계획대비 실적을 분석하는 능력이다.",경영기획은 경영목표를 효과적으로 달성하기 위한 전략을 수립하고 최적의 자원을 효율적으로 배분하도록 경영진의 의사결정을 체계적으로 지원하는 일이다.,3.0,,중급/실무,0.0,https://www.work24.go.kr,2026-10-08T00:00:00Z,REVIEW_NEEDED,REVIEW_NEEDED,대학 학사과정 또는 인접 영역으로 추가 검토 필요
고용24_NCS 교육과정,PUBLIC_API,NCS_CRS_02010101_7,1,PUB_NCS_CRS_02010101_7_1,도시재생 지역공동체,전문대 사회적경제복지학과,인접/검토,학사과정/인접기획,02010101,"이해관계자 관리는 회사의 목표달성에 영향을 미치는 개인 또는 단체를 파악하고, 이들의 특성과 기대사항을 분석하여 체계적으로 대응하는 능력이다.",경영기획은 경영목표를 효과적으로 달성하기 위한 전략을 수립하고 최적의 자원을 효율적으로 배분하도록 경영진의 의사결정을 체계적으로 지원하는 일이다.,3.0,,중급/실무,0.0,https://www.work24.go.kr,2026-10-08T00:00:00Z,REVIEW_NEEDED,REVIEW_NEEDED,대학 학사과정 또는 인접 영역으로 추가 검토 필요
고용24_NCS 교육과정,PUBLIC_API,NCS_CRS_02010101_8,1,PUB_NCS_CRS_02010101_8_1,ESG와 지속가능 경영,전문대 사회적경제복지학과,인접/검토,학사과정/인접기획,02010101,"신규사업 기획은 사업을 추진하는 주체가 보유하고 있는 신규사업 아이디어를 투자, 생산, 마케팅과 같은 경영활동들을 통해 구체화해 나가는 과정을 기획하는 능력이다. 사업환경 분석은 기업의 내부환경 분석과 외부환경 분석 과정을 거쳐 사업의 핵심성공요소를 도출하는 능력이다. 이해관계자 관리는 회사의 목표달성에 영향을 미치는 개인 또는 단체를 파악하고, 이들의 특성과 기대사항을 분석하여 체계적으로 대응하는 능력이다.",경영기획은 경영목표를 효과적으로 달성하기 위한 전략을 수립하고 최적의 자원을 효율적으로 배분하도록 경영진의 의사결정을 체계적으로 지원하는 일이다.,3.0,,중급/실무,0.0,https://www.work24.go.kr,2026-10-08T00:00:00Z,REVIEW_NEEDED,REVIEW_NEEDED,대학 학사과정 또는 인접 영역으로 추가 검토 필요
고용24_NCS 교육과정,PUBLIC_API,NCS_CRS_02010101_9,1,PUB_NCS_CRS_02010101_9_1,사회적경제 가치 평가,전문대 사회적경제복지학과,인접/검토,학사과정/인접기획,02010101,"경영실적 분석은 경영활동의 건전성을 위하여 경영실적 점검 계획 수립, 경영 실적 측정, 경영 실적 분석, 경영 실적 피드백을 수행하는 능력이다.",경영기획은 경영목표를 효과적으로 달성하기 위한 전략을 수립하고 최적의 자원을 효율적으로 배분하도록 경영진의 의사결정을 체계적으로 지원하는 일이다.,3.0,,중급/실무,0.0,https://www.work24.go.kr,2026-10-08T00:00:00Z,REVIEW_NEEDED,REVIEW_NEEDED,대학 학사과정 또는 인접 영역으로 추가 검토 필요
고용24_NCS 교육과정,PUBLIC_API,NCS_CRS_02010101_10,1,PUB_NCS_CRS_02010101_10_1,사회적금융,전문대 사회적경제복지학과,인접/검토,학사과정/인접기획,02010101,"예산관리는 경영목표에 따른 예산편성 지침을 수립한 후, 예산 소요를 파악하고, 예산을 조정ㆍ편성하여 예산 계획대비 실적을 분석하는 능력이다. 경영 리스크 관리는 기업경영에서 발생할 수 있는 리스크를 허용 가능한 수준 이하로 관리하기 위해 리스크 파악, 리스크 위험도 측정, 리스크 사전대응계획 수립, 리스크 사전대응활동 점검, 리스크 대응 활동을 수행하는 능력이다.",경영기획은 경영목표를 효과적으로 달성하기 위한 전략을 수립하고 최적의 자원을 효율적으로 배분하도록 경영진의 의사결정을 체계적으로 지원하는 일이다.,3.0,,중급/실무,0.0,https://www.work24.go.kr,2026-10-08T00:00:00Z,REVIEW_NEEDED,REVIEW_NEEDED,대학 학사과정 또는 인접 영역으로 추가 검토 필요
고용24_국민내일배움카드,PUBLIC_API,ACG20243001038036,84,PUB_ACG20243001038036_84,전략적 조직운영을 위한 인사관리 실무,에듀퓨어,인사(HR),인사·채용관리,02020201,,,,30.0,고급/전문,50490.0,https://www.work24.go.kr,2026-10-09T00:00:00Z,INCLUDED,VERIFIED,공공 API 실측 수집 및 '전략적 조직운영을 위한 인사관리 실무' 과정명·직무역량 일치 확인
고용24_국민내일배움카드,PUBLIC_API,ACG20243001023998,11,PUB_ACG20243001023998_11,총무기획과 총무자산관리,이룸캠퍼스,총무·사무행정,총무·자산관리,02020101,,,,31.0,중급/실무,50490.0,https://www.work24.go.kr,2026-10-09T00:00:00Z,INCLUDED,VERIFIED,공공 API 실측 수집 및 '총무기획과 총무자산관리' 과정명·직무역량 일치 확인
고용24_국민내일배움카드,PUBLIC_API,ACG20243001013346,203,PUB_ACG20243001013346_203,총무기획과 총무자산관리,에듀퓨어,총무·사무행정,총무·자산관리,02020101,,,,30.0,중급/실무,50490.0,https://www.work24.go.kr,2026-10-09T00:00:00Z,INCLUDED,VERIFIED,공공 API 실측 수집 및 '총무기획과 총무자산관리' 과정명·직무역량 일치 확인
고용24_국민내일배움카드,PUBLIC_API,ACG20233000954422,356,PUB_ACG20233000954422_356,전략적 조직운영을 위한 인사관리 실무,윈스펙원격평생교육원,인사(HR),인사·채용관리,02020201,,,,30.0,고급/전문,50490.0,https://www.work24.go.kr,2026-10-09T00:00:00Z,INCLUDED,VERIFIED,공공 API 실측 수집 및 '전략적 조직운영을 위한 인사관리 실무' 과정명·직무역량 일치 확인
고용24_국민내일배움카드,PUBLIC_API,ACG20243001054796,4,PUB_ACG20243001054796_4,채용에서 퇴직까지 인사노무관리 핵심실무,케이지에듀원 원격평생교육원,인사(HR),인사·채용관리,02020201,,,,31.0,중급/실무,50490.0,https://www.work24.go.kr,2026-10-09T00:00:00Z,INCLUDED,VERIFIED,공공 API 실측 수집 및 '채용에서 퇴직까지 인사노무관리 핵심실무' 과정명·직무역량 일치 확인
고용24_국민내일배움카드,PUBLIC_API,ACG20243001040968,8,PUB_ACG20243001040968_8,전략적 조직운영을 위한 인사관리 실무,케이지에듀원 원격평생교육원,인사(HR),인사·채용관리,02020201,,,,31.0,고급/전문,50490.0,https://www.work24.go.kr,2026-10-09T00:00:00Z,INCLUDED,VERIFIED,공공 API 실측 수집 및 '전략적 조직운영을 위한 인사관리 실무' 과정명·직무역량 일치 확인
고용24_국민내일배움카드,PUBLIC_API,ACG20243001051920,29,PUB_ACG20243001051920_29,채용에서 퇴직까지 인사노무관리 핵심실무,아카스타,인사(HR),인사·채용관리,02020201,,,,31.0,중급/실무,50490.0,https://www.work24.go.kr,2026-10-09T00:00:00Z,INCLUDED,VERIFIED,공공 API 실측 수집 및 '채용에서 퇴직까지 인사노무관리 핵심실무' 과정명·직무역량 일치 확인
고용24_국민내일배움카드,PUBLIC_API,ACG20243001038036,85,PUB_ACG20243001038036_85,전략적 조직운영을 위한 인사관리 실무,에듀퓨어,인사(HR),인사·채용관리,02020201,,,,30.0,고급/전문,50490.0,https://www.work24.go.kr,2026-10-09T00:00:00Z,INCLUDED,VERIFIED,공공 API 실측 수집 및 '전략적 조직운영을 위한 인사관리 실무' 과정명·직무역량 일치 확인
고용24_국민내일배움카드,PUBLIC_API,AIG20240000496295,1,PUB_AIG20240000496295_1,아파트경리회계자격취득 및 인사 실무,MJ회계전문학원,인접/검토,학사과정/인접기획,02020201,,,,56.0,중급/실무,1191400.0,https://www.work24.go.kr,2026-10-09T00:00:00Z,REVIEW_NEEDED,REVIEW_NEEDED,대학 학사과정 또는 인접 영역으로 추가 검토 필요
고용24_국민내일배움카드,PUBLIC_API,ACG20243001013346,204,PUB_ACG20243001013346_204,총무기획과 총무자산관리,에듀퓨어,총무·사무행정,총무·자산관리,02020101,,,,30.0,중급/실무,50490.0,https://www.work24.go.kr,2026-10-09T00:00:00Z,INCLUDED,VERIFIED,공공 API 실측 수집 및 '총무기획과 총무자산관리' 과정명·직무역량 일치 확인
고용24_국민내일배움카드,PUBLIC_API,ACG20243000985011,42,PUB_ACG20243000985011_42,채용에서 퇴직까지 인사노무관리 핵심실무,한국이러닝협회,인사(HR),인사·채용관리,02020201,,,,28.0,중급/실무,50490.0,https://www.work24.go.kr,2026-10-09T00:00:00Z,INCLUDED,VERIFIED,공공 API 실측 수집 및 '채용에서 퇴직까지 인사노무관리 핵심실무' 과정명·직무역량 일치 확인
고용24_국민내일배움카드,PUBLIC_API,ACG20243001051920,30,PUB_ACG20243001051920_30,채용에서 퇴직까지 인사노무관리 핵심실무,아카스타,인사(HR),인사·채용관리,02020201,,,,31.0,중급/실무,50490.0,https://www.work24.go.kr,2026-10-09T00:00:00Z,INCLUDED,VERIFIED,공공 API 실측 수집 및 '채용에서 퇴직까지 인사노무관리 핵심실무' 과정명·직무역량 일치 확인
고용24_국민내일배움카드,PUBLIC_API,ACG20243001051920,31,PUB_ACG20243001051920_31,채용에서 퇴직까지 인사노무관리 핵심실무,아카스타,인사(HR),인사·채용관리,02020201,,,,31.0,중급/실무,50490.0,https://www.work24.go.kr,2026-10-09T00:00:00Z,INCLUDED,VERIFIED,공공 API 실측 수집 및 '채용에서 퇴직까지 인사노무관리 핵심실무' 과정명·직무역량 일치 확인
고용24_국민내일배움카드,PUBLIC_API,ACG20243001051920,32,PUB_ACG20243001051920_32,채용에서 퇴직까지 인사노무관리 핵심실무,아카스타,인사(HR),인사·채용관리,02020201,,,,31.0,중급/실무,50490.0,https://www.work24.go.kr,2026-10-09T00:00:00Z,INCLUDED,VERIFIED,공공 API 실측 수집 및 '채용에서 퇴직까지 인사노무관리 핵심실무' 과정명·직무역량 일치 확인
고용24_국민내일배움카드,PUBLIC_API,ACG20243001054796,5,PUB_ACG20243001054796_5,채용에서 퇴직까지 인사노무관리 핵심실무,케이지에듀원 원격평생교육원,인사(HR),인사·채용관리,02020201,,,,31.0,중급/실무,50490.0,https://www.work24.go.kr,2026-10-09T00:00:00Z,INCLUDED,VERIFIED,공공 API 실측 수집 및 '채용에서 퇴직까지 인사노무관리 핵심실무' 과정명·직무역량 일치 확인
고용24_국민내일배움카드,PUBLIC_API,ACG20243001051920,33,PUB_ACG20243001051920_33,채용에서 퇴직까지 인사노무관리 핵심실무,아카스타,인사(HR),인사·채용관리,02020201,,,,31.0,중급/실무,50490.0,https://www.work24.go.kr,2026-10-09T00:00:00Z,INCLUDED,VERIFIED,공공 API 실측 수집 및 '채용에서 퇴직까지 인사노무관리 핵심실무' 과정명·직무역량 일치 확인
고용24_국민내일배움카드,PUBLIC_API,ACG20243001051920,34,PUB_ACG20243001051920_34,채용에서 퇴직까지 인사노무관리 핵심실무,아카스타,인사(HR),인사·채용관리,02020201,,,,31.0,중급/실무,50490.0,https://www.work24.go.kr,2026-10-09T00:00:00Z,INCLUDED,VERIFIED,공공 API 실측 수집 및 '채용에서 퇴직까지 인사노무관리 핵심실무' 과정명·직무역량 일치 확인
고용24_국민내일배움카드,PUBLIC_API,ACG20243000985011,43,PUB_ACG20243000985011_43,채용에서 퇴직까지 인사노무관리 핵심실무,한국이러닝협회,인사(HR),인사·채용관리,02020201,,,,28.0,중급/실무,50490.0,https://www.work24.go.kr,2026-10-09T00:00:00Z,INCLUDED,VERIFIED,공공 API 실측 수집 및 '채용에서 퇴직까지 인사노무관리 핵심실무' 과정명·직무역량 일치 확인
고용24_국민내일배움카드,PUBLIC_API,ACG20243001052023,28,PUB_ACG20243001052023_28,NEW 업무에서 활용가능한 실전 근로기준법,에듀퓨어,인사(HR),노무관리,02020202,,,,30.0,중급/실무,50490.0,https://www.work24.go.kr,2026-10-09T00:00:00Z,INCLUDED,VERIFIED,공공 API 실측 수집 및 'NEW 업무에서 활용가능한 실전 근로기준법' 과정명·직무역량 일치 확인
고용24_국민내일배움카드,PUBLIC_API,ACG20243000974723,338,PUB_ACG20243000974723_338,NEW 업무에서 활용가능한 실전 근로기준법,윈스펙원격평생교육원,인사(HR),노무관리,02020202,,,,30.0,중급/실무,50490.0,https://www.work24.go.kr,2026-10-09T00:00:00Z,INCLUDED,VERIFIED,공공 API 실측 수집 및 'NEW 업무에서 활용가능한 실전 근로기준법' 과정명·직무역량 일치 확인
고용24_국민내일배움카드,PUBLIC_API,ACG20243001052023,29,PUB_ACG20243001052023_29,NEW 업무에서 활용가능한 실전 근로기준법,에듀퓨어,인사(HR),노무관리,02020202,,,,30.0,중급/실무,50490.0,https://www.work24.go.kr,2026-10-09T00:00:00Z,INCLUDED,VERIFIED,공공 API 실측 수집 및 'NEW 업무에서 활용가능한 실전 근로기준법' 과정명·직무역량 일치 확인
고용24_국민내일배움카드,PUBLIC_API,ACG20243000974723,339,PUB_ACG20243000974723_339,NEW 업무에서 활용가능한 실전 근로기준법,윈스펙원격평생교육원,인사(HR),노무관리,02020202,,,,30.0,중급/실무,50490.0,https://www.work24.go.kr,2026-10-09T00:00:00Z,INCLUDED,VERIFIED,공공 API 실측 수집 및 'NEW 업무에서 활용가능한 실전 근로기준법' 과정명·직무역량 일치 확인
고용24_국민내일배움카드,PUBLIC_API,ACG20243001036448,16,PUB_ACG20243001036448_16,실무사례로 알아보는 근로기준법,중앙법률원격평생교육원,인사(HR),노무관리,02020202,,,,31.0,중급/실무,83160.0,https://www.work24.go.kr,2026-10-09T00:00:00Z,INCLUDED,VERIFIED,공공 API 실측 수집 및 '실무사례로 알아보는 근로기준법' 과정명·직무역량 일치 확인
고용24_국민내일배움카드,PUBLIC_API,ACG20243000974723,340,PUB_ACG20243000974723_340,NEW 업무에서 활용가능한 실전 근로기준법,윈스펙원격평생교육원,인사(HR),노무관리,02020202,,,,30.0,중급/실무,50490.0,https://www.work24.go.kr,2026-10-09T00:00:00Z,INCLUDED,VERIFIED,공공 API 실측 수집 및 'NEW 업무에서 활용가능한 실전 근로기준법' 과정명·직무역량 일치 확인
고용24_국민내일배움카드,PUBLIC_API,ACG20243001052023,30,PUB_ACG20243001052023_30,NEW 업무에서 활용가능한 실전 근로기준법,에듀퓨어,인사(HR),노무관리,02020202,,,,30.0,중급/실무,50490.0,https://www.work24.go.kr,2026-10-09T00:00:00Z,INCLUDED,VERIFIED,공공 API 실측 수집 및 'NEW 업무에서 활용가능한 실전 근로기준법' 과정명·직무역량 일치 확인
고용24_국민내일배움카드,PUBLIC_API,ACG20243000974723,341,PUB_ACG20243000974723_341,NEW 업무에서 활용가능한 실전 근로기준법,윈스펙원격평생교육원,인사(HR),노무관리,02020202,,,,30.0,중급/실무,50490.0,https://www.work24.go.kr,2026-10-09T00:00:00Z,INCLUDED,VERIFIED,공공 API 실측 수집 및 'NEW 업무에서 활용가능한 실전 근로기준법' 과정명·직무역량 일치 확인
고용24_국민내일배움카드,PUBLIC_API,ACG20243001052023,31,PUB_ACG20243001052023_31,NEW 업무에서 활용가능한 실전 근로기준법,에듀퓨어,인사(HR),노무관리,02020202,,,,30.0,중급/실무,50490.0,https://www.work24.go.kr,2026-10-09T00:00:00Z,INCLUDED,VERIFIED,공공 API 실측 수집 및 'NEW 업무에서 활용가능한 실전 근로기준법' 과정명·직무역량 일치 확인
고용24_국민내일배움카드,PUBLIC_API,ACG20243001057596,1,PUB_ACG20243001057596_1,NEW 업무에서 활용가능한 실전 근로기준법,윈스펙원격평생교육원,인사(HR),노무관리,02020202,,,,30.0,중급/실무,50490.0,https://www.work24.go.kr,2026-10-09T00:00:00Z,INCLUDED,VERIFIED,공공 API 실측 수집 및 'NEW 업무에서 활용가능한 실전 근로기준법' 과정명·직무역량 일치 확인
고용24_국민내일배움카드,PUBLIC_API,ACG20243001004851,141,PUB_ACG20243001004851_141,인사평가체계 구축 및 운영 방법,케이스원격평생교육원,인사(HR),인사·채용관리,02020201,,,,30.0,중급/실무,50490.0,https://www.work24.go.kr,2026-10-09T00:00:00Z,INCLUDED,VERIFIED,공공 API 실측 수집 및 '인사평가체계 구축 및 운영 방법' 과정명·직무역량 일치 확인
고용24_국민내일배움카드,PUBLIC_API,ACG20243001029345,87,PUB_ACG20243001029345_87,인사평가체계 구축 및 운영 방법,러닝플러스,인사(HR),인사·채용관리,02020201,,,,31.0,중급/실무,50490.0,https://www.work24.go.kr,2026-10-09T00:00:00Z,INCLUDED,VERIFIED,공공 API 실측 수집 및 '인사평가체계 구축 및 운영 방법' 과정명·직무역량 일치 확인
고용24_국민내일배움카드,PUBLIC_API,ACG20243001029345,88,PUB_ACG20243001029345_88,인사평가체계 구축 및 운영 방법,러닝플러스,인사(HR),인사·채용관리,02020201,,,,31.0,중급/실무,50490.0,https://www.work24.go.kr,2026-10-09T00:00:00Z,INCLUDED,VERIFIED,공공 API 실측 수집 및 '인사평가체계 구축 및 운영 방법' 과정명·직무역량 일치 확인
고용24_국민내일배움카드,PUBLIC_API,ACG20243001004851,142,PUB_ACG20243001004851_142,인사평가체계 구축 및 운영 방법,케이스원격평생교육원,인사(HR),인사·채용관리,02020201,,,,30.0,중급/실무,50490.0,https://www.work24.go.kr,2026-10-09T00:00:00Z,INCLUDED,VERIFIED,공공 API 실측 수집 및 '인사평가체계 구축 및 운영 방법' 과정명·직무역량 일치 확인
고용24_국민내일배움카드,PUBLIC_API,ACG20243001004851,143,PUB_ACG20243001004851_143,인사평가체계 구축 및 운영 방법,케이스원격평생교육원,인사(HR),인사·채용관리,02020201,,,,30.0,중급/실무,50490.0,https://www.work24.go.kr,2026-10-09T00:00:00Z,INCLUDED,VERIFIED,공공 API 실측 수집 및 '인사평가체계 구축 및 운영 방법' 과정명·직무역량 일치 확인
고용24_국민내일배움카드,PUBLIC_API,ACG20243001029345,89,PUB_ACG20243001029345_89,인사평가체계 구축 및 운영 방법,러닝플러스,인사(HR),인사·채용관리,02020201,,,,31.0,중급/실무,50490.0,https://www.work24.go.kr,2026-10-09T00:00:00Z,INCLUDED,VERIFIED,공공 API 실측 수집 및 '인사평가체계 구축 및 운영 방법' 과정명·직무역량 일치 확인
고용24_국민내일배움카드,PUBLIC_API,ACG20243001029345,90,PUB_ACG20243001029345_90,인사평가체계 구축 및 운영 방법,러닝플러스,인사(HR),인사·채용관리,02020201,,,,31.0,중급/실무,50490.0,https://www.work24.go.kr,2026-10-09T00:00:00Z,INCLUDED,VERIFIED,공공 API 실측 수집 및 '인사평가체계 구축 및 운영 방법' 과정명·직무역량 일치 확인
고용24_국민내일배움카드,PUBLIC_API,ACG20243001004851,144,PUB_ACG20243001004851_144,인사평가체계 구축 및 운영 방법,케이스원격평생교육원,인사(HR),인사·채용관리,02020201,,,,30.0,중급/실무,50490.0,https://www.work24.go.kr,2026-10-09T00:00:00Z,INCLUDED,VERIFIED,공공 API 실측 수집 및 '인사평가체계 구축 및 운영 방법' 과정명·직무역량 일치 확인
고용24_국민내일배움카드,PUBLIC_API,ACG20243001052663,1,PUB_ACG20243001052663_1,인사평가체계 구축 및 운영 방법,러닝팩토리 원격평생교육원,인사(HR),인사·채용관리,02020201,,,,31.0,중급/실무,50490.0,https://www.work24.go.kr,2026-10-09T00:00:00Z,INCLUDED,VERIFIED,공공 API 실측 수집 및 '인사평가체계 구축 및 운영 방법' 과정명·직무역량 일치 확인
고용24_국민내일배움카드,PUBLIC_API,ACG20243001004851,145,PUB_ACG20243001004851_145,인사평가체계 구축 및 운영 방법,케이스원격평생교육원,인사(HR),인사·채용관리,02020201,,,,30.0,중급/실무,50490.0,https://www.work24.go.kr,2026-10-09T00:00:00Z,INCLUDED,VERIFIED,공공 API 실측 수집 및 '인사평가체계 구축 및 운영 방법' 과정명·직무역량 일치 확인
고용24_국민내일배움카드,PUBLIC_API,ACG20243001027168,96,PUB_ACG20243001027168_96,총무기획과 총무자산관리,러닝플러스,총무·사무행정,총무·자산관리,02020101,,,,31.0,중급/실무,50490.0,https://www.work24.go.kr,2026-10-09T00:00:00Z,INCLUDED,VERIFIED,공공 API 실측 수집 및 '총무기획과 총무자산관리' 과정명·직무역량 일치 확인
고용24_국민내일배움카드,PUBLIC_API,ACG20243001013346,205,PUB_ACG20243001013346_205,총무기획과 총무자산관리,에듀퓨어,총무·사무행정,총무·자산관리,02020101,,,,30.0,중급/실무,50490.0,https://www.work24.go.kr,2026-10-09T00:00:00Z,INCLUDED,VERIFIED,공공 API 실측 수집 및 '총무기획과 총무자산관리' 과정명·직무역량 일치 확인
고용24_국민내일배움카드,PUBLIC_API,ACG20243001027168,97,PUB_ACG20243001027168_97,총무기획과 총무자산관리,러닝플러스,총무·사무행정,총무·자산관리,02020101,,,,31.0,중급/실무,50490.0,https://www.work24.go.kr,2026-10-09T00:00:00Z,INCLUDED,VERIFIED,공공 API 실측 수집 및 '총무기획과 총무자산관리' 과정명·직무역량 일치 확인
고용24_국민내일배움카드,PUBLIC_API,ACG20243001013346,206,PUB_ACG20243001013346_206,총무기획과 총무자산관리,에듀퓨어,총무·사무행정,총무·자산관리,02020101,,,,30.0,중급/실무,50490.0,https://www.work24.go.kr,2026-10-09T00:00:00Z,INCLUDED,VERIFIED,공공 API 실측 수집 및 '총무기획과 총무자산관리' 과정명·직무역량 일치 확인
고용24_국민내일배움카드,PUBLIC_API,ACG20243001013346,207,PUB_ACG20243001013346_207,총무기획과 총무자산관리,에듀퓨어,총무·사무행정,총무·자산관리,02020101,,,,30.0,중급/실무,50490.0,https://www.work24.go.kr,2026-10-09T00:00:00Z,INCLUDED,VERIFIED,공공 API 실측 수집 및 '총무기획과 총무자산관리' 과정명·직무역량 일치 확인
고용24_국민내일배움카드,PUBLIC_API,ACG20243001013346,208,PUB_ACG20243001013346_208,총무기획과 총무자산관리,에듀퓨어,총무·사무행정,총무·자산관리,02020101,,,,30.0,중급/실무,50490.0,https://www.work24.go.kr,2026-10-09T00:00:00Z,INCLUDED,VERIFIED,공공 API 실측 수집 및 '총무기획과 총무자산관리' 과정명·직무역량 일치 확인
고용24_국민내일배움카드,PUBLIC_API,ACG20243001027168,98,PUB_ACG20243001027168_98,총무기획과 총무자산관리,러닝플러스,총무·사무행정,총무·자산관리,02020101,,,,31.0,중급/실무,50490.0,https://www.work24.go.kr,2026-10-09T00:00:00Z,INCLUDED,VERIFIED,공공 API 실측 수집 및 '총무기획과 총무자산관리' 과정명·직무역량 일치 확인
고용24_사업주훈련,PUBLIC_API,ABA20243001023639,6,PUB_ABA20243001023639_6,총무기획과 총무자산관리,온캠퍼스원격평생교육원,총무·사무행정,총무·자산관리,02020101,,,,30.0,중급/실무,0.0,https://www.work24.go.kr,2026-10-09T00:00:00Z,INCLUDED,VERIFIED,공공 API 실측 수집 및 '총무기획과 총무자산관리' 과정명·직무역량 일치 확인
고용24_사업주훈련,PUBLIC_API,ABA20243001051626,1,PUB_ABA20243001051626_1,EB24OD 전략적 조직운영을 위한 인사관리 실무,멀티캠퍼스 원격평생교육원,인사(HR),인사·채용관리,02020201,,,,31.0,고급/전문,0.0,https://www.work24.go.kr,2026-10-09T00:00:00Z,INCLUDED,VERIFIED,공공 API 실측 수집 및 'EB24OD 전략적 조직운영을 위한 인사관리 실무' 과정명·직무역량 일치 확인
고용24_사업주훈련,PUBLIC_API,ABA20233000970284,6,PUB_ABA20233000970284_6,채용에서 퇴직까지 인사노무관리 핵심실무,러닝플러스,인사(HR),인사·채용관리,02020201,,,,31.0,중급/실무,0.0,https://www.work24.go.kr,2026-10-09T00:00:00Z,INCLUDED,VERIFIED,공공 API 실측 수집 및 '채용에서 퇴직까지 인사노무관리 핵심실무' 과정명·직무역량 일치 확인
고용24_사업주훈련,PUBLIC_API,ABA20243001012801,203,PUB_ABA20243001012801_203,총무기획과 총무자산관리,에듀퓨어,총무·사무행정,총무·자산관리,02020101,,,,30.0,중급/실무,0.0,https://www.work24.go.kr,2026-10-09T00:00:00Z,INCLUDED,VERIFIED,공공 API 실측 수집 및 '총무기획과 총무자산관리' 과정명·직무역량 일치 확인
고용24_사업주훈련,PUBLIC_API,ABA20243001037760,84,PUB_ABA20243001037760_84,전략적 조직운영을 위한 인사관리 실무,에듀퓨어,인사(HR),인사·채용관리,02020201,,,,30.0,고급/전문,0.0,https://www.work24.go.kr,2026-10-09T00:00:00Z,INCLUDED,VERIFIED,공공 API 실측 수집 및 '전략적 조직운영을 위한 인사관리 실무' 과정명·직무역량 일치 확인
고용24_사업주훈련,PUBLIC_API,ABA20243001052733,1,PUB_ABA20243001052733_1,채용에서 퇴직까지 인사노무관리 핵심실무,케이지에듀원 원격평생교육원,인사(HR),인사·채용관리,02020201,,,,31.0,중급/실무,0.0,https://www.work24.go.kr,2026-10-09T00:00:00Z,INCLUDED,VERIFIED,공공 API 실측 수집 및 '채용에서 퇴직까지 인사노무관리 핵심실무' 과정명·직무역량 일치 확인
고용24_사업주훈련,PUBLIC_API,ABA20243001012801,204,PUB_ABA20243001012801_204,총무기획과 총무자산관리,에듀퓨어,총무·사무행정,총무·자산관리,02020101,,,,30.0,중급/실무,0.0,https://www.work24.go.kr,2026-10-09T00:00:00Z,INCLUDED,VERIFIED,공공 API 실측 수집 및 '총무기획과 총무자산관리' 과정명·직무역량 일치 확인
고용24_사업주훈련,PUBLIC_API,ABA20243001037760,85,PUB_ABA20243001037760_85,전략적 조직운영을 위한 인사관리 실무,에듀퓨어,인사(HR),인사·채용관리,02020201,,,,30.0,고급/전문,0.0,https://www.work24.go.kr,2026-10-09T00:00:00Z,INCLUDED,VERIFIED,공공 API 실측 수집 및 '전략적 조직운영을 위한 인사관리 실무' 과정명·직무역량 일치 확인
고용24_사업주훈련,PUBLIC_API,ABA20243001037760,86,PUB_ABA20243001037760_86,전략적 조직운영을 위한 인사관리 실무,에듀퓨어,인사(HR),인사·채용관리,02020201,,,,30.0,고급/전문,0.0,https://www.work24.go.kr,2026-10-09T00:00:00Z,INCLUDED,VERIFIED,공공 API 실측 수집 및 '전략적 조직운영을 위한 인사관리 실무' 과정명·직무역량 일치 확인
고용24_사업주훈련,PUBLIC_API,ABA20243001012801,205,PUB_ABA20243001012801_205,총무기획과 총무자산관리,에듀퓨어,총무·사무행정,총무·자산관리,02020101,,,,30.0,중급/실무,0.0,https://www.work24.go.kr,2026-10-09T00:00:00Z,INCLUDED,VERIFIED,공공 API 실측 수집 및 '총무기획과 총무자산관리' 과정명·직무역량 일치 확인
고용24_사업주훈련,PUBLIC_API,ABA20243001060504,1,PUB_ABA20243001060504_1,Spring 기반 프레임워크를 활용한 JAVA 웹개발 실무훈련,해피잡교육학원,인접/검토,학사과정/인접기획,20010202,,,,36.0,중급/실무,0.0,https://www.work24.go.kr,2026-10-09T00:00:00Z,REVIEW_NEEDED,REVIEW_NEEDED,대학 학사과정 또는 인접 영역으로 추가 검토 필요
고용24_사업주훈련,PUBLIC_API,AIG20220000383835,15,PUB_AIG20220000383835_15,채용에서 퇴직까지 인사관리 실무,더존평생교육원,인사(HR),인사·채용관리,02020201,,,,1.0,중급/실무,68080.0,https://www.work24.go.kr,2026-10-09T00:00:00Z,INCLUDED,VERIFIED,공공 API 실측 수집 및 '채용에서 퇴직까지 인사관리 실무' 과정명·직무역량 일치 확인
고용24_사업주훈련,PUBLIC_API,ABA20243001052733,2,PUB_ABA20243001052733_2,채용에서 퇴직까지 인사노무관리 핵심실무,케이지에듀원 원격평생교육원,인사(HR),인사·채용관리,02020201,,,,28.0,중급/실무,0.0,https://www.work24.go.kr,2026-10-09T00:00:00Z,INCLUDED,VERIFIED,공공 API 실측 수집 및 '채용에서 퇴직까지 인사노무관리 핵심실무' 과정명·직무역량 일치 확인
고용24_사업주훈련,PUBLIC_API,AIG20240000492923,1,PUB_AIG20240000492923_1,채용에서 퇴직까지 인사노무임금관리실무,씨에프오아카데미평생교육원,인사(HR),인사·채용관리,02020202,,,,2.0,중급/실무,119140.0,https://www.work24.go.kr,2026-10-09T00:00:00Z,INCLUDED,VERIFIED,공공 API 실측 수집 및 '채용에서 퇴직까지 인사노무임금관리실무' 과정명·직무역량 일치 확인
고용24_사업주훈련,PUBLIC_API,ABA20253001063370,1,PUB_ABA20253001063370_1,채용에서 퇴직까지 인사노무관리 핵심실무,러닝플러스,인사(HR),인사·채용관리,02020201,,,,28.0,중급/실무,0.0,https://www.work24.go.kr,2026-10-09T00:00:00Z,INCLUDED,VERIFIED,공공 API 실측 수집 및 '채용에서 퇴직까지 인사노무관리 핵심실무' 과정명·직무역량 일치 확인
고용24_사업주훈련,PUBLIC_API,AIG20220000383835,16,PUB_AIG20220000383835_16,채용에서 퇴직까지 인사관리 실무,더존평생교육원,인사(HR),인사·채용관리,02020201,,,,1.0,중급/실무,68080.0,https://www.work24.go.kr,2026-10-09T00:00:00Z,INCLUDED,VERIFIED,공공 API 실측 수집 및 '채용에서 퇴직까지 인사관리 실무' 과정명·직무역량 일치 확인
고용24_사업주훈련,PUBLIC_API,ABA20253001067788,1,PUB_ABA20253001067788_1,reAct.js를 활용한 프로젝트 실무 훈련,해피잡교육학원,인접/검토,학사과정/인접기획,20010202,,,,31.0,중급/실무,0.0,https://www.work24.go.kr,2026-10-09T00:00:00Z,REVIEW_NEEDED,REVIEW_NEEDED,대학 학사과정 또는 인접 영역으로 추가 검토 필요
고용24_사업주훈련,PUBLIC_API,ABA20243001051659,1,PUB_ABA20243001051659_1,EB24P8 채용에서 퇴직까지 인사노무관리 핵심실무,멀티캠퍼스 원격평생교육원,인사(HR),인사·채용관리,02020201,,,,31.0,중급/실무,0.0,https://www.work24.go.kr,2026-10-09T00:00:00Z,INCLUDED,VERIFIED,공공 API 실측 수집 및 'EB24P8 채용에서 퇴직까지 인사노무관리 핵심실무' 과정명·직무역량 일치 확인
고용24_사업주훈련,PUBLIC_API,ABA20243001036557,15,PUB_ABA20243001036557_15,실무사례로 알아보는 근로기준법,중앙법률원격평생교육원,인사(HR),노무관리,02020202,,,,31.0,중급/실무,0.0,https://www.work24.go.kr,2026-10-09T00:00:00Z,INCLUDED,VERIFIED,공공 API 실측 수집 및 '실무사례로 알아보는 근로기준법' 과정명·직무역량 일치 확인
고용24_사업주훈련,PUBLIC_API,ABA20243001036557,16,PUB_ABA20243001036557_16,실무사례로 알아보는 근로기준법,중앙법률원격평생교육원,인사(HR),노무관리,02020202,,,,31.0,중급/실무,0.0,https://www.work24.go.kr,2026-10-09T00:00:00Z,INCLUDED,VERIFIED,공공 API 실측 수집 및 '실무사례로 알아보는 근로기준법' 과정명·직무역량 일치 확인
고용24_사업주훈련,PUBLIC_API,AIG20240000475110,1,PUB_AIG20240000475110_1,"2일 완성, 노동법 마스터",중앙경제HR교육원,인사(HR),노무관리,02020202,,,,2.0,중급/실무,119140.0,https://www.work24.go.kr,2026-10-09T00:00:00Z,INCLUDED,VERIFIED,"공공 API 실측 수집 및 '2일 완성, 노동법 마스터' 과정명·직무역량 일치 확인"
고용24_사업주훈련,PUBLIC_API,ABA20243001036557,17,PUB_ABA20243001036557_17,실무사례로 알아보는 근로기준법,중앙법률원격평생교육원,인사(HR),노무관리,02020202,,,,31.0,중급/실무,0.0,https://www.work24.go.kr,2026-10-09T00:00:00Z,INCLUDED,VERIFIED,공공 API 실측 수집 및 '실무사례로 알아보는 근로기준법' 과정명·직무역량 일치 확인
고용24_사업주훈련,PUBLIC_API,ABA20243001036557,18,PUB_ABA20243001036557_18,실무사례로 알아보는 근로기준법,중앙법률원격평생교육원,인사(HR),노무관리,02020202,,,,31.0,중급/실무,0.0,https://www.work24.go.kr,2026-10-09T00:00:00Z,INCLUDED,VERIFIED,공공 API 실측 수집 및 '실무사례로 알아보는 근로기준법' 과정명·직무역량 일치 확인
고용24_사업주훈련,PUBLIC_API,ABA20243001036557,19,PUB_ABA20243001036557_19,실무사례로 알아보는 근로기준법,중앙법률원격평생교육원,인사(HR),노무관리,02020202,,,,30.0,중급/실무,0.0,https://www.work24.go.kr,2026-10-09T00:00:00Z,INCLUDED,VERIFIED,공공 API 실측 수집 및 '실무사례로 알아보는 근로기준법' 과정명·직무역량 일치 확인
고용24_사업주훈련,PUBLIC_API,AIG20240000475110,2,PUB_AIG20240000475110_2,"2일 완성, 노동법 마스터",중앙경제HR교육원,인사(HR),노무관리,02020202,,,,2.0,중급/실무,119140.0,https://www.work24.go.kr,2026-10-09T00:00:00Z,INCLUDED,VERIFIED,"공공 API 실측 수집 및 '2일 완성, 노동법 마스터' 과정명·직무역량 일치 확인"
고용24_사업주훈련,PUBLIC_API,ABA20243001036557,20,PUB_ABA20243001036557_20,실무사례로 알아보는 근로기준법,중앙법률원격평생교육원,인사(HR),노무관리,02020202,,,,28.0,중급/실무,0.0,https://www.work24.go.kr,2026-10-09T00:00:00Z,INCLUDED,VERIFIED,공공 API 실측 수집 및 '실무사례로 알아보는 근로기준법' 과정명·직무역량 일치 확인
고용24_사업주훈련,PUBLIC_API,ABA20253001062023,1,PUB_ABA20253001062023_1,실무사례로 알아보는 근로기준법,중앙법률원격평생교육원,인사(HR),노무관리,02020202,,,,28.0,중급/실무,0.0,https://www.work24.go.kr,2026-10-09T00:00:00Z,INCLUDED,VERIFIED,공공 API 실측 수집 및 '실무사례로 알아보는 근로기준법' 과정명·직무역량 일치 확인
고용24_사업주훈련,PUBLIC_API,ABA20243001036557,21,PUB_ABA20243001036557_21,실무사례로 알아보는 근로기준법,중앙법률원격평생교육원,인사(HR),노무관리,02020202,,,,28.0,중급/실무,0.0,https://www.work24.go.kr,2026-10-09T00:00:00Z,INCLUDED,VERIFIED,공공 API 실측 수집 및 '실무사례로 알아보는 근로기준법' 과정명·직무역량 일치 확인
고용24_사업주훈련,PUBLIC_API,ABA20243001023642,6,PUB_ABA20243001023642_6,인사평가체계 구축 및 운영 방법,온캠퍼스원격평생교육원,인사(HR),인사·채용관리,02020201,,,,30.0,중급/실무,0.0,https://www.work24.go.kr,2026-10-09T00:00:00Z,INCLUDED,VERIFIED,공공 API 실측 수집 및 '인사평가체계 구축 및 운영 방법' 과정명·직무역량 일치 확인
고용24_사업주훈련,PUBLIC_API,ABA20243001000121,10,PUB_ABA20243001000121_10,인사평가체계 구축 및 운영 방법,휴넷,인사(HR),인사·채용관리,02020201,,,,31.0,중급/실무,0.0,https://www.work24.go.kr,2026-10-09T00:00:00Z,INCLUDED,VERIFIED,공공 API 실측 수집 및 '인사평가체계 구축 및 운영 방법' 과정명·직무역량 일치 확인
고용24_사업주훈련,PUBLIC_API,ABA20243001023642,7,PUB_ABA20243001023642_7,인사평가체계 구축 및 운영 방법,온캠퍼스원격평생교육원,인사(HR),인사·채용관리,02020201,,,,30.0,중급/실무,0.0,https://www.work24.go.kr,2026-10-09T00:00:00Z,INCLUDED,VERIFIED,공공 API 실측 수집 및 '인사평가체계 구축 및 운영 방법' 과정명·직무역량 일치 확인
고용24_사업주훈련,PUBLIC_API,ABA20243001000121,11,PUB_ABA20243001000121_11,인사평가체계 구축 및 운영 방법,휴넷,인사(HR),인사·채용관리,02020201,,,,28.0,중급/실무,0.0,https://www.work24.go.kr,2026-10-09T00:00:00Z,INCLUDED,VERIFIED,공공 API 실측 수집 및 '인사평가체계 구축 및 운영 방법' 과정명·직무역량 일치 확인
고용24_사업주훈련,PUBLIC_API,ABA20243001051630,1,PUB_ABA20243001051630_1,EB24OH 인사평가체계 구축 및 운영 방법,멀티캠퍼스 원격평생교육원,인사(HR),인사·채용관리,02020201,,,,31.0,중급/실무,0.0,https://www.work24.go.kr,2026-10-09T00:00:00Z,INCLUDED,VERIFIED,공공 API 실측 수집 및 'EB24OH 인사평가체계 구축 및 운영 방법' 과정명·직무역량 일치 확인
고용24_사업주훈련,PUBLIC_API,ABA20243001000121,12,PUB_ABA20243001000121_12,인사평가체계 구축 및 운영 방법,휴넷,인사(HR),인사·채용관리,02020201,,,,31.0,중급/실무,0.0,https://www.work24.go.kr,2026-10-09T00:00:00Z,INCLUDED,VERIFIED,공공 API 실측 수집 및 '인사평가체계 구축 및 운영 방법' 과정명·직무역량 일치 확인
고용24_사업주훈련,PUBLIC_API,ABA20243001000115,23,PUB_ABA20243001000115_23,인사평가체계 구축 및 운영 방법,휴넷,인사(HR),인사·채용관리,02020201,,,,31.0,중급/실무,0.0,https://www.work24.go.kr,2026-10-09T00:00:00Z,INCLUDED,VERIFIED,공공 API 실측 수집 및 '인사평가체계 구축 및 운영 방법' 과정명·직무역량 일치 확인
고용24_사업주훈련,PUBLIC_API,ABA20243001023642,8,PUB_ABA20243001023642_8,인사평가체계 구축 및 운영 방법,온캠퍼스원격평생교육원,인사(HR),인사·채용관리,02020201,,,,30.0,중급/실무,0.0,https://www.work24.go.kr,2026-10-09T00:00:00Z,INCLUDED,VERIFIED,공공 API 실측 수집 및 '인사평가체계 구축 및 운영 방법' 과정명·직무역량 일치 확인
고용24_사업주훈련,PUBLIC_API,AIG20240000472845,1,PUB_AIG20240000472845_1,실전! 인사평가제도 기획 방법론,HR에듀센터 인사드림,인사(HR),인사·채용관리,02020201,,,,1.0,중급/실무,68080.0,https://www.work24.go.kr,2026-10-09T00:00:00Z,INCLUDED,VERIFIED,공공 API 실측 수집 및 '실전! 인사평가제도 기획 방법론' 과정명·직무역량 일치 확인
고용24_사업주훈련,PUBLIC_API,ABA20243001000115,24,PUB_ABA20243001000115_24,인사평가체계 구축 및 운영 방법,휴넷,인사(HR),인사·채용관리,02020201,,,,31.0,중급/실무,0.0,https://www.work24.go.kr,2026-10-09T00:00:00Z,INCLUDED,VERIFIED,공공 API 실측 수집 및 '인사평가체계 구축 및 운영 방법' 과정명·직무역량 일치 확인
고용24_사업주훈련,PUBLIC_API,ABA20243001012801,206,PUB_ABA20243001012801_206,총무기획과 총무자산관리,에듀퓨어,총무·사무행정,총무·자산관리,02020101,,,,30.0,중급/실무,0.0,https://www.work24.go.kr,2026-10-09T00:00:00Z,INCLUDED,VERIFIED,공공 API 실측 수집 및 '총무기획과 총무자산관리' 과정명·직무역량 일치 확인
고용24_사업주훈련,PUBLIC_API,ABA20243001012801,207,PUB_ABA20243001012801_207,총무기획과 총무자산관리,에듀퓨어,총무·사무행정,총무·자산관리,02020101,,,,30.0,중급/실무,0.0,https://www.work24.go.kr,2026-10-09T00:00:00Z,INCLUDED,VERIFIED,공공 API 실측 수집 및 '총무기획과 총무자산관리' 과정명·직무역량 일치 확인
고용24_사업주훈련,PUBLIC_API,ABA20243001012801,208,PUB_ABA20243001012801_208,총무기획과 총무자산관리,에듀퓨어,총무·사무행정,총무·자산관리,02020101,,,,30.0,중급/실무,0.0,https://www.work24.go.kr,2026-10-09T00:00:00Z,INCLUDED,VERIFIED,공공 API 실측 수집 및 '총무기획과 총무자산관리' 과정명·직무역량 일치 확인
고용24_사업주훈련,PUBLIC_API,ABA20243001012801,209,PUB_ABA20243001012801_209,총무기획과 총무자산관리,에듀퓨어,총무·사무행정,총무·자산관리,02020101,,,,30.0,중급/실무,0.0,https://www.work24.go.kr,2026-10-09T00:00:00Z,INCLUDED,VERIFIED,공공 API 실측 수집 및 '총무기획과 총무자산관리' 과정명·직무역량 일치 확인
고용24_사업주훈련,PUBLIC_API,ABA20243001012801,210,PUB_ABA20243001012801_210,총무기획과 총무자산관리,에듀퓨어,총무·사무행정,총무·자산관리,02020101,,,,30.0,중급/실무,0.0,https://www.work24.go.kr,2026-10-09T00:00:00Z,INCLUDED,VERIFIED,공공 API 실측 수집 및 '총무기획과 총무자산관리' 과정명·직무역량 일치 확인
고용24_사업주훈련,PUBLIC_API,ABA20243001036526,9,PUB_ABA20243001036526_9,급변하는 비즈니스 환경의 총무관리 역할,한국직장인교육센터평생교육원,총무·사무행정,총무·일반사무,02020101,,,,30.0,중급/실무,0.0,https://www.work24.go.kr,2026-10-09T00:00:00Z,INCLUDED,VERIFIED,공공 API 실측 수집 및 '급변하는 비즈니스 환경의 총무관리 역할' 과정명·직무역량 일치 확인
고용24_사업주훈련,PUBLIC_API,ABA20243001058355,1,PUB_ABA20243001058355_1,농협은행 자산관리 전문역 양성,한국금융연수원,총무·사무행정,총무·자산관리,03010103,,,,180.0,중급/실무,0.0,https://www.work24.go.kr,2026-10-09T00:00:00Z,INCLUDED,VERIFIED,공공 API 실측 수집 및 '농협은행 자산관리 전문역 양성' 과정명·직무역량 일치 확인
FASTCAMPUS,SQLITE_DB,207933,1,SQL_FASTCAMPUS_207933,매치무브 온보딩 : Maya와 3D Equalizer로 배우는 헐리우드 매치무브,패스트캠퍼스,비관련(타분야),인사·채용관리,,"<아이언맨>, <왕좌의 게임>의 헐리우드 리드 매치무버에게 배우는 매치무브 온보딩! 아나몰픽 렌즈를 포함, 실무에서 사용하는 소스들을 통해 '진짜' 매치무브 실습을 해봅니다.",,,,중급/실무,485000.0,https://fastcampus.co.kr/dgn_online_mm,2026-09-30T00:00:00Z,EXCLUDED,UNSUPPORTED,IT개발/어학/제조/개인재테크 등 비관련 전문 분야로 판정 (매칭: 매치무브 온보딩 : Maya와 3D Equalizer로 배우는 헐리우드 매치무브)
FASTCAMPUS,SQLITE_DB,210569,1,SQL_FASTCAMPUS_210569,문서의 신이 알려주는 보고서의 법칙 : 비즈니스 글쓰기의 모든 것,패스트캠퍼스,총무·사무행정,공통·사무기획,,"직장인 필수, 문서의 신 백승권에게 배우는 보고서작성법! 예스폼 문서서식 및 자료집 제공",,,,중급/실무,210000.0,https://fastcampus.co.kr/biz_online_bsk,2026-09-30T00:00:00Z,INCLUDED,VERIFIED,FASTCAMPUS 직무교육 '문서의 신이 알려주는 보고서의 법칙 : 비즈니스 글쓰기의 모든 것'(공통·사무기획) 원문 실무 커리큘럼 부합
FASTCAMPUS,SQLITE_DB,216323,1,SQL_FASTCAMPUS_216323,페이퍼로지의 성공하는 기획의 50가지 디테일,패스트캠퍼스,인접(일반사무),공통·사무기획,,17년차 현직 기획자가 30만장 기획서를 쓰며 발견한 기획 필승 공식,,,,중급/실무,209000.0,https://fastcampus.co.kr/biz_online_paperlogy,2026-09-30T00:00:00Z,REVIEW_NEEDED,REVIEW_NEEDED,과정명 맥락상 인사·총무와의 직접 연계성 추가 검토 필요
FASTCAMPUS,SQLITE_DB,234959,1,SQL_FASTCAMPUS_234959,10개 프로젝트로 시작하는 백엔드 웹개발 : 신입 개발자 취업 집중반 (w. Java/Spring Boot),패스트캠퍼스,비관련(타분야),기타·인사총무,,선호 0순위 기업들의 채용 공고 전면 분석! 꼭 들어있는 필수 키워드만 모아 담은 10개의 차별화된 프로젝트 경험으로 Java 백엔드 개발 커리어를 성공적으로 시작해보세요.,,,,중급/실무,163000.0,https://fastcampus.co.kr/dev_online_javaspring,2026-09-30T00:00:00Z,EXCLUDED,UNSUPPORTED,IT개발/어학/제조/개인재테크 등 비관련 전문 분야로 판정 (매칭: 10개 프로젝트로 시작하는 백엔드 웹개발  : 신입 개발자 취업 집중반 (w. Java/Spring Boot))
FASTCAMPUS,SQLITE_DB,236077,1,SQL_FASTCAMPUS_236077,세계 3대 컨설팅펌 출신 김영롱에게 배우는 상위 1% 전략 기획 PPT,패스트캠퍼스,인접(일반사무),공통·사무기획,,세계 3대 컨설팅펌 출신 연사가 알려주는 전략 · 기획 보고서 작성법,,,,중급/실무,186000.0,https://fastcampus.co.kr/biz_online_top3,2026-09-30T00:00:00Z,REVIEW_NEEDED,REVIEW_NEEDED,과정명 맥락상 인사·총무와의 직접 연계성 추가 검토 필요
FASTCAMPUS,SQLITE_DB,239062,1,SQL_FASTCAMPUS_239062,9개 도메인 프로젝트로 끝내는 백엔드 웹 개발 (Java/Spring) 초격차 패키지 Online.,패스트캠퍼스,비관련(타분야),기타·인사총무,,프로젝트형 강의 장인 패캠이 100+ 채용공고를 분석해 준비한 '백엔드 나인 프로젝트'!,,,,중급/실무,227000.0,https://fastcampus.co.kr/dev_online_backend,2026-09-30T00:00:00Z,EXCLUDED,UNSUPPORTED,IT개발/어학/제조/개인재테크 등 비관련 전문 분야로 판정 (매칭: 9개 도메인 프로젝트로 끝내는 백엔드 웹 개발 (Java/Spring) 초격차 패키지 Online.)
FASTCAMPUS,SQLITE_DB,243239,1,SQL_FASTCAMPUS_243239,[세진클래스 2강] Top-tier에게 배우는 비즈니스 영어의 모든 것 with TED,패스트캠퍼스,비관련(타분야),기타·인사총무,,세계 정상급 리더들의 스피치를 담은 [TED]로 비즈니스 영어의 모든 것을 끝내보세요. 세진쌤과 함께라면 연봉도 커리어도 수직 상승!,,,,중급/실무,224000.0,https://fastcampus.co.kr/biz_online_sejinssam2,2026-09-30T00:00:00Z,EXCLUDED,UNSUPPORTED,IT개발/어학/제조/개인재테크 등 비관련 전문 분야로 판정 (매칭: [세진클래스 2강] Top-tier에게 배우는 비즈니스 영어의 모든 것 with TED)
FASTCAMPUS,SQLITE_DB,243273,1,SQL_FASTCAMPUS_243273,세계 3대 컨설팅펌 출신 김영롱에게 배우는 1조 가치 보고서 작성법,패스트캠퍼스,총무·사무행정,공통·사무기획,,"아무도 알려주지 않는, 그 곳에 들어가지 않으면 알 수 없는 전략적 사고를 담은 보고서 작성 강의.",,,,중급/실무,204000.0,https://fastcampus.co.kr/biz_online_bestreport,2026-09-30T00:00:00Z,INCLUDED,VERIFIED,FASTCAMPUS 직무교육 '세계 3대 컨설팅펌 출신 김영롱에게 배우는 1조 가치 보고서 작성법'(공통·사무기획) 원문 실무 커리큘럼 부합
FASTCAMPUS,SQLITE_DB,243612,1,SQL_FASTCAMPUS_243612,"전문가도 몰래 쓰는, chatGPTXClaude 글쓰기 (SNS·비지니스 문서·글쓰기 자동화)",패스트캠퍼스,인접(디지털사무),공통·사무기획,,"ChatGPT와 Claude로 SNS부터 비즈니스 글쓰기까지 자동화하여, 시간 절약과 콘텐츠 품질 향상을 한 번에 경험하세요! (1) SNS 글쓰기: AI 도구로 SNS 게시글을 더 빠르게 작성하기! (2) 비즈니스",,,,고급/전문,194000.0,https://fastcampus.co.kr/biz_online_writeai,2026-09-30T00:00:00Z,REVIEW_NEEDED,REVIEW_NEEDED,"생성형 AI 및 엑셀 자동화 툴 강좌로, 사무행정 필수 직무 연계성 검토 요망"
FASTCAMPUS,SQLITE_DB,248707,1,SQL_FASTCAMPUS_248707,온보딩 없이 바로 실무 투입! 회사에서 신뢰받는 일센스 만렙 신입되기,패스트캠퍼스,비관련(타분야),인사·채용관리,,"신입사원과 이직자가 실무에서 즉시 활용할 수 있도록 설계된 실전형 강의입니다.엑셀, PPT, 보고서 작성, AI 자동화 등 회사에서 가장 많이 사용하는 핵심 스킬만을 선정하여, 실제 업무 환경에 맞춰 학습할 수 있도",,,,중급/실무,192000.0,https://fastcampus.co.kr/biz_online_newbieskill,2026-09-30T00:00:00Z,EXCLUDED,UNSUPPORTED,IT개발/어학/제조/개인재테크 등 비관련 전문 분야로 판정 (매칭: 온보딩 없이 바로 실무 투입! 회사에서 신뢰받는 일센스 만렙 신입되기)
FASTCAMPUS,SQLITE_DB,249157,1,SQL_FASTCAMPUS_249157,맥킨지·제일기획 출신 김재성의 연봉을 올리는 보고서 & 프레젠테이션 공식,패스트캠퍼스,인사(HR),인사·평가보상,,"같은 직장을 다녀도, 더 높은 연봉을 받는 비밀이 궁금하신가요? 연봉의 격-차를 만드는 보고서 작성의 숨겨진 비밀을 공개합니다.",,,,중급/실무,187000.0,https://fastcampus.co.kr/biz_online_kjs,2026-09-30T00:00:00Z,INCLUDED,VERIFIED,FASTCAMPUS 직무교육 '맥킨지·제일기획 출신 김재성의 연봉을 올리는 보고서 & 프레젠테이션 공식'(인사·평가보상) 원문 실무 커리큘럼 부합
FASTCAMPUS,SQLITE_DB,252453,1,SQL_FASTCAMPUS_252453,평범한 대학생에서 억대 연봉 작가로! 500개 예제로 끝내는 이모티콘 족집게 트레이닝,패스트캠퍼스,인사(HR),인사·평가보상,,"이모티콘으로 내 일상을 특별하게 기록하고, 이모티콘으로 제 2의 월급을 만드는 점점이 작가의 '노하우 집약서' 이자, 500여개의 이모티콘 제작 실습과 1000여종의 템플릿으로 그림의 ‘ㄱ’ 도 모르는 예비 작가님",,,,중급/실무,223000.0,https://fastcampus.co.kr/dgn_online_dotdot2,2026-09-30T00:00:00Z,INCLUDED,VERIFIED,FASTCAMPUS 직무교육 '평범한 대학생에서 억대 연봉 작가로! 500개 예제로 끝내는 이모티콘 족집게 트레이닝'(인사·평가보상) 원문 실무 커리큘럼 부합
FASTCAMPUS,SQLITE_DB,256540,1,SQL_FASTCAMPUS_256540,"셰익스피어의 펜 - 직장인의 실무 글쓰기, AI 대필 보좌관",패스트캠퍼스,인접(일반사무),공통·사무기획,,"보고서 작성해줘, 이메일 써줘 수준을 넘어서, 실제 비즈니스에 적용 가능한 글쓰기 프롬프트 설계 기법을 학습하는 과정입니다. 글쓰기의 목적과 맥락을 고려한 프롬프트를 구성하고, 입력한 내용에 대해 즉각적인 피드백을",,,,중급/실무,100000.0,https://fastcampus.co.kr/biz_online_aishakespeare,2026-09-30T00:00:00Z,REVIEW_NEEDED,REVIEW_NEEDED,과정명 맥락상 인사·총무와의 직접 연계성 추가 검토 필요
FASTCAMPUS,SQLITE_DB,259175,1,SQL_FASTCAMPUS_259175,레나쌤의 2030 부동산 갓벽 로드맵! 경매/청약/매매 올인원 패키지,패스트캠퍼스,비관련(타분야),기타·인사총무,,"부동산은 종잣돈 싸움이 아니라 정보·전략 싸움! 2030 부린이를 위해 2026년 최신 정보로 내집마련, 갈아타기, 경매, 종잣돈 불리기까지 지금 내 연봉과 자산에 맞는 ‘현실판 부동산 전략’을 하나로 정리한 레나쌤",,,,중급/실무,229000.0,https://fastcampus.co.kr/fin_online_lena,2026-09-30T00:00:00Z,EXCLUDED,UNSUPPORTED,IT개발/어학/제조/개인재테크 등 비관련 전문 분야로 판정 (매칭: 레나쌤의 2030 부동산 갓벽 로드맵! 경매/청약/매매 올인원 패키지)
FASTCAMPUS,SQLITE_DB,260568,1,SQL_FASTCAMPUS_260568,2026 포트폴리오 제작 올인원 : 기업이 먼저 찾는 AI 프로젝트 기획부터 제작까지,패스트캠퍼스,인접(일반사무),기타·인사총무,,"취업&이직할 때 필수로 들고가야 하는 것. 이력서, 포트폴리오 그리고 AI 실력! 이젠 취업&이직 시장 필수템으로 자리한 AI 활용 능력. 본격 채용 시즌, 평범한 내 AI 실력을 전문가로 보일 수 있도록 AI 프로",,,,중급/실무,184000.0,https://fastcampus.co.kr/biz_online_wash,2026-09-30T00:00:00Z,REVIEW_NEEDED,REVIEW_NEEDED,과정명 맥락상 인사·총무와의 직접 연계성 추가 검토 필요
FASTCAMPUS,SQLITE_DB,261128,1,SQL_FASTCAMPUS_261128,0원으로 생산성 폭발! 이커머스 AI 자동화 올인원 패키지 with 안티그래비티X클로드코드,패스트캠퍼스,인접(디지털사무),기타·인사총무,,"16년 실무 경험을 구조화한 이커머스 자율주행 치트키! 광고·리서치·상세페이지·콘텐츠·CS·개인 비서까지, 당장 실무에 적용 가능한 11가지 맞춤형 AI 에이전트로 반복 업무는 제거하고, 성장과 확장에 집중하는 시스",,,,중급/실무,247000.0,https://fastcampus.co.kr/dgn_online_antigravity,2026-09-30T00:00:00Z,REVIEW_NEEDED,REVIEW_NEEDED,"생성형 AI 및 엑셀 자동화 툴 강좌로, 사무행정 필수 직무 연계성 검토 요망"
FASTCAMPUS,SQLITE_DB,261333,1,SQL_FASTCAMPUS_261333,콜롬버스의 탐색 - 글로벌 시장 트렌드 분석 보고서 작성,패스트캠퍼스,총무·사무행정,공통·사무기획,,"글로벌 시장 동향 요약해줘, 해외 진출 유망 국가 추천해줘 수준을 넘어서, 실제 비즈니스 전략 수립에 적용 가능한 글로벌 트렌드 분석 프롬프트 설계 기법을 학습하는 과정입니다. 방대한 다국어 원문 데이터와 거시경제",,,,중급/실무,72000.0,https://fastcampus.co.kr/biz_online_aicolumbus,2026-09-30T00:00:00Z,INCLUDED,VERIFIED,FASTCAMPUS 직무교육 '콜롬버스의 탐색 - 글로벌 시장 트렌드 분석 보고서 작성'(공통·사무기획) 원문 실무 커리큘럼 부합
FASTCAMPUS,SQLITE_DB,261349,1,SQL_FASTCAMPUS_261349,반도체 SoC 설계의 모든 것 : 연봉의 앞자리를 바꾸는 설계 FLOW 완전 정복,패스트캠퍼스,비관련(타분야),인사·평가보상,,"반도체 엔지니어 설계 취업에서 연봉을 바꾸는 단 하나의 방법, 반도체 설계의 모든 Flow를 이해하고 있어야 합니다. 국내 유.일.무.이. Spec부터 Sign off까지 반도체 SoC 설계 플로우 전체를 다루는 실",,,,중급/실무,274000.0,https://fastcampus.co.kr/data_online_socflow,2026-09-30T00:00:00Z,EXCLUDED,UNSUPPORTED,IT개발/어학/제조/개인재테크 등 비관련 전문 분야로 판정 (매칭: 반도체 SoC 설계의 모든 것 : 연봉의 앞자리를 바꾸는 설계 FLOW 완전 정복)
FASTCAMPUS,SQLITE_DB,261516,1,SQL_FASTCAMPUS_261516,500개 의원 데이터로 완성하는 AI 병원 경영 올인원 : 마케팅·재무·환자관리·HR·개원솔루션,패스트캠퍼스,인접(일반사무),인사·조직관리,,"의원 10곳 중 6곳이 폐원을 경험하는 시대, 진료 실력만으론 살아남을 수 없습니다. 500개 의원의 실제 데이터로 검증된 마케팅·재무·환자관리·HR·개원 전략까지 — AI를 활용해 병원 경영 전 영역을 직접 실행할",,,,중급/실무,324000.0,https://fastcampus.co.kr/biz_online_clinicai,2026-09-30T00:00:00Z,REVIEW_NEEDED,REVIEW_NEEDED,과정명 맥락상 인사·총무와의 직접 연계성 추가 검토 필요
FASTCAMPUS,SQLITE_DB,261628,1,SQL_FASTCAMPUS_261628,일잘러를 위한 클로드 코드 입문 바이블 : 현실적인 30가지 업무 자동화&생산성 프로젝트,패스트캠퍼스,인접(디지털사무),기타·인사총무,,"매주 주간 데이터 정리, 보고서 작성, 프레젠테이션 준비까지! 장황한 프로세스에 지쳐, 정작 핵심 업무에 집중하지 못한다면? 요즘 핫한, 일잘러들은 이미 쓰고 있는 클로드 코드! ChatGPT, Gemini와 같은",,,,입문/초급,243000.0,https://fastcampus.co.kr/biz_online_claudecodebible,2026-09-30T00:00:00Z,REVIEW_NEEDED,REVIEW_NEEDED,"생성형 AI 및 엑셀 자동화 툴 강좌로, 사무행정 필수 직무 연계성 검토 요망"
FASTCAMPUS,SQLITE_DB,263685,1,SQL_FASTCAMPUS_263685,왕초보를 위한 AI 비서 30일 챌린지 : 하루 20분! 자기계발부터 맞춤형 업무 비서까지,패스트캠퍼스,인접(일반사무),비서·사무지원,,"나만의 AI 비서가 탄생하기까지 앞으로 D-30! ‘딸깍’에 속아 아직도 무료 템플릿만 찾아다니는 당신을 위해, AI 속근육부터 차근히 다져주는 왕초보 맞춤 챌린지 강의를 준비했어요. 단 30일이면, AI를 활용한",,,,입문/초급,219000.0,https://fastcampus.co.kr/biz_online_AI30challenge,2026-09-30T00:00:00Z,REVIEW_NEEDED,REVIEW_NEEDED,과정명 맥락상 인사·총무와의 직접 연계성 추가 검토 필요
FASTCAMPUS,SQLITE_DB,264177,1,SQL_FASTCAMPUS_264177,"Codex 바이블 : Goal, Remote Control로 완성하는 바이브코딩부터 업무자동화까지",패스트캠퍼스,비관련(타분야),기타·인사총무,,"Codex, 어디까지 써봤니? 문서 요약만 하는 AI 활용에서 벗어나 자료 조사, 보고서 작성, 엑셀 대시보드, 발표자료 제작, 업무 자동화, 바이브코딩까지 하나의 프로젝트를 완성하는 데 필요한 업무 흐름을 Code",,,,중급/실무,211000.0,https://fastcampus.co.kr/biz_online_codexbible,2026-09-30T00:00:00Z,EXCLUDED,UNSUPPORTED,"IT개발/어학/제조/개인재테크 등 비관련 전문 분야로 판정 (매칭: Codex 바이블 : Goal, Remote Control로 완성하는 바이브코딩부터 업무자동화까지)"
FASTCAMPUS,SQLITE_DB,264236,1,SQL_FASTCAMPUS_264236,업무 5배속 치트키: 페이퍼로지의 클로드 하나로 끝내는 직장인 AI 문서 자동화,패스트캠퍼스,인접(디지털사무),공통·사무기획,,대한민국 탑티어 기업들의 프로젝트를 이끈 패스트캠퍼스 1타 강사 페이퍼로지. 그가 실무 현장에서 수없이 검증하고 완성한 '상위 1% AI 업무 파이프라인'을 오직 이 강의에서만 전격 공개합니다. 30초 만에 끝나,,,,중급/실무,261000.0,https://fastcampus.co.kr/biz_online_paperlogyai,2026-09-30T00:00:00Z,REVIEW_NEEDED,REVIEW_NEEDED,"생성형 AI 및 엑셀 자동화 툴 강좌로, 사무행정 필수 직무 연계성 검토 요망"
FASTCAMPUS,SQLITE_DB,264918,1,SQL_FASTCAMPUS_264918,갈릴레오 갈릴레이의 망원경 - AI 할루시네이션 검증 체크리스트 작성,패스트캠퍼스,인접(일반사무),기타·인사총무,,"이 보고서 검토해줘, 오류 있는지 봐줘 수준을 넘어서, 실제 기획서·보고서·기사 발행 전 사실 검증에 활용할 수 있는 AI 할루시네이션 검증 프롬프트 설계 기법을 학습하는 과정입니다. 단순한 전반 검토 요청이 아닌",,,,중급/실무,100000.0,https://fastcampus.co.kr/biz_online_aigalileo,2026-09-30T00:00:00Z,REVIEW_NEEDED,REVIEW_NEEDED,과정명 맥락상 인사·총무와의 직접 연계성 추가 검토 필요
FASTCAMPUS,SQLITE_DB,266610,1,SQL_FASTCAMPUS_266610,AI 팀 운영 자동화: 칼퇴 치트키! 내 책상에 멀티 에이전트 출근시키기 w/Orca,패스트캠퍼스,인접(디지털사무),기타·인사총무,,"월요일 아침 9시, 내 책상 위 풍경이 완전히 바뀝니다. 어려운 터미널 명령어도, 복잡한 코딩도 필요 없습니다. 클릭 몇 번으로 시작하는 가장 편안한 도구 Orca 하나면 충분합니다. 목표 하나만 던져두면 기획서 작",,,,중급/실무,210000.0,https://fastcampus.co.kr/biz_online_aiorca,2026-09-30T00:00:00Z,REVIEW_NEEDED,REVIEW_NEEDED,"생성형 AI 및 엑셀 자동화 툴 강좌로, 사무행정 필수 직무 연계성 검토 요망"
FASTCAMPUS,SQLITE_DB,267184,1,SQL_FASTCAMPUS_267184,[실시간 라이브 5주] 연매출 30억 페이퍼로지의 5주 밀착 코칭 : 내 사업 전담 AI 비서 만들기,패스트캠퍼스,인접(리더십/조직),비서·사무지원,,"대표님 대신 일할 AI 비서를 두세요. 연매출 30억 회사를 AI 비서로 운영하는 페이퍼로지가 직접 코칭합니다. 내 사업의 자료와 판단 기준을 반영해, 제안서 작성부터 매출 집계·업무 브리핑까지 맡아줄 전담",,,,중급/실무,1100000.0,https://fastcampus.co.kr/biz_online_paperlogycohort,2026-09-30T00:00:00Z,REVIEW_NEEDED,REVIEW_NEEDED,"리더십/조직문화/소통 강좌로, 인사(HRD) 부서 적용 범위 추가 검토 요망"
GSEEK,SQLITE_DB,2367,1,SQL_GSEEK_2367,티끌 모아 태산 되는 커리어 관리 기법,경기도평생학습포털(GSEEK),인접(일반사무),기타·인사총무,,"취업은 힘들어지고, 정년은 빨라지는 시대! 대기업에만 들어가면, 연봉만 올리면 완벽한 커리어라고 할 수 있는 걸까? 경력 관리의 필요성은 느끼지만 어디서부터 어떻게 시작해야 할지 막막한 직장인들을 위한 강",,,,중급/실무,0.0,https://www.gseek.kr/user/course/online/view?s_sbjct_sn=2367,2026-09-30T00:00:00Z,REVIEW_NEEDED,REVIEW_NEEDED,과정명 맥락상 인사·총무와의 직접 연계성 추가 검토 필요
GSEEK,SQLITE_DB,2813,1,SQL_GSEEK_2813,나 혼자 한다! 스마트금융으로 자산관리 도전기,경기도평생학습포털(GSEEK),비관련(타분야),총무·자산관리,,새로운 금융 환경으로 변화하는 시대에 나의 자산을 관리하고 투자하는 방법도 달라져야합니다. 다양한 금융앱 및 인터넷 투자법을 활용하여 자산관리하는 방법! 여기 다 모았어요~ 금알못(금융을 잘 알지 못하,,,,중급/실무,0.0,https://www.gseek.kr/user/course/online/view?s_sbjct_sn=2813,2026-09-30T00:00:00Z,EXCLUDED,UNSUPPORTED,IT개발/어학/제조/개인재테크 등 비관련 전문 분야로 판정 (매칭: 나 혼자 한다! 스마트금융으로 자산관리 도전기)
GSEEK,SQLITE_DB,3217,1,SQL_GSEEK_3217,[창업공통]필수 근로기준법과 인사서식,경기도평생학습포털(GSEEK),인사(HR),노무관리,,공인노무사와 함께 모든 사업장에 적용되는 근로기준법을 파악하고 회사 운영을 위한 인사서식들을 구비할 수 있다.,,,,중급/실무,0.0,https://www.gseek.kr/user/course/online/view?s_sbjct_sn=3217,2026-09-30T00:00:00Z,INCLUDED,VERIFIED,GSEEK 직무교육 '[창업공통]필수 근로기준법과 인사서식'(노무관리) 원문 실무 커리큘럼 부합
GSEEK,SQLITE_DB,3221,1,SQL_GSEEK_3221,창업자를 위한 온라인 교육,경기도평생학습포털(GSEEK),인접(일반사무),기타·인사총무,,"1. 창업관련 트렌드를 파악할 수 있다. 2. 사업계획서 작성 방법에 대해 설명하고, 사업계획서를 작성할 수 있다. 3. 온/오프라인 마케팅 전략을 파악하고 마케팅 전략을 수립할 수 있다. 4. 지식재산권의 유",,,,중급/실무,0.0,https://www.gseek.kr/user/course/online/view?s_sbjct_sn=3221,2026-09-30T00:00:00Z,REVIEW_NEEDED,REVIEW_NEEDED,과정명 맥락상 인사·총무와의 직접 연계성 추가 검토 필요
GSEEK,SQLITE_DB,3547,1,SQL_GSEEK_3547,인공지능과 함께하는 똑똑한 영어 교실,경기도평생학습포털(GSEEK),비관련(타분야),기타·인사총무,,"인공지능 스피커, 단순한 정보 제공과 비서 역할만 생각하셨나요? 천만에~! 인공지능 스피커로 우리 아이들과 즐거운 영어 공부를 할 수 있습니다. 특히 일상 생활에서 틈만 나면 할 수 있는 인공지능 스피커를 통한",,,,중급/실무,0.0,https://www.gseek.kr/user/course/online/view?s_sbjct_sn=3547,2026-09-30T00:00:00Z,EXCLUDED,UNSUPPORTED,IT개발/어학/제조/개인재테크 등 비관련 전문 분야로 판정 (매칭: 인공지능과 함께하는 똑똑한 영어 교실)
GSEEK,SQLITE_DB,4378,1,SQL_GSEEK_4378,사용자에게 꼭 필요한 사이다 노동법,경기도평생학습포털(GSEEK),인사(HR),노무관리,,"소규모 사업장의 사용자 대부분이 기초적인 노동법에 대한 인식 부족으로 노동법을 위반하게 되거나, 교육과 상담을 받고 싶어도 컨설팅 비용 부담 등 사실상 노동법 사각지대에 놓여있는 것이 현실입니다. 또한 그간",,,,중급/실무,0.0,https://www.gseek.kr/user/course/online/view?s_sbjct_sn=4378,2026-09-30T00:00:00Z,INCLUDED,VERIFIED,GSEEK 직무교육 '사용자에게 꼭 필요한 사이다 노동법'(노무관리) 원문 실무 커리큘럼 부합
GSEEK,SQLITE_DB,4617,1,SQL_GSEEK_4617,내 손으로 내가 만드는 한글과제(feat. 엑셀),경기도평생학습포털(GSEEK),비관련(타분야),공통·사무기획,,"PC보다 스마트폰에 익숙한 Z세대! 언택트 수업에 나오는 여러 가지 과제, 리포트를 작성하기가 너무나 어렵기만 합니다~ 너무 많이도 아닌 몇 가지 핵심 기능만으로도 과제 문서를 뚝딱 만들 수 있다면 어떨까요?",,,,중급/실무,0.0,https://www.gseek.kr/user/course/online/view?s_sbjct_sn=4617,2026-09-30T00:00:00Z,EXCLUDED,UNSUPPORTED,IT개발/어학/제조/개인재테크 등 비관련 전문 분야로 판정 (매칭: 내 손으로 내가 만드는 한글과제(feat. 엑셀))
GSEEK,SQLITE_DB,5045,1,SQL_GSEEK_5045,소규모 사업장 랜선노동법,경기도평생학습포털(GSEEK),인사(HR),노무관리,,"소규모사업장도 노동법 적용을 받나요? 채용 시에도 지켜야 할 노동법이 있다고요? 아주 작은 우리회사, 그래도 노동법은 해당된답니다. 스스로의 권리를 꼭 찾아주세요. 본 강좌는 <한국고용노동교육원>에서",,,,중급/실무,0.0,https://www.gseek.kr/user/course/online/view?s_sbjct_sn=5045,2026-09-30T00:00:00Z,INCLUDED,VERIFIED,GSEEK 직무교육 '소규모 사업장 랜선노동법'(노무관리) 원문 실무 커리큘럼 부합
GSEEK,SQLITE_DB,5793,1,SQL_GSEEK_5793,소규모사업주가 알아야 할 노동법 상식,경기도평생학습포털(GSEEK),인사(HR),노무관리,,"소규모사업장도 노동법 적용을 받나요? 채용 시에도 지켜야 할 노동법이 있다고요? 아주 작은 우리회사, 그래도 노동법은 해당된답니다. 사업주가 알아야 할 노동법 상식! 지금 배워보세요. 본 강좌는 <한국고용노",,,,중급/실무,0.0,https://www.gseek.kr/user/course/online/view?s_sbjct_sn=5793,2026-09-30T00:00:00Z,INCLUDED,VERIFIED,GSEEK 직무교육 '소규모사업주가 알아야 할 노동법 상식'(노무관리) 원문 실무 커리큘럼 부합
GSEEK,SQLITE_DB,5794,1,SQL_GSEEK_5794,알바가 꼭 알아야 할 기초노동법,경기도평생학습포털(GSEEK),인사(HR),노무관리,,"알바를 하고 싶은 사람, 알바를 구하는 사장님! 모두가 꼭 알아야할 기초노동법! 노동법에 미숙한 청소년 및 사장님들을 위해 A부터 Z까지 상세히 알려드립니다. 본 강좌는 <한국고용노동교육원>에서 제공하였습니다",,,,입문/초급,0.0,https://www.gseek.kr/user/course/online/view?s_sbjct_sn=5794,2026-09-30T00:00:00Z,INCLUDED,VERIFIED,GSEEK 직무교육 '알바가 꼭 알아야 할 기초노동법'(노무관리) 원문 실무 커리큘럼 부합
GSEEK,SQLITE_DB,5796,1,SQL_GSEEK_5796,청소년 지도를 위한 노동인권 이해과정_교사용,경기도평생학습포털(GSEEK),비관련(타분야),기타·인사총무,,"청소년을 지도하는 교사들을 위한 노동인권 이해 과정입니다. 노동인권의 역사와 사례, 용어와 기초노동법에 대해 배울 수 있습니다. 본 강좌는 <한국고용노동교육원>에서 제공하였습니다.",,,,중급/실무,0.0,https://www.gseek.kr/user/course/online/view?s_sbjct_sn=5796,2026-09-30T00:00:00Z,EXCLUDED,UNSUPPORTED,IT개발/어학/제조/개인재테크 등 비관련 전문 분야로 판정 (매칭: 청소년 지도를 위한 노동인권 이해과정_교사용)
GSEEK,SQLITE_DB,7414,1,SQL_GSEEK_7414,(왕초보)컴퓨터로 문서작성 도전,경기도평생학습포털(GSEEK),총무·사무행정,공통·사무기획,,"컴퓨터가 어려운 사용자들의 문서작성 시 문서의 목적과 환경에 맞는 문서작성 프로그램 선택방법을 알아본다. 한글, 엑셀, 파워포인트 등 적절한 문서작성 프로그램을 선택해서 필요한 문서를 만들 수 있다. 또한 엑셀을",,,,입문/초급,0.0,https://www.gseek.kr/user/course/online/view?s_sbjct_sn=7414,2026-09-30T00:00:00Z,INCLUDED,VERIFIED,GSEEK 직무교육 '(왕초보)컴퓨터로 문서작성 도전'(공통·사무기획) 원문 실무 커리큘럼 부합
GSEEK,SQLITE_DB,7568,1,SQL_GSEEK_7568,보이는 고민상담소 보육과 노무사이,경기도평생학습포털(GSEEK),인접(일반사무),노무관리,,"■ 교육대상 경기도 보육교직원 ■ 교육소개 보육교직원 노무상담 사례를 중심으로 제작되었으며, 근로기준법 등 노동법령에 의해 보장되는 보육교직원의 권리를 안내하고 있습니다. 경기도육아종합지원센터 「보육교",,,,중급/실무,0.0,https://www.gseek.kr/user/course/online/view?s_sbjct_sn=7568,2026-09-30T00:00:00Z,REVIEW_NEEDED,REVIEW_NEEDED,과정명 맥락상 인사·총무와의 직접 연계성 추가 검토 필요
GSEEK,SQLITE_DB,7759,1,SQL_GSEEK_7759,핵심만 콕! 비즈니스 글쓰기와 보고서 작성 노하우,경기도평생학습포털(GSEEK),총무·사무행정,공통·사무기획,,글 전체를 관통하는 컨셉 선정부터 상황별 보고서 작성 요령까지 다양한 사례와 스킬 중심으로 쉽고 빠르게 업스킬하여 업무에 적용할 수 있다.,,,,중급/실무,0.0,https://www.gseek.kr/user/course/online/view?s_sbjct_sn=7759,2026-09-30T00:00:00Z,INCLUDED,VERIFIED,GSEEK 직무교육 '핵심만 콕! 비즈니스 글쓰기와 보고서 작성 노하우'(공통·사무기획) 원문 실무 커리큘럼 부합
GSEEK,SQLITE_DB,8198,1,SQL_GSEEK_8198,프리랜서를 위한 효율적인 재무관리,경기도평생학습포털(GSEEK),인접(일반사무),기타·인사총무,,"하나부터 열까지 스스로 해결 해야하는 프리랜서, 알아두면 매우 쓸모있는 프리랜서 기본 가이드 교육입니다. 프리랜서의 소득, 지출, 퇴직금까지 기초 돈관리 방법에 대한 학습강좌 입니다.",,,,중급/실무,0.0,https://www.gseek.kr/user/course/online/view?s_sbjct_sn=8198,2026-09-30T00:00:00Z,REVIEW_NEEDED,REVIEW_NEEDED,과정명 맥락상 인사·총무와의 직접 연계성 추가 검토 필요
GSEEK,SQLITE_DB,8297,1,SQL_GSEEK_8297,[오늘부터 정시퇴근] 엑셀 실무 테크닉 - 일잘러의 보고서 작성편,경기도평생학습포털(GSEEK),총무·사무행정,공통·사무기획,,"이 세상 모든 직장인들의 정시퇴근을 위해, 실무에 당장 적용할 수 있는 일잘러의 엑셀 기반 매출 분석 및 보고서 작성 스킬! 작업시간은 ½ 줄이고, 완성은 2배 빠르게! 자네, 엑셀은 좀 다루는가? 이",,,,중급/실무,0.0,https://www.gseek.kr/user/course/online/view?s_sbjct_sn=8297,2026-09-30T00:00:00Z,INCLUDED,VERIFIED,GSEEK 직무교육 '[오늘부터 정시퇴근] 엑셀 실무 테크닉 - 일잘러의 보고서 작성편'(공통·사무기획) 원문 실무 커리큘럼 부합
GSEEK,SQLITE_DB,8298,1,SQL_GSEEK_8298,[오늘부터 정시퇴근] 엑셀 실무 테크닉 - 빅데이터 분석과 시각화편,경기도평생학습포털(GSEEK),인접(일반사무),공통·사무기획,,"이 세상 모든 직장인들의 정시퇴근을 위해, 실무에 당장 적용할 수 있는 엑셀 기반 빅데이터 분석과 시각화, 그리고 현장 밀착 엑셀 팁까지! 작업시간은 ½ 줄이고, 완성은 2배 빠르게! 자네, 엑셀은 좀 다루는",,,,중급/실무,0.0,https://www.gseek.kr/user/course/online/view?s_sbjct_sn=8298,2026-09-30T00:00:00Z,REVIEW_NEEDED,REVIEW_NEEDED,과정명 맥락상 인사·총무와의 직접 연계성 추가 검토 필요
GSEEK,SQLITE_DB,9645,1,SQL_GSEEK_9645,청춘들에게 시급하게 필요한 금융정보 대방출(청춘시대),경기도평생학습포털(GSEEK),비관련(타분야),기타·인사총무,,과거와는 다른 현재와 더욱 달라질 미래를 위해 이 시대 청춘들에게 꼭 필요한 금융 정보를 제공합니다. 현명하게 수입과 지출을 관리하고 나의 소비 저축 패턴을 파악하여 보다 나은 인생을 설계하는 첫걸음!,,,,중급/실무,0.0,https://www.gseek.kr/user/course/online/view?s_sbjct_sn=9645,2026-09-30T00:00:00Z,EXCLUDED,UNSUPPORTED,IT개발/어학/제조/개인재테크 등 비관련 전문 분야로 판정 (매칭: 청춘들에게 시급하게 필요한 금융정보 대방출(청춘시대))
GSEEK,SQLITE_DB,9871,1,SQL_GSEEK_9871,인공지능 활용하기,경기도평생학습포털(GSEEK),인접(일반사무),기타·인사총무,,인공지능 비서란 무엇이며 우리의 삶에 어떻게 활용되고 있는지 살펴봅니다. 인공지능을 통한 예술과 창장활동에 대새 생각해보고 왜 알아야하는지 배워봅니다.,,,,중급/실무,0.0,https://www.gseek.kr/user/course/online/view?s_sbjct_sn=9871,2026-09-30T00:00:00Z,REVIEW_NEEDED,REVIEW_NEEDED,과정명 맥락상 인사·총무와의 직접 연계성 추가 검토 필요
GSEEK,SQLITE_DB,9892,1,SQL_GSEEK_9892,스마트하게 일상 생활하기,경기도평생학습포털(GSEEK),인접(일반사무),기타·인사총무,,"스마트폰으로 할 수 있는 일은 매우 많이 있습니다. 일상생활 속에서 자주 사용되는 디지털기기의 활용법을 배워 보다 편리하고 풍부한 삶을 누려보세요 본 강좌에서는 스마트폰을 활용해 상품을 결제하는 방법과, 대",,,,중급/실무,0.0,https://www.gseek.kr/user/course/online/view?s_sbjct_sn=9892,2026-09-30T00:00:00Z,REVIEW_NEEDED,REVIEW_NEEDED,과정명 맥락상 인사·총무와의 직접 연계성 추가 검토 필요
GSEEK,SQLITE_DB,12264,1,SQL_GSEEK_12264,중년을 위한 1년 안에 인세받는 출간작가 되기! [지금당장 실전편&심화편],경기도평생학습포털(GSEEK),인접(일반사무),공통·사무기획,,이 과정은 중년층을 대상으로 책 출간에 도전하고자 하는 분들을 위해 제작되었습니다. 이 과정은 출간을 위한 실전적인 지침과 전문적인 통찰을 제공하여 중년 작가들이 출간 작가로서 성공을 거두는 데 도움을 줍니다.,,,,중급/실무,0.0,https://www.gseek.kr/user/course/online/view?s_sbjct_sn=12264,2026-09-30T00:00:00Z,REVIEW_NEEDED,REVIEW_NEEDED,과정명 맥락상 인사·총무와의 직접 연계성 추가 검토 필요
GSEEK,SQLITE_DB,12431,1,SQL_GSEEK_12431,한국사능력검정시험 심화 1,경기도평생학습포털(GSEEK),인접(일반사무),기타·인사총무,,"교원임용시험, 각종 공공기관 채용 등에서 한국사능력검정시험 자격증 적용이 늘어나고 있지요. 그만큼 한국사능력검정시험에 대한 관심이 지속적으로 커지고 있는데요. 한국사능력검정시험은 어렵다? 한능검",,,,중급/실무,0.0,https://www.gseek.kr/user/course/online/view?s_sbjct_sn=12431,2026-09-30T00:00:00Z,REVIEW_NEEDED,REVIEW_NEEDED,과정명 맥락상 인사·총무와의 직접 연계성 추가 검토 필요
GSEEK,SQLITE_DB,12432,1,SQL_GSEEK_12432,한국사능력검정시험 심화 2,경기도평생학습포털(GSEEK),인접(일반사무),기타·인사총무,,"교원임용시험, 각종 공공기관 채용 등에서 한국사능력검정시험 자격증 적용이 늘어나고 있지요. 그만큼 한국사능력검정시험에 대한 관심이 지속적으로 커지고 있는데요. 한국사능력검정시험은 어렵다? 한능검",,,,중급/실무,0.0,https://www.gseek.kr/user/course/online/view?s_sbjct_sn=12432,2026-09-30T00:00:00Z,REVIEW_NEEDED,REVIEW_NEEDED,과정명 맥락상 인사·총무와의 직접 연계성 추가 검토 필요
GSEEK,SQLITE_DB,51667,1,SQL_GSEEK_51667,따라만 하면 OK! 말이 되는 보고서 작성 원칙,경기도평생학습포털(GSEEK),총무·사무행정,공통·사무기획,,"80점짜리 보고서에 만족하고 있지 않나요? 직장인이라면 누구나 보고서를 쓰고, 검토하는 일을 합니다. 글과 숫자, 데이터와 차트, 스토리와 논리 등을 적확하게 혼합해야 비로소 말이 통하는 비즈니스 보고서가 완성됩니",,,,중급/실무,0.0,https://www.gseek.kr/user/course/online/view?s_sbjct_sn=51667,2026-09-30T00:00:00Z,INCLUDED,VERIFIED,GSEEK 직무교육 '따라만 하면 OK! 말이 되는 보고서 작성 원칙'(공통·사무기획) 원문 실무 커리큘럼 부합
GSEEK,SQLITE_DB,51856,1,SQL_GSEEK_51856,"숫자로 체크하는 기업 건강검진, 재무제표 분석",경기도평생학습포털(GSEEK),인접(일반사무),기타·인사총무,,"회계 좀 복잡하고 짜증나는 업무, 회계는 내 업무와 내 직장생활에는 전혀 필요 없는 지식, 재무제표는 매출액이나 영업이익 외에는 쓸데없는 숫자 자료로 알고 계신가요? 전혀 그렇지 않습니다! 여러분이 직장인이라",,,,중급/실무,0.0,https://www.gseek.kr/user/course/online/view?s_sbjct_sn=51856,2026-09-30T00:00:00Z,REVIEW_NEEDED,REVIEW_NEEDED,과정명 맥락상 인사·총무와의 직접 연계성 추가 검토 필요
GSEEK,SQLITE_DB,51882,1,SQL_GSEEK_51882,좋아요를 터뜨리는 콘텐츠마케팅 데이터 분석,경기도평생학습포털(GSEEK),인접(일반사무),기타·인사총무,,데이터 분석으로 콘텐츠 마케팅 효과 높이기 A to Z #콘텐츠 마케팅 #마케팅 #콘텐츠 #기획서 #OKR #KPI #가설 #모니터링 #UAT #성과 측정 #결과 보고서 콘텐츠 마케팅 효과를 높이고 싶은,,,,중급/실무,0.0,https://www.gseek.kr/user/course/online/view?s_sbjct_sn=51882,2026-09-30T00:00:00Z,REVIEW_NEEDED,REVIEW_NEEDED,과정명 맥락상 인사·총무와의 직접 연계성 추가 검토 필요
GSEEK,SQLITE_DB,51888,1,SQL_GSEEK_51888,"월급이 낭비되지 않도록, 알기 쉬운 세금 상식",경기도평생학습포털(GSEEK),비관련(타분야),기타·인사총무,,"세금을 알면 경제가 보인다! 피할 수 없다면 규정을 이해하고 대처하자! 꼭, 알아야 할 세금 상식부터 나에게 맞는 절세 방법까지 직장인, N잡러에게 필요한 절세 플랜을 제시합니다. #2024 최신세법 #절세플",,,,중급/실무,0.0,https://www.gseek.kr/user/course/online/view?s_sbjct_sn=51888,2026-09-30T00:00:00Z,EXCLUDED,UNSUPPORTED,"IT개발/어학/제조/개인재테크 등 비관련 전문 분야로 판정 (매칭: 월급이 낭비되지 않도록, 알기 쉬운 세금 상식)"
GSEEK,SQLITE_DB,51903,1,SQL_GSEEK_51903,"안녕, 파이썬! 생성형AI로 데이터 분석해줘!",경기도평생학습포털(GSEEK),비관련(타분야),기타·인사총무,,"Python과 AI 기술을 활용한 데이터 기반 업무 혁신으로 업무 프로세스 최적화, 핵심 업무에 역량과 전략적 사고에 집중할 수 있습니다. AI 기술을 활용한 데이터 중심의 의사결정으로 Smart WO",,,,중급/실무,0.0,https://www.gseek.kr/user/course/online/view?s_sbjct_sn=51903,2026-09-30T00:00:00Z,EXCLUDED,UNSUPPORTED,"IT개발/어학/제조/개인재테크 등 비관련 전문 분야로 판정 (매칭: 안녕, 파이썬! 생성형AI로 데이터 분석해줘!)"
GSEEK,SQLITE_DB,51908,1,SQL_GSEEK_51908,"코딩 없이 하는 업무자동화, GPTs로 나만의 챗봇 만들기",경기도평생학습포털(GSEEK),비관련(타분야),기타·인사총무,,ChatGPT를 활용하여 복잡한 코딩 없이 나의 업무에 딱 맞는 챗봇을 만들어 업무효율성을 극대화하는 방법! #ChatGPT #GPTs #챗봇 #AI비서 #맞춤형챗봇 #업무자동화 #ChatGPT실습 생성형A,,,,중급/실무,0.0,https://www.gseek.kr/user/course/online/view?s_sbjct_sn=51908,2026-09-30T00:00:00Z,EXCLUDED,UNSUPPORTED,"IT개발/어학/제조/개인재테크 등 비관련 전문 분야로 판정 (매칭: 코딩 없이 하는 업무자동화, GPTs로 나만의 챗봇 만들기)"
GSEEK,SQLITE_DB,51915,1,SQL_GSEEK_51915,퇴근이 빨라지는 엑셀 데이터 분석 및 시각화,경기도평생학습포털(GSEEK),인접(일반사무),공통·사무기획,,"#엑셀 #그래프 #데이터분석 #데이터차트 #시각화 #인포그래픽 #피벗테이블 #엑셀함수 #데이터시각화 현대의 비즈니스 환경에서 데이터 분석은 더 이상 선택이 아닌 필수입니다. 데이터를 어떻게 다루고, 어떻게 시각",,,,중급/실무,0.0,https://www.gseek.kr/user/course/online/view?s_sbjct_sn=51915,2026-09-30T00:00:00Z,REVIEW_NEEDED,REVIEW_NEEDED,과정명 맥락상 인사·총무와의 직접 연계성 추가 검토 필요
GSEEK,SQLITE_DB,51946,1,SQL_GSEEK_51946,예비 리더에서 만렙 리더로! 중간관리자를 위한 리더십 공략집,경기도평생학습포털(GSEEK),인접(리더십/조직),기타·인사총무,,예비 리더로서의 자기관리부터 조직원과의 소통 및 성과관리 방법까지! 예비 리더를 위한 리더십 레벨업 핵심 공략집! #예비리더 #중간관리자 #자기관리 #소통 #성과관리 #신뢰형성 #피드백 #리더의영향력 #퍼스널,,,,중급/실무,0.0,https://www.gseek.kr/user/course/online/view?s_sbjct_sn=51946,2026-09-30T00:00:00Z,REVIEW_NEEDED,REVIEW_NEEDED,"리더십/조직문화/소통 강좌로, 인사(HRD) 부서 적용 범위 추가 검토 요망"
GSEEK,SQLITE_DB,51950,1,SQL_GSEEK_51950,[레전드 스킬] 현직 기자가 알려주는 보고서 잘 쓰는 법,경기도평생학습포털(GSEEK),인접(일반사무),공통·사무기획,,일은 잘하고 싶지만 워라밸은 지키고 싶은 당신에게 전하는 트렌디한 비즈니스 문서작성 꿀팁 대방출! 유익한 건 알겠는데 너무 길고 지루한 강의가 싫은 유튜브 세대들에게 딱! 맞는 10분짜리 마이크로 러닝 영상으로,,,,중급/실무,0.0,https://www.gseek.kr/user/course/online/view?s_sbjct_sn=51950,2026-09-30T00:00:00Z,REVIEW_NEEDED,REVIEW_NEEDED,과정명 맥락상 인사·총무와의 직접 연계성 추가 검토 필요
GSEEK,SQLITE_DB,51952,1,SQL_GSEEK_51952,데이터로 일하는 일잘러 PWR 스킬,경기도평생학습포털(GSEEK),인접(일반사무),기타·인사총무,,"데이터 기반의 기획력, 보고력, 문서작성력 향상을 통해 회사에서 원하는 일잘러가 되어봅시다. '데이터로 일하는 일잘러 PWR 스킬’ 과정을 통해 데이터 기반의 업무 처리를 현업에 적용해 보세요! #데이터 #데이터",,,,중급/실무,0.0,https://www.gseek.kr/user/course/online/view?s_sbjct_sn=51952,2026-09-30T00:00:00Z,REVIEW_NEEDED,REVIEW_NEEDED,과정명 맥락상 인사·총무와의 직접 연계성 추가 검토 필요
GSEEK,SQLITE_DB,51954,1,SQL_GSEEK_51954,상사의 시선을 사로잡는 보고서의 비결 (with. ChatGPT),경기도평생학습포털(GSEEK),인접(일반사무),공통·사무기획,,"AI로 완벽한 보고서를 작성하는 미래형 스킬 셋! 회의록부터 비즈니스 전략 보고서까지, ChatGPT로 빠르고 정확하게! #생성형AI #ChatGPT #보고서작성 #AI보고서 #데이터분석 #프롬프트엔지니어링 #업무",,,,중급/실무,0.0,https://www.gseek.kr/user/course/online/view?s_sbjct_sn=51954,2026-09-30T00:00:00Z,REVIEW_NEEDED,REVIEW_NEEDED,과정명 맥락상 인사·총무와의 직접 연계성 추가 검토 필요
GSEEK,SQLITE_DB,51955,1,SQL_GSEEK_51955,[레전드 스킬] 어쩐지 끌리는 사람의 비즈니스 매너,경기도평생학습포털(GSEEK),총무·사무행정,비서·사무지원,,"직장인이라면 당연히 갖춰야 할 비즈니스 매너, 당연하다고 해서 모두 다 알고 있는것은 아닙니다! 여러분의 비즈니스 매너는 몇 점인가요? 인공지능 기술이 하루가 다르게 발전하고 있는 지금, 우리는 꼭",,,,중급/실무,0.0,https://www.gseek.kr/user/course/online/view?s_sbjct_sn=51955,2026-09-30T00:00:00Z,INCLUDED,VERIFIED,GSEEK 직무교육 '[레전드 스킬] 어쩐지 끌리는 사람의 비즈니스 매너'(비서·사무지원) 원문 실무 커리큘럼 부합
GSEEK,SQLITE_DB,51958,1,SQL_GSEEK_51958,14개 프로젝트로 완성하는 직장인 ChatGPT 활용법,경기도평생학습포털(GSEEK),인접(일반사무),기타·인사총무,,"ChatGPT가 난리라서 써봤더니, 별거 없어서 실망했던 직장인이라면 주목! ChatGPT 교육은 받아보았지만, 막상 내 업무에 어떻게 적용하면 좋을지 망설였던 적이 있으신가요? 혹은 ChatGPT의 답",,,,중급/실무,0.0,https://www.gseek.kr/user/course/online/view?s_sbjct_sn=51958,2026-09-30T00:00:00Z,REVIEW_NEEDED,REVIEW_NEEDED,과정명 맥락상 인사·총무와의 직접 연계성 추가 검토 필요
GSEEK,SQLITE_DB,52722,1,SQL_GSEEK_52722,"셀프출판 공작소, 나만의 책 만들기",경기도평생학습포털(GSEEK),인접(일반사무),공통·사무기획,,"* 독립책방, 독립출판이라는 말이 생겨날 정도로 최근 다양화, 개인화된 컨텐츠에 대한 독자들의 수요가 많아졌습니다. 이에 많은 사람들이 자신만의 전문 분야, 취미, 일상 등의 이야기를 주제로 ‘책 출판‘을 꿈꾸기도",,,,중급/실무,0.0,https://www.gseek.kr/user/course/online/view?s_sbjct_sn=52722,2026-09-30T00:00:00Z,REVIEW_NEEDED,REVIEW_NEEDED,과정명 맥락상 인사·총무와의 직접 연계성 추가 검토 필요
GSEEK,SQLITE_DB,52754,1,SQL_GSEEK_52754,[칼퇴를 부르는 치트키_보고서편] 핵심만 콕! 비즈니스 문서작성의 핵심과 실무 스킬,경기도평생학습포털(GSEEK),총무·사무행정,공통·사무기획,,비즈니스 문서작성의 기본과 논리적 문서 작성에 대해 알아본다.,,,,중급/실무,0.0,https://www.gseek.kr/user/course/online/view?s_sbjct_sn=52754,2026-09-30T00:00:00Z,INCLUDED,VERIFIED,GSEEK 직무교육 '[칼퇴를 부르는 치트키_보고서편] 핵심만 콕! 비즈니스 문서작성의 핵심과 실무 스킬'(공통·사무기획) 원문 실무 커리큘럼 부합
GSEEK,SQLITE_DB,55196,1,SQL_GSEEK_55196,인사담당자에게 묻는다! 면접 합격의 비밀,경기도평생학습포털(GSEEK),인사(HR),인사·채용관리,,"취준생, 이직자, 면접 초보자들이 가장 어려움을 느끼는 ‘면접’ 단계에서의 자신감 부족과 전략 부재를 해결해 드립니다. 자기소개부터 가장 많이 물어보는 질문, 면접 태도 등 9명의 현직 인사담당자의 실질",,,,중급/실무,0.0,https://www.gseek.kr/user/course/online/view?s_sbjct_sn=55196,2026-09-30T00:00:00Z,INCLUDED,VERIFIED,GSEEK 직무교육 '인사담당자에게 묻는다! 면접 합격의 비밀'(인사·채용관리) 원문 실무 커리큘럼 부합
GSEEK,SQLITE_DB,55218,1,SQL_GSEEK_55218,경기도 스파크 노동법,경기도평생학습포털(GSEEK),인사(HR),노무관리,,"이 강좌는 근로자가 꼭 알아야 할 노동법의 핵심 내용을 쉽게 이해할 수 있도록 구성된 교육입니다. 근로계약, 임금, 휴식·휴가, 업무상 재해, 직장 내 괴롭힘·성희롱 금지 등 현장에서 자주 발생하는 노동법 이슈",,,,중급/실무,0.0,https://www.gseek.kr/user/course/online/view?s_sbjct_sn=55218,2026-09-30T00:00:00Z,INCLUDED,VERIFIED,GSEEK 직무교육 '경기도 스파크 노동법'(노무관리) 원문 실무 커리큘럼 부합
GSEEK,SQLITE_DB,56932,1,SQL_GSEEK_56932,(리프레시) 핵심만 콕! 신입사원 온보딩,경기도평생학습포털(GSEEK),인사(HR),인사·채용관리,,"신입사원이 조직에 쉽고 빠르게 적응해 안착할 수 있도록, 스킬보다는 조직 생활 적응과 이해를 높이기 위한 마음가짐, 기본적인 마인드와 역량에 대해 핵심 요소 중심으로 안내해 드립니다.",,,,중급/실무,0.0,https://www.gseek.kr/user/course/online/view?s_sbjct_sn=56932,2026-09-30T00:00:00Z,INCLUDED,VERIFIED,GSEEK 직무교육 '(리프레시) 핵심만 콕! 신입사원 온보딩'(인사·채용관리) 원문 실무 커리큘럼 부합
GSEEK,SQLITE_DB,56977,1,SQL_GSEEK_56977,[한끝] 사무자동화산업기사 종합반(필기+실기),경기도평생학습포털(GSEEK),인접(디지털사무),기타·인사총무,,"일반 사무환경에서 사무작업을 하고 있는 실무자로 하여금 업무상 발생하는 데이터의 안전성을 확보하고, 작업효율을 증진시킴으로써 궁극적으로 인간중심의 정보문화 정착에 기여하며 보다 효율적으로 업무에 필요한 정보를",,,,고급/전문,0.0,https://www.gseek.kr/user/course/online/view?s_sbjct_sn=56977,2026-09-30T00:00:00Z,REVIEW_NEEDED,REVIEW_NEEDED,"생성형 AI 및 엑셀 자동화 툴 강좌로, 사무행정 필수 직무 연계성 검토 요망"
GSEEK,SQLITE_DB,57036,1,SQL_GSEEK_57036,"클릭, GPTs로 만드는 나만의 재무제표 분석봇",경기도평생학습포털(GSEEK),인접(일반사무),기타·인사총무,,"🔥 [현직 회계사 직강] 5일 만에 완성하는 나만의 AI 투자 비서 (GPTs) 딱 5일, 점심시간 15분 투자! 회계사에게 배우는 AI 재무 분석 마스터 비법! 👀 AI가 내 손안의 애널리스트가 된다!",,,,중급/실무,0.0,https://www.gseek.kr/user/course/online/view?s_sbjct_sn=57036,2026-09-30T00:00:00Z,REVIEW_NEEDED,REVIEW_NEEDED,과정명 맥락상 인사·총무와의 직접 연계성 추가 검토 필요
GSEEK,SQLITE_DB,57049,1,SQL_GSEEK_57049,"HR, AI가 트렌드다 : 채용부터 퇴사까지",경기도평생학습포털(GSEEK),인사(HR),인사·채용관리,,❔❓❔❓“생성형 AI가 실제로 내 일을 도와줄 수 있을까?🤔” ❔❓❔❓ 궁금증을 ‘진짜 결과물’ 로 바꿔주는 HR x AI실무과정 ✏️ 단순 지식이나 이론이 아닌 현장에서 즉시 활용 가능한 AI 강의를 찾고,,,,중급/실무,0.0,https://www.gseek.kr/user/course/online/view?s_sbjct_sn=57049,2026-09-30T00:00:00Z,INCLUDED,VERIFIED,"GSEEK 직무교육 'HR, AI가 트렌드다 : 채용부터 퇴사까지'(인사·채용관리) 원문 실무 커리큘럼 부합"
GSEEK,SQLITE_DB,57056,1,SQL_GSEEK_57056,"Z세대가 온다, 세련되게 일하는 조직 문화 혁신",경기도평생학습포털(GSEEK),인접(일반사무),기타·인사총무,,"한 지붕 4세대가 존재하는 조직생활! 다세대 화합을 위한 가장 효율적인 조직문화는 어떻게 만들어가야 할까? 모든 세대는 한때 신세대였으며, 시간이 흐르면 언젠가 기성세대가 될 것입니다. 다양한 세대가 공존",,,,중급/실무,0.0,https://www.gseek.kr/user/course/online/view?s_sbjct_sn=57056,2026-09-30T00:00:00Z,REVIEW_NEEDED,REVIEW_NEEDED,과정명 맥락상 인사·총무와의 직접 연계성 추가 검토 필요
GSEEK,SQLITE_DB,57075,1,SQL_GSEEK_57075,직급이 아닌 직무에 Focus하라. 직무급제의 모든것!,경기도평생학습포털(GSEEK),인접(일반사무),기타·인사총무,,"""급변하는 경영 환경 속에서 전통적인 연공주의 인사관리는 인적자원을 통한 경쟁력 확보라는 목표 달성에 실패하였다. 그렇다면 어떻게 해야 핵심인재를 유지 및 확보할 수 있을까? #HR #핵심인재 #직무급 #직무분석",,,,중급/실무,0.0,https://www.gseek.kr/user/course/online/view?s_sbjct_sn=57075,2026-09-30T00:00:00Z,REVIEW_NEEDED,REVIEW_NEEDED,과정명 맥락상 인사·총무와의 직접 연계성 추가 검토 필요
GSEEK,SQLITE_DB,57088,1,SQL_GSEEK_57088,[오피스백서] 공공기관 청렴·반부패 교육,경기도평생학습포털(GSEEK),인접(일반사무),기타·인사총무,,본 강의는 공공기관의 청렴 및 반부패에 대한 이해를 높이고 청렴한 조직문화 조성에 도움을 줄 수 있도록 구성된 과정입니다.,,,,중급/실무,0.0,https://www.gseek.kr/user/course/online/view?s_sbjct_sn=57088,2026-09-30T00:00:00Z,REVIEW_NEEDED,REVIEW_NEEDED,과정명 맥락상 인사·총무와의 직접 연계성 추가 검토 필요
GSEEK,SQLITE_DB,57104,1,SQL_GSEEK_57104,[오늘부터 정시퇴근] 엑셀 실무 데이터 분석 2016+365,경기도평생학습포털(GSEEK),인접(일반사무),공통·사무기획,,"이 세상 모든 직장인들의 정시퇴근을 위해, 실무에 당장 적용할 수 있는 엑셀 기반 데이터 관리와 분석! 작업시간은 ½ 줄이고, 완성은 2배 빠르게! 자네, 엑셀은 좀 다루는가? 이 시대의 일잘러는",,,,중급/실무,0.0,https://www.gseek.kr/user/course/online/view?s_sbjct_sn=57104,2026-09-30T00:00:00Z,REVIEW_NEEDED,REVIEW_NEEDED,과정명 맥락상 인사·총무와의 직접 연계성 추가 검토 필요
GSEEK,SQLITE_DB,57110,1,SQL_GSEEK_57110,"입사에서 퇴사까지, 직장인을 위한 노동법 이야기",경기도평생학습포털(GSEEK),인사(HR),노무관리,,입사부터 퇴직까지! 나와 회사를 지키는 노동법 이야기! 인사담당자 뿐만 아니라 직장인이라면 반드시 알아야 할 노동법의 모든 것 ‘노동법’은 사실 실제로 존재하는 법은 아닙니다. 노동조건과 관련한 모든 법을,,,,중급/실무,0.0,https://www.gseek.kr/user/course/online/view?s_sbjct_sn=57110,2026-09-30T00:00:00Z,INCLUDED,VERIFIED,"GSEEK 직무교육 '입사에서 퇴사까지, 직장인을 위한 노동법 이야기'(노무관리) 원문 실무 커리큘럼 부합"
GSEEK,SQLITE_DB,57119,1,SQL_GSEEK_57119,아이디어를 성과로 바꾸는 비즈니스 기획,경기도평생학습포털(GSEEK),인접(일반사무),기타·인사총무,,"비즈니스 기획은 모든 직장인에게 피할 수 없는 일입니다. 사업을 실행하기 전에 떠오르는 수많은 아이디어, 어떻게 하면 성공한 비즈니스로 만들 수 있을까요? 아이디어를 어떻게 기획하지? 그리고 기획서, 어디서",,,,중급/실무,0.0,https://www.gseek.kr/user/course/online/view?s_sbjct_sn=57119,2026-09-30T00:00:00Z,REVIEW_NEEDED,REVIEW_NEEDED,과정명 맥락상 인사·총무와의 직접 연계성 추가 검토 필요
GSEEK,SQLITE_DB,57923,1,SQL_GSEEK_57923,[핵심인재 아카이브] 차세대리더의 업무·관계역량(대리급),경기도평생학습포털(GSEEK),인접(리더십/조직),기타·인사총무,,조직의 생존과 지속적인 성장을 위한 핵심인재 역량향상 과정! 경영환경이 급변할수록 조직의 성과관리를 위한 전략적 핵심인재 육성이 필요합니다. 본 과정은 핵심인재의 Personal Skill 향상과 Work Sk,,,,중급/실무,0.0,https://www.gseek.kr/user/course/online/view?s_sbjct_sn=57923,2026-09-30T00:00:00Z,REVIEW_NEEDED,REVIEW_NEEDED,"리더십/조직문화/소통 강좌로, 인사(HRD) 부서 적용 범위 추가 검토 요망"
GSEEK,SQLITE_DB,57931,1,SQL_GSEEK_57931,"DO IT 직장인 기본.zip : 비전 수립 및 과제 해결, 당신의 잠재력을 깨워라",경기도평생학습포털(GSEEK),인접(일반사무),기타·인사총무,,"비전 중심의 목표 설정 및 동기부여 이 과정은 조직과 개인이 명확한 비전을 설정하고, 이를 바탕으로 실현 가능한 목표를 수립할 수 있도록 돕습니다. 실제 글로벌 기업의 사례를 통해 비전이 조직 문화와 성과에",,,,중급/실무,0.0,https://www.gseek.kr/user/course/online/view?s_sbjct_sn=57931,2026-09-30T00:00:00Z,REVIEW_NEEDED,REVIEW_NEEDED,과정명 맥락상 인사·총무와의 직접 연계성 추가 검토 필요
GSEEK,SQLITE_DB,57934,1,SQL_GSEEK_57934,DO IT 직장인 기본.zip : 회사에서 바로 통하는 보고서,경기도평생학습포털(GSEEK),인접(일반사무),공통·사무기획,,"실무 중심의 문서작성 및 보고서 구조 설계 역량 강화 명확하고 간결한 글쓰기, 논리적 구조 설계(피라미드·비교·시간순·서론-본론-결론 등), 목차 활용법 등 보고서·기획서·제안서 등 다양한 문서를 체계적으로 작",,,,중급/실무,0.0,https://www.gseek.kr/user/course/online/view?s_sbjct_sn=57934,2026-09-30T00:00:00Z,REVIEW_NEEDED,REVIEW_NEEDED,과정명 맥락상 인사·총무와의 직접 연계성 추가 검토 필요
GSEEK,SQLITE_DB,57944,1,SQL_GSEEK_57944,"신규입사자의 온보딩 과정, 워(Work).플(People).킹(Networking)",경기도평생학습포털(GSEEK),인사(HR),인사·채용관리,,"첫걸음을 내딛는 직장에서 적응이 막막하게 느껴진다면, 그 해답은 온보딩에 있습니다. 온보딩은 단순히 직장 생활에 익숙해지는 것을 넘어, 조직 문화를 이해하고 협업의 기초를 다질 수 있는 중요한 시작점입니다.",,,,중급/실무,0.0,https://www.gseek.kr/user/course/online/view?s_sbjct_sn=57944,2026-09-30T00:00:00Z,INCLUDED,VERIFIED,"GSEEK 직무교육 '신규입사자의 온보딩 과정, 워(Work).플(People).킹(Networking)'(인사·채용관리) 원문 실무 커리큘럼 부합"
GSEEK,SQLITE_DB,64494,1,SQL_GSEEK_64494,[온캠] 한번에 끝내는 사무자동화산업기사 필기(2026년도),경기도평생학습포털(GSEEK),인접(디지털사무),기타·인사총무,,한번에 끝내는 사무자동화산업기사는 시험 주관 기관에서 제시한 출제 기준 중 핵심 내용을 중심으로 강의를 구성하여 개념을 확립하고 실전에 대한 자신감을 배양함으로써 빠르게 필기시험에 합격하는 것을 목표로 합니다.,,,,고급/전문,0.0,https://www.gseek.kr/user/course/online/view?s_sbjct_sn=64494,2026-09-30T00:00:00Z,REVIEW_NEEDED,REVIEW_NEEDED,"생성형 AI 및 엑셀 자동화 툴 강좌로, 사무행정 필수 직무 연계성 검토 요망"
GSEEK,SQLITE_DB,64495,1,SQL_GSEEK_64495,[온캠] 한번에 끝내는 사무자동화산업기사 실기(2026년도),경기도평생학습포털(GSEEK),인접(디지털사무),기타·인사총무,,한번에 끝내는 사무자동화산업기사는 시험 주관 기관에서 제시한 출제 기준 중 핵심 내용을 중심으로 강의를 구성하여 개념을 확립하고 실전에 대한 자신감을 배양함으로써 빠르게 실기시험에 합격하는 것을 목표로 합니다.,,,,고급/전문,0.0,https://www.gseek.kr/user/course/online/view?s_sbjct_sn=64495,2026-09-30T00:00:00Z,REVIEW_NEEDED,REVIEW_NEEDED,"생성형 AI 및 엑셀 자동화 툴 강좌로, 사무행정 필수 직무 연계성 검토 요망"
HUNET,SQLITE_DB,Y00405809,1,SQL_HUNET_Y00405809,[포사이트 코리아 2027] 조직인사·리더십,휴넷,인접(리더십/조직),인사·조직관리,,,,,,중급/실무,,https://hbs.hunet.co.kr/Education/Detail?gid=Y00405809,2026-09-30T00:00:00Z,REVIEW_NEEDED,REVIEW_NEEDED,"리더십/조직문화/소통 강좌로, 인사(HRD) 부서 적용 범위 추가 검토 요망"
HUNET,SQLITE_DB,Y00398769,1,SQL_HUNET_Y00398769,[북러닝] 전략의 문장들(도서 제공),휴넷,인접(일반사무),공통·사무기획,,,,,,중급/실무,,https://hbs.hunet.co.kr/Education/Detail?gid=Y00398769,2026-09-30T00:00:00Z,REVIEW_NEEDED,REVIEW_NEEDED,과정명 맥락상 인사·총무와의 직접 연계성 추가 검토 필요
HUNET,SQLITE_DB,Y00394865,1,SQL_HUNET_Y00394865,성과와 신뢰를 만드는 신임리더 온보딩,휴넷,인사(HR),인사·채용관리,,,,,,중급/실무,,https://hbs.hunet.co.kr/Education/Detail?gid=Y00394865,2026-09-30T00:00:00Z,INCLUDED,VERIFIED,HUNET 직무교육 '성과와 신뢰를 만드는 신임리더 온보딩'(인사·채용관리) 원문 실무 커리큘럼 부합
HUNET,SQLITE_DB,Y00391506,1,SQL_HUNET_Y00391506,"AI로 조사하고, AI로 작성하는 하루 만에 끝내는 보고서 작성법",휴넷,총무·사무행정,공통·사무기획,,,,,,중급/실무,,https://hbs.hunet.co.kr/Education/Detail?gid=Y00391506,2026-09-30T00:00:00Z,INCLUDED,VERIFIED,"HUNET 직무교육 'AI로 조사하고, AI로 작성하는 하루 만에 끝내는 보고서 작성법'(공통·사무기획) 원문 실무 커리큘럼 부합"
HUNET,SQLITE_DB,Y00386275,1,SQL_HUNET_Y00386275,[일머리스쿨] AI로 완성하는 일잘러의 보고서,휴넷,인접(일반사무),공통·사무기획,,,,,,중급/실무,,https://hbs.hunet.co.kr/Education/Detail?gid=Y00386275,2026-09-30T00:00:00Z,REVIEW_NEEDED,REVIEW_NEEDED,과정명 맥락상 인사·총무와의 직접 연계성 추가 검토 필요
HUNET,SQLITE_DB,Y00386285,1,SQL_HUNET_Y00386285,이게 진짜 기준! 직장인 노동법 팩트 체크,휴넷,인사(HR),노무관리,,,,,,중급/실무,,https://hbs.hunet.co.kr/Education/Detail?gid=Y00386285,2026-09-30T00:00:00Z,INCLUDED,VERIFIED,HUNET 직무교육 '이게 진짜 기준! 직장인 노동법 팩트 체크'(노무관리) 원문 실무 커리큘럼 부합
HUNET,SQLITE_DB,Y00386302,1,SQL_HUNET_Y00386302,"제조 데이터 정리부터 보고서 작성까지, Claude 업무 비서 만들기",휴넷,비관련(타분야),비서·사무지원,,,,,,중급/실무,,https://hbs.hunet.co.kr/Education/Detail?gid=Y00386302,2026-09-30T00:00:00Z,EXCLUDED,UNSUPPORTED,"IT개발/어학/제조/개인재테크 등 비관련 전문 분야로 판정 (매칭: 제조 데이터 정리부터 보고서 작성까지, Claude 업무 비서 만들기)"
HUNET,SQLITE_DB,Y00386304,1,SQL_HUNET_Y00386304,글 잘 쓰는 AI Agent 만들기 : 비즈니스 문서 편,휴넷,인접(일반사무),공통·사무기획,,,,,,중급/실무,,https://hbs.hunet.co.kr/Education/Detail?gid=Y00386304,2026-09-30T00:00:00Z,REVIEW_NEEDED,REVIEW_NEEDED,과정명 맥락상 인사·총무와의 직접 연계성 추가 검토 필요
HUNET,SQLITE_DB,Y00381740,1,SQL_HUNET_Y00381740,[HRethink] 데이터가 흐르는 Digital HR,휴넷,인사·총무공통,인사·조직관리,,,,,,중급/실무,,https://hbs.hunet.co.kr/Education/Detail?gid=Y00381740,2026-09-30T00:00:00Z,INCLUDED,VERIFIED,HUNET 직무교육 '[HRethink] 데이터가 흐르는 Digital HR'(인사·조직관리) 원문 실무 커리큘럼 부합
HUNET,SQLITE_DB,Y00381743,1,SQL_HUNET_Y00381743,"[일잘러의 3종 스킬] 기획력, 문서작성력, 보고법",휴넷,총무·사무행정,공통·사무기획,,,,,,중급/실무,,https://hbs.hunet.co.kr/Education/Detail?gid=Y00381743,2026-09-30T00:00:00Z,INCLUDED,VERIFIED,"HUNET 직무교육 '[일잘러의 3종 스킬] 기획력, 문서작성력, 보고법'(공통·사무기획) 원문 실무 커리큘럼 부합"
HUNET,SQLITE_DB,Y00381719,1,SQL_HUNET_Y00381719,조직의 변화를 이끄는 사내강사의 모든 것,휴넷,인접(일반사무),인사·조직관리,,,,,,중급/실무,,https://hbs.hunet.co.kr/Education/Detail?gid=Y00381719,2026-09-30T00:00:00Z,REVIEW_NEEDED,REVIEW_NEEDED,과정명 맥락상 인사·총무와의 직접 연계성 추가 검토 필요
HUNET,SQLITE_DB,Y00379350,1,SQL_HUNET_Y00379350,"읽히는 문서는 다르다, AI로 업그레이드하는 문서 작성",휴넷,인접(일반사무),공통·사무기획,,,,,,중급/실무,,https://hbs.hunet.co.kr/Education/Detail?gid=Y00379350,2026-09-30T00:00:00Z,REVIEW_NEEDED,REVIEW_NEEDED,과정명 맥락상 인사·총무와의 직접 연계성 추가 검토 필요
HUNET,SQLITE_DB,Y00370512,1,SQL_HUNET_Y00370512,2026 안전보건교육 일용 및 초단기 기간제근로자(채용 시_보건업),휴넷,인사(HR),인사·채용관리,,,,,,중급/실무,,https://hbs.hunet.co.kr/Education/Detail?gid=Y00370512,2026-09-30T00:00:00Z,INCLUDED,VERIFIED,HUNET 직무교육 '2026 안전보건교육 일용 및 초단기 기간제근로자(채용 시_보건업)'(인사·채용관리) 원문 실무 커리큘럼 부합
HUNET,SQLITE_DB,Y00370513,1,SQL_HUNET_Y00370513,2026 안전보건교육 일용 및 초단기 기간제근로자(채용 시_기타사업),휴넷,인사(HR),인사·채용관리,,,,,,중급/실무,,https://hbs.hunet.co.kr/Education/Detail?gid=Y00370513,2026-09-30T00:00:00Z,INCLUDED,VERIFIED,HUNET 직무교육 '2026 안전보건교육 일용 및 초단기 기간제근로자(채용 시_기타사업)'(인사·채용관리) 원문 실무 커리큘럼 부합
HUNET,SQLITE_DB,Y00370514,1,SQL_HUNET_Y00370514,2026 안전보건교육 일용 및 초단기 기간제근로자(채용 시_금융업),휴넷,인사(HR),인사·채용관리,,,,,,중급/실무,,https://hbs.hunet.co.kr/Education/Detail?gid=Y00370514,2026-09-30T00:00:00Z,INCLUDED,VERIFIED,HUNET 직무교육 '2026 안전보건교육 일용 및 초단기 기간제근로자(채용 시_금융업)'(인사·채용관리) 원문 실무 커리큘럼 부합
HUNET,SQLITE_DB,Y00370515,1,SQL_HUNET_Y00370515,2026 안전보건교육 일용 및 초단기 기간제근로자(채용 시_건설업),휴넷,인사(HR),인사·채용관리,,,,,,중급/실무,,https://hbs.hunet.co.kr/Education/Detail?gid=Y00370515,2026-09-30T00:00:00Z,INCLUDED,VERIFIED,HUNET 직무교육 '2026 안전보건교육 일용 및 초단기 기간제근로자(채용 시_건설업)'(인사·채용관리) 원문 실무 커리큘럼 부합
HUNET,SQLITE_DB,Y00370516,1,SQL_HUNET_Y00370516,2026 안전보건교육 일반근로자(채용 시_제조업),휴넷,인사(HR),인사·채용관리,,,,,,중급/실무,,https://hbs.hunet.co.kr/Education/Detail?gid=Y00370516,2026-09-30T00:00:00Z,INCLUDED,VERIFIED,HUNET 직무교육 '2026 안전보건교육 일반근로자(채용 시_제조업)'(인사·채용관리) 원문 실무 커리큘럼 부합
HUNET,SQLITE_DB,Y00370517,1,SQL_HUNET_Y00370517,2026 안전보건교육 일반근로자(채용 시_유통업),휴넷,인사(HR),인사·채용관리,,,,,,중급/실무,,https://hbs.hunet.co.kr/Education/Detail?gid=Y00370517,2026-09-30T00:00:00Z,INCLUDED,VERIFIED,HUNET 직무교육 '2026 안전보건교육 일반근로자(채용 시_유통업)'(인사·채용관리) 원문 실무 커리큘럼 부합
HUNET,SQLITE_DB,Y00370518,1,SQL_HUNET_Y00370518,2026 안전보건교육 일반근로자(채용 시_서비스업),휴넷,인사(HR),인사·채용관리,,,,,,중급/실무,,https://hbs.hunet.co.kr/Education/Detail?gid=Y00370518,2026-09-30T00:00:00Z,INCLUDED,VERIFIED,HUNET 직무교육 '2026 안전보건교육 일반근로자(채용 시_서비스업)'(인사·채용관리) 원문 실무 커리큘럼 부합
HUNET,SQLITE_DB,Y00370519,1,SQL_HUNET_Y00370519,2026 안전보건교육 일반근로자(채용 시_보건업),휴넷,인사(HR),인사·채용관리,,,,,,중급/실무,,https://hbs.hunet.co.kr/Education/Detail?gid=Y00370519,2026-09-30T00:00:00Z,INCLUDED,VERIFIED,HUNET 직무교육 '2026 안전보건교육 일반근로자(채용 시_보건업)'(인사·채용관리) 원문 실무 커리큘럼 부합
HUNET,SQLITE_DB,Y00370520,1,SQL_HUNET_Y00370520,2026 안전보건교육 일반근로자(채용 시_기타사업),휴넷,인사(HR),인사·채용관리,,,,,,중급/실무,,https://hbs.hunet.co.kr/Education/Detail?gid=Y00370520,2026-09-30T00:00:00Z,INCLUDED,VERIFIED,HUNET 직무교육 '2026 안전보건교육 일반근로자(채용 시_기타사업)'(인사·채용관리) 원문 실무 커리큘럼 부합
HUNET,SQLITE_DB,Y00370521,1,SQL_HUNET_Y00370521,2026 안전보건교육 일반근로자(채용 시_금융업),휴넷,인사(HR),인사·채용관리,,,,,,중급/실무,,https://hbs.hunet.co.kr/Education/Detail?gid=Y00370521,2026-09-30T00:00:00Z,INCLUDED,VERIFIED,HUNET 직무교육 '2026 안전보건교육 일반근로자(채용 시_금융업)'(인사·채용관리) 원문 실무 커리큘럼 부합
HUNET,SQLITE_DB,Y00370522,1,SQL_HUNET_Y00370522,2026 안전보건교육 일반근로자(채용 시_건설업),휴넷,인사(HR),인사·채용관리,,,,,,중급/실무,,https://hbs.hunet.co.kr/Education/Detail?gid=Y00370522,2026-09-30T00:00:00Z,INCLUDED,VERIFIED,HUNET 직무교육 '2026 안전보건교육 일반근로자(채용 시_건설업)'(인사·채용관리) 원문 실무 커리큘럼 부합
HUNET,SQLITE_DB,Y00370555,1,SQL_HUNET_Y00370555,2026 안전보건교육 기간제근로자(채용 시_금융업),휴넷,인사(HR),인사·채용관리,,,,,,중급/실무,,https://hbs.hunet.co.kr/Education/Detail?gid=Y00370555,2026-09-30T00:00:00Z,INCLUDED,VERIFIED,HUNET 직무교육 '2026 안전보건교육 기간제근로자(채용 시_금융업)'(인사·채용관리) 원문 실무 커리큘럼 부합
HUNET,SQLITE_DB,Y00370556,1,SQL_HUNET_Y00370556,2026 안전보건교육 기간제근로자(채용 시_건설업),휴넷,인사(HR),인사·채용관리,,,,,,중급/실무,,https://hbs.hunet.co.kr/Education/Detail?gid=Y00370556,2026-09-30T00:00:00Z,INCLUDED,VERIFIED,HUNET 직무교육 '2026 안전보건교육 기간제근로자(채용 시_건설업)'(인사·채용관리) 원문 실무 커리큘럼 부합
HUNET,SQLITE_DB,Y00370477,1,SQL_HUNET_Y00370477,2026 안전보건교육(관리감독자_채용 시_제조업),휴넷,인사(HR),인사·채용관리,,,,,,중급/실무,,https://hbs.hunet.co.kr/Education/Detail?gid=Y00370477,2026-09-30T00:00:00Z,INCLUDED,VERIFIED,HUNET 직무교육 '2026 안전보건교육(관리감독자_채용 시_제조업)'(인사·채용관리) 원문 실무 커리큘럼 부합
HUNET,SQLITE_DB,Y00370478,1,SQL_HUNET_Y00370478,2026 안전보건교육(관리감독자_채용 시_유통업),휴넷,인사(HR),인사·채용관리,,,,,,중급/실무,,https://hbs.hunet.co.kr/Education/Detail?gid=Y00370478,2026-09-30T00:00:00Z,INCLUDED,VERIFIED,HUNET 직무교육 '2026 안전보건교육(관리감독자_채용 시_유통업)'(인사·채용관리) 원문 실무 커리큘럼 부합
HUNET,SQLITE_DB,Y00370479,1,SQL_HUNET_Y00370479,2026 안전보건교육(관리감독자_채용 시_서비스업),휴넷,인사(HR),인사·채용관리,,,,,,중급/실무,,https://hbs.hunet.co.kr/Education/Detail?gid=Y00370479,2026-09-30T00:00:00Z,INCLUDED,VERIFIED,HUNET 직무교육 '2026 안전보건교육(관리감독자_채용 시_서비스업)'(인사·채용관리) 원문 실무 커리큘럼 부합
HUNET,SQLITE_DB,Y00370480,1,SQL_HUNET_Y00370480,2026 안전보건교육(관리감독자_채용 시_보건업),휴넷,인사(HR),인사·채용관리,,,,,,중급/실무,,https://hbs.hunet.co.kr/Education/Detail?gid=Y00370480,2026-09-30T00:00:00Z,INCLUDED,VERIFIED,HUNET 직무교육 '2026 안전보건교육(관리감독자_채용 시_보건업)'(인사·채용관리) 원문 실무 커리큘럼 부합
HUNET,SQLITE_DB,Y00370481,1,SQL_HUNET_Y00370481,2026 안전보건교육(관리감독자_채용 시_기타사업),휴넷,인사(HR),인사·채용관리,,,,,,중급/실무,,https://hbs.hunet.co.kr/Education/Detail?gid=Y00370481,2026-09-30T00:00:00Z,INCLUDED,VERIFIED,HUNET 직무교육 '2026 안전보건교육(관리감독자_채용 시_기타사업)'(인사·채용관리) 원문 실무 커리큘럼 부합
HUNET,SQLITE_DB,Y00370482,1,SQL_HUNET_Y00370482,2026 안전보건교육(관리감독자_채용 시_금융업),휴넷,인사(HR),인사·채용관리,,,,,,중급/실무,,https://hbs.hunet.co.kr/Education/Detail?gid=Y00370482,2026-09-30T00:00:00Z,INCLUDED,VERIFIED,HUNET 직무교육 '2026 안전보건교육(관리감독자_채용 시_금융업)'(인사·채용관리) 원문 실무 커리큘럼 부합
HUNET,SQLITE_DB,Y00370483,1,SQL_HUNET_Y00370483,2026 안전보건교육(관리감독자_채용 시_건설업),휴넷,인사(HR),인사·채용관리,,,,,,중급/실무,,https://hbs.hunet.co.kr/Education/Detail?gid=Y00370483,2026-09-30T00:00:00Z,INCLUDED,VERIFIED,HUNET 직무교육 '2026 안전보건교육(관리감독자_채용 시_건설업)'(인사·채용관리) 원문 실무 커리큘럼 부합
HUNET,SQLITE_DB,Y00370509,1,SQL_HUNET_Y00370509,2026 안전보건교육 일용 및 초단기 기간제근로자(채용 시_제조업),휴넷,인사(HR),인사·채용관리,,,,,,중급/실무,,https://hbs.hunet.co.kr/Education/Detail?gid=Y00370509,2026-09-30T00:00:00Z,INCLUDED,VERIFIED,HUNET 직무교육 '2026 안전보건교육 일용 및 초단기 기간제근로자(채용 시_제조업)'(인사·채용관리) 원문 실무 커리큘럼 부합
HUNET,SQLITE_DB,Y00370510,1,SQL_HUNET_Y00370510,2026 안전보건교육 일용 및 초단기 기간제근로자(채용 시_유통업),휴넷,인사(HR),인사·채용관리,,,,,,중급/실무,,https://hbs.hunet.co.kr/Education/Detail?gid=Y00370510,2026-09-30T00:00:00Z,INCLUDED,VERIFIED,HUNET 직무교육 '2026 안전보건교육 일용 및 초단기 기간제근로자(채용 시_유통업)'(인사·채용관리) 원문 실무 커리큘럼 부합
HUNET,SQLITE_DB,Y00370511,1,SQL_HUNET_Y00370511,2026 안전보건교육 일용 및 초단기 기간제근로자(채용 시_서비스업),휴넷,인사(HR),인사·채용관리,,,,,,중급/실무,,https://hbs.hunet.co.kr/Education/Detail?gid=Y00370511,2026-09-30T00:00:00Z,INCLUDED,VERIFIED,HUNET 직무교육 '2026 안전보건교육 일용 및 초단기 기간제근로자(채용 시_서비스업)'(인사·채용관리) 원문 실무 커리큘럼 부합
HUNET,SQLITE_DB,Y00370550,1,SQL_HUNET_Y00370550,2026 안전보건교육 기간제근로자(채용 시_제조업),휴넷,인사(HR),인사·채용관리,,,,,,중급/실무,,https://hbs.hunet.co.kr/Education/Detail?gid=Y00370550,2026-09-30T00:00:00Z,INCLUDED,VERIFIED,HUNET 직무교육 '2026 안전보건교육 기간제근로자(채용 시_제조업)'(인사·채용관리) 원문 실무 커리큘럼 부합
HUNET,SQLITE_DB,Y00370551,1,SQL_HUNET_Y00370551,2026 안전보건교육 기간제근로자(채용 시_유통업),휴넷,인사(HR),인사·채용관리,,,,,,중급/실무,,https://hbs.hunet.co.kr/Education/Detail?gid=Y00370551,2026-09-30T00:00:00Z,INCLUDED,VERIFIED,HUNET 직무교육 '2026 안전보건교육 기간제근로자(채용 시_유통업)'(인사·채용관리) 원문 실무 커리큘럼 부합
HUNET,SQLITE_DB,Y00370552,1,SQL_HUNET_Y00370552,2026 안전보건교육 기간제근로자(채용 시_서비스업),휴넷,인사(HR),인사·채용관리,,,,,,중급/실무,,https://hbs.hunet.co.kr/Education/Detail?gid=Y00370552,2026-09-30T00:00:00Z,INCLUDED,VERIFIED,HUNET 직무교육 '2026 안전보건교육 기간제근로자(채용 시_서비스업)'(인사·채용관리) 원문 실무 커리큘럼 부합
HUNET,SQLITE_DB,Y00370553,1,SQL_HUNET_Y00370553,2026 안전보건교육 기간제근로자(채용 시_보건업),휴넷,인사(HR),인사·채용관리,,,,,,중급/실무,,https://hbs.hunet.co.kr/Education/Detail?gid=Y00370553,2026-09-30T00:00:00Z,INCLUDED,VERIFIED,HUNET 직무교육 '2026 안전보건교육 기간제근로자(채용 시_보건업)'(인사·채용관리) 원문 실무 커리큘럼 부합
HUNET,SQLITE_DB,Y00370554,1,SQL_HUNET_Y00370554,2026 안전보건교육 기간제근로자(채용 시_기타사업),휴넷,인사(HR),인사·채용관리,,,,,,중급/실무,,https://hbs.hunet.co.kr/Education/Detail?gid=Y00370554,2026-09-30T00:00:00Z,INCLUDED,VERIFIED,HUNET 직무교육 '2026 안전보건교육 기간제근로자(채용 시_기타사업)'(인사·채용관리) 원문 실무 커리큘럼 부합
HUNET,SQLITE_DB,Y00369601,1,SQL_HUNET_Y00369601,[HRethink] 돌파하는 기업을 만드는 HR의 미래,휴넷,인접(일반사무),인사·조직관리,,,,,,중급/실무,,https://hbs.hunet.co.kr/Education/Detail?gid=Y00369601,2026-09-30T00:00:00Z,REVIEW_NEEDED,REVIEW_NEEDED,과정명 맥락상 인사·총무와의 직접 연계성 추가 검토 필요
HUNET,SQLITE_DB,Y00369594,1,SQL_HUNET_Y00369594,"지금 당장 DEI, 새로운 조직문화가 온다",휴넷,인접(리더십/조직),인사·조직관리,,,,,,중급/실무,,https://hbs.hunet.co.kr/Education/Detail?gid=Y00369594,2026-09-30T00:00:00Z,REVIEW_NEEDED,REVIEW_NEEDED,"리더십/조직문화/소통 강좌로, 인사(HRD) 부서 적용 범위 추가 검토 요망"
HUNET,SQLITE_DB,Y00369144,1,SQL_HUNET_Y00369144,[보고의 신] AI로 레벨업하는 문서 작성 스킬,휴넷,인접(일반사무),공통·사무기획,,,,,,중급/실무,,https://hbs.hunet.co.kr/Education/Detail?gid=Y00369144,2026-09-30T00:00:00Z,REVIEW_NEEDED,REVIEW_NEEDED,과정명 맥락상 인사·총무와의 직접 연계성 추가 검토 필요
HUNET,SQLITE_DB,Y00369136,1,SQL_HUNET_Y00369136,"HR, AI가 트렌드다 : 채용부터 퇴사까지",휴넷,인사(HR),인사·채용관리,,,,,,중급/실무,,https://hbs.hunet.co.kr/Education/Detail?gid=Y00369136,2026-09-30T00:00:00Z,INCLUDED,VERIFIED,"HUNET 직무교육 'HR, AI가 트렌드다 : 채용부터 퇴사까지'(인사·채용관리) 원문 실무 커리큘럼 부합"
HUNET,SQLITE_DB,Y00368765,1,SQL_HUNET_Y00368765,[포사이트 코리아 2026] 조직인사·리더십,휴넷,인접(리더십/조직),인사·조직관리,,,,,,중급/실무,,https://hbs.hunet.co.kr/Education/Detail?gid=Y00368765,2026-09-30T00:00:00Z,REVIEW_NEEDED,REVIEW_NEEDED,"리더십/조직문화/소통 강좌로, 인사(HRD) 부서 적용 범위 추가 검토 요망"
HUNET,SQLITE_DB,Y00368154,1,SQL_HUNET_Y00368154,일잘러를 위한 AI 활용 공공기관 문서 작성 한 번에 끝내기,휴넷,인접(일반사무),공통·사무기획,,,,,,중급/실무,,https://hbs.hunet.co.kr/Education/Detail?gid=Y00368154,2026-09-30T00:00:00Z,REVIEW_NEEDED,REVIEW_NEEDED,과정명 맥락상 인사·총무와의 직접 연계성 추가 검토 필요
HUNET,SQLITE_DB,Y00367788,1,SQL_HUNET_Y00367788,ChatGPT가 다 해주는 요즘 보고서 작성법,휴넷,총무·사무행정,공통·사무기획,,,,,,중급/실무,,https://hbs.hunet.co.kr/Education/Detail?gid=Y00367788,2026-09-30T00:00:00Z,INCLUDED,VERIFIED,HUNET 직무교육 'ChatGPT가 다 해주는 요즘 보고서 작성법'(공통·사무기획) 원문 실무 커리큘럼 부합
HUNET,SQLITE_DB,Y00355387,1,SQL_HUNET_Y00355387,[북러닝] 서울대 MBA 구루에게 듣는 인적자원 이야기(도서 제공),휴넷,인접(일반사무),인사·조직관리,,,,,,중급/실무,,https://hbs.hunet.co.kr/Education/Detail?gid=Y00355387,2026-09-30T00:00:00Z,REVIEW_NEEDED,REVIEW_NEEDED,과정명 맥락상 인사·총무와의 직접 연계성 추가 검토 필요
HUNET,SQLITE_DB,Y00355355,1,SQL_HUNET_Y00355355,누구나 알아야 할 인공지능기본법,휴넷,인접(일반사무),인사·조직관리,,,,,,중급/실무,,https://hbs.hunet.co.kr/Education/Detail?gid=Y00355355,2026-09-30T00:00:00Z,REVIEW_NEEDED,REVIEW_NEEDED,과정명 맥락상 인사·총무와의 직접 연계성 추가 검토 필요
HUNET,SQLITE_DB,Y00355356,1,SQL_HUNET_Y00355356,누구나 알아야 할 디지털포용법,휴넷,인접(일반사무),인사·조직관리,,,,,,중급/실무,,https://hbs.hunet.co.kr/Education/Detail?gid=Y00355356,2026-09-30T00:00:00Z,REVIEW_NEEDED,REVIEW_NEEDED,과정명 맥락상 인사·총무와의 직접 연계성 추가 검토 필요
HUNET,SQLITE_DB,Y00355357,1,SQL_HUNET_Y00355357,누구나 알아야 할 데이터기반행정법,휴넷,인접(일반사무),인사·조직관리,,,,,,중급/실무,,https://hbs.hunet.co.kr/Education/Detail?gid=Y00355357,2026-09-30T00:00:00Z,REVIEW_NEEDED,REVIEW_NEEDED,과정명 맥락상 인사·총무와의 직접 연계성 추가 검토 필요
HUNET,SQLITE_DB,Y00355349,1,SQL_HUNET_Y00355349,리더 생존 보고서 : 한 끗이 다른 데이터 시각화,휴넷,인접(리더십/조직),공통·사무기획,,,,,,중급/실무,,https://hbs.hunet.co.kr/Education/Detail?gid=Y00355349,2026-09-30T00:00:00Z,REVIEW_NEEDED,REVIEW_NEEDED,"리더십/조직문화/소통 강좌로, 인사(HRD) 부서 적용 범위 추가 검토 요망"
HUNET,SQLITE_DB,Y00355350,1,SQL_HUNET_Y00355350,퇴사율 0% 전설의 팀장이 되기 위한 조직문화 설계법,휴넷,인접(리더십/조직),인사·조직관리,,,,,,중급/실무,,https://hbs.hunet.co.kr/Education/Detail?gid=Y00355350,2026-09-30T00:00:00Z,REVIEW_NEEDED,REVIEW_NEEDED,"리더십/조직문화/소통 강좌로, 인사(HRD) 부서 적용 범위 추가 검토 요망"
HUNET,SQLITE_DB,Y00354972,1,SQL_HUNET_Y00354972,[북러닝] 회사에서 바로 쓰는 AI 치트키(도서 제공),휴넷,인접(일반사무),공통·사무기획,,,,,,중급/실무,,https://hbs.hunet.co.kr/Education/Detail?gid=Y00354972,2026-09-30T00:00:00Z,REVIEW_NEEDED,REVIEW_NEEDED,과정명 맥락상 인사·총무와의 직접 연계성 추가 검토 필요
HUNET,SQLITE_DB,Y00354154,1,SQL_HUNET_Y00354154,[팀장리더십] 탁월한 팀장의 조건 - 성과관리,휴넷,인사(HR),인사·평가보상,,,,,,중급/실무,,https://hbs.hunet.co.kr/Education/Detail?gid=Y00354154,2026-09-30T00:00:00Z,INCLUDED,VERIFIED,HUNET 직무교육 '[팀장리더십] 탁월한 팀장의 조건 - 성과관리'(인사·평가보상) 원문 실무 커리큘럼 부합
HUNET,SQLITE_DB,Y00351356,1,SQL_HUNET_Y00351356,ChatGPT는 그만! 다양한 AI Tool을 활용한 데이터 시각화,휴넷,인접(일반사무),공통·사무기획,,,,,,중급/실무,,https://hbs.hunet.co.kr/Education/Detail?gid=Y00351356,2026-09-30T00:00:00Z,REVIEW_NEEDED,REVIEW_NEEDED,과정명 맥락상 인사·총무와의 직접 연계성 추가 검토 필요
HUNET,SQLITE_DB,Y00341266,1,SQL_HUNET_Y00341266,"전사원 필수 역량, 비즈니스 계약 실무",휴넷,인접(일반사무),인사·조직관리,,,,,,중급/실무,,https://hbs.hunet.co.kr/Education/Detail?gid=Y00341266,2026-09-30T00:00:00Z,REVIEW_NEEDED,REVIEW_NEEDED,과정명 맥락상 인사·총무와의 직접 연계성 추가 검토 필요
HUNET,SQLITE_DB,Y00340785,1,SQL_HUNET_Y00340785,내 손 안의 AI 비서 : ChatGPT 모바일 활용 꿀팁 모음ZIP,휴넷,인접(일반사무),비서·사무지원,,,,,,입문/초급,,https://hbs.hunet.co.kr/Education/Detail?gid=Y00340785,2026-09-30T00:00:00Z,REVIEW_NEEDED,REVIEW_NEEDED,과정명 맥락상 인사·총무와의 직접 연계성 추가 검토 필요
HUNET,SQLITE_DB,Y00340362,1,SQL_HUNET_Y00340362,[북러닝] 일잘러의 무기가 되는 최소한의 실무 엑셀(도서 제공),휴넷,인접(일반사무),공통·사무기획,,,,,,중급/실무,,https://hbs.hunet.co.kr/Education/Detail?gid=Y00340362,2026-09-30T00:00:00Z,REVIEW_NEEDED,REVIEW_NEEDED,과정명 맥락상 인사·총무와의 직접 연계성 추가 검토 필요
HUNET,SQLITE_DB,Y00337189,1,SQL_HUNET_Y00337189,[온보딩저니] 경력사원 과정,휴넷,인사(HR),인사·채용관리,,,,,,중급/실무,,https://hbs.hunet.co.kr/Education/Detail?gid=Y00337189,2026-09-30T00:00:00Z,INCLUDED,VERIFIED,HUNET 직무교육 '[온보딩저니] 경력사원 과정'(인사·채용관리) 원문 실무 커리큘럼 부합
HUNET,SQLITE_DB,Y00336707,1,SQL_HUNET_Y00336707,"팀원과 상사 사이, 진짜 리더가 되는 스킬",휴넷,인접(리더십/조직),인사·평가보상,,,,,,중급/실무,,https://hbs.hunet.co.kr/Education/Detail?gid=Y00336707,2026-09-30T00:00:00Z,REVIEW_NEEDED,REVIEW_NEEDED,"리더십/조직문화/소통 강좌로, 인사(HRD) 부서 적용 범위 추가 검토 요망"
HUNET,SQLITE_DB,Y00336706,1,SQL_HUNET_Y00336706,[리더의 착각] 리더는 왜 잘못된 의사결정을 할까,휴넷,인접(리더십/조직),인사·평가보상,,,,,,중급/실무,,https://hbs.hunet.co.kr/Education/Detail?gid=Y00336706,2026-09-30T00:00:00Z,REVIEW_NEEDED,REVIEW_NEEDED,"리더십/조직문화/소통 강좌로, 인사(HRD) 부서 적용 범위 추가 검토 요망"
HUNET,SQLITE_DB,Y00334600,1,SQL_HUNET_Y00334600,HRBP로 커리어를 퀀텀점프 하라,휴넷,인접(일반사무),인사·조직관리,,,,,,중급/실무,,https://hbs.hunet.co.kr/Education/Detail?gid=Y00334600,2026-09-30T00:00:00Z,REVIEW_NEEDED,REVIEW_NEEDED,과정명 맥락상 인사·총무와의 직접 연계성 추가 검토 필요
HUNET,SQLITE_DB,Y00350958,1,SQL_HUNET_Y00350958,부장님은 내 기획서가 쓰레기라고 말했지,휴넷,총무·사무행정,공통·사무기획,,,,,,중급/실무,,https://hbs.hunet.co.kr/Education/Detail?gid=Y00350958,2026-09-30T00:00:00Z,INCLUDED,VERIFIED,HUNET 직무교육 '부장님은 내 기획서가 쓰레기라고 말했지'(공통·사무기획) 원문 실무 커리큘럼 부합
HUNET,SQLITE_DB,Y00350960,1,SQL_HUNET_Y00350960,[팀장리더십] 애자일 성과관리,휴넷,인사(HR),인사·평가보상,,,,,,중급/실무,,https://hbs.hunet.co.kr/Education/Detail?gid=Y00350960,2026-09-30T00:00:00Z,INCLUDED,VERIFIED,HUNET 직무교육 '[팀장리더십] 애자일 성과관리'(인사·평가보상) 원문 실무 커리큘럼 부합
HUNET,SQLITE_DB,Y00348312,1,SQL_HUNET_Y00348312,데이터를 한눈에! AI로 쉽고 빠르게 완성하는 데이터 시각화 (with 엑셀),휴넷,인접(일반사무),공통·사무기획,,,,,,중급/실무,,https://hbs.hunet.co.kr/Education/Detail?gid=Y00348312,2026-09-30T00:00:00Z,REVIEW_NEEDED,REVIEW_NEEDED,과정명 맥락상 인사·총무와의 직접 연계성 추가 검토 필요
HUNET,SQLITE_DB,Y00347021,1,SQL_HUNET_Y00347021,성과 창출을 이끄는 조직문화 전략,휴넷,인접(리더십/조직),인사·조직관리,,,,,,중급/실무,,https://hbs.hunet.co.kr/Education/Detail?gid=Y00347021,2026-09-30T00:00:00Z,REVIEW_NEEDED,REVIEW_NEEDED,"리더십/조직문화/소통 강좌로, 인사(HRD) 부서 적용 범위 추가 검토 요망"
HUNET,SQLITE_DB,Y00347025,1,SQL_HUNET_Y00347025,"리더십 4.0 시대, 일잘러의 IT 프로젝트 성과관리",휴넷,인사(HR),인사·평가보상,,,,,,중급/실무,,https://hbs.hunet.co.kr/Education/Detail?gid=Y00347025,2026-09-30T00:00:00Z,INCLUDED,VERIFIED,"HUNET 직무교육 '리더십 4.0 시대, 일잘러의 IT 프로젝트 성과관리'(인사·평가보상) 원문 실무 커리큘럼 부합"
HUNET,SQLITE_DB,Y00345649,1,SQL_HUNET_Y00345649,보고서의 품질을 높이는 AI 문서 작성 노하우,휴넷,인접(일반사무),공통·사무기획,,,,,,중급/실무,,https://hbs.hunet.co.kr/Education/Detail?gid=Y00345649,2026-09-30T00:00:00Z,REVIEW_NEEDED,REVIEW_NEEDED,과정명 맥락상 인사·총무와의 직접 연계성 추가 검토 필요
HUNET,SQLITE_DB,Y00334583,1,SQL_HUNET_Y00334583,"직장인 필수 AI 비서, MS Copilot",휴넷,인접(일반사무),비서·사무지원,,,,,,중급/실무,,https://hbs.hunet.co.kr/Education/Detail?gid=Y00334583,2026-09-30T00:00:00Z,REVIEW_NEEDED,REVIEW_NEEDED,과정명 맥락상 인사·총무와의 직접 연계성 추가 검토 필요
HUNET,SQLITE_DB,Y00333589,1,SQL_HUNET_Y00333589,핵심만 콕! 시설관리 및 자산관리,휴넷,인접(일반사무),총무·자산관리,,,,,,중급/실무,,https://hbs.hunet.co.kr/Education/Detail?gid=Y00333589,2026-09-30T00:00:00Z,REVIEW_NEEDED,REVIEW_NEEDED,과정명 맥락상 인사·총무와의 직접 연계성 추가 검토 필요
HUNET,SQLITE_DB,Y00320962,1,SQL_HUNET_Y00320962,"저성장 시대, 진화하는 HR 미래 전략",휴넷,인접(일반사무),노무관리,,,,,,중급/실무,,https://hbs.hunet.co.kr/Education/Detail?gid=Y00320962,2026-09-30T00:00:00Z,REVIEW_NEEDED,REVIEW_NEEDED,과정명 맥락상 인사·총무와의 직접 연계성 추가 검토 필요
HUNET,SQLITE_DB,Y00320939,1,SQL_HUNET_Y00320939,미래역량스쿨 Online (도서 포함),휴넷,인접(일반사무),인사·평가보상,,,,,,중급/실무,,https://hbs.hunet.co.kr/Education/Detail?gid=Y00320939,2026-09-30T00:00:00Z,REVIEW_NEEDED,REVIEW_NEEDED,과정명 맥락상 인사·총무와의 직접 연계성 추가 검토 필요
HUNET,SQLITE_DB,Y00320332,1,SQL_HUNET_Y00320332,[북러닝] 회사에서 바로 통하는 실무 엑셀 파워포인트 워드&한글(도서 제공),휴넷,인접(일반사무),공통·사무기획,,,,,,중급/실무,,https://hbs.hunet.co.kr/Education/Detail?gid=Y00320332,2026-09-30T00:00:00Z,REVIEW_NEEDED,REVIEW_NEEDED,과정명 맥락상 인사·총무와의 직접 연계성 추가 검토 필요
HUNET,SQLITE_DB,Y00319712,1,SQL_HUNET_Y00319712,미래역량스쿨 Online,휴넷,인접(일반사무),인사·평가보상,,,,,,중급/실무,,https://hbs.hunet.co.kr/Education/Detail?gid=Y00319712,2026-09-30T00:00:00Z,REVIEW_NEEDED,REVIEW_NEEDED,과정명 맥락상 인사·총무와의 직접 연계성 추가 검토 필요
HUNET,SQLITE_DB,Y00319690,1,SQL_HUNET_Y00319690,"평가에서 성과관리로, 프레임을 전환하라!",휴넷,인사(HR),인사·평가보상,,,,,,중급/실무,,https://hbs.hunet.co.kr/Education/Detail?gid=Y00319690,2026-09-30T00:00:00Z,INCLUDED,VERIFIED,"HUNET 직무교육 '평가에서 성과관리로, 프레임을 전환하라!'(인사·평가보상) 원문 실무 커리큘럼 부합"
HUNET,SQLITE_DB,Y00317665,1,SQL_HUNET_Y00317665,노무 담당자를 위한 커뮤니케이션 스킬,휴넷,인접(일반사무),노무관리,,,,,,중급/실무,,https://hbs.hunet.co.kr/Education/Detail?gid=Y00317665,2026-09-30T00:00:00Z,REVIEW_NEEDED,REVIEW_NEEDED,과정명 맥락상 인사·총무와의 직접 연계성 추가 검토 필요
HUNET,SQLITE_DB,Y00317653,1,SQL_HUNET_Y00317653,"Z세대가 온다, 세련되게 일하는 조직 문화 혁신",휴넷,인접(일반사무),인사·조직관리,,,,,,중급/실무,,https://hbs.hunet.co.kr/Education/Detail?gid=Y00317653,2026-09-30T00:00:00Z,REVIEW_NEEDED,REVIEW_NEEDED,과정명 맥락상 인사·총무와의 직접 연계성 추가 검토 필요
HUNET,SQLITE_DB,Y00317658,1,SQL_HUNET_Y00317658,"채용을 디자인하라, 기업에 FIT한 인재 확보 전략",휴넷,인사(HR),인사·채용관리,,,,,,중급/실무,,https://hbs.hunet.co.kr/Education/Detail?gid=Y00317658,2026-09-30T00:00:00Z,INCLUDED,VERIFIED,"HUNET 직무교육 '채용을 디자인하라, 기업에 FIT한 인재 확보 전략'(인사·채용관리) 원문 실무 커리큘럼 부합"
HUNET,SQLITE_DB,Y00317659,1,SQL_HUNET_Y00317659,"엔지니어 채용의 모든 것, 테크 리크루팅 A TO Z",휴넷,인사(HR),인사·채용관리,,,,,,중급/실무,,https://hbs.hunet.co.kr/Education/Detail?gid=Y00317659,2026-09-30T00:00:00Z,INCLUDED,VERIFIED,"HUNET 직무교육 '엔지니어 채용의 모든 것, 테크 리크루팅 A TO Z'(인사·채용관리) 원문 실무 커리큘럼 부합"
HUNET,SQLITE_DB,Y00316399,1,SQL_HUNET_Y00316399,실무 꿀 tip! 총무 업무 지침서,휴넷,인접(일반사무),인사·조직관리,,,,,,중급/실무,,https://hbs.hunet.co.kr/Education/Detail?gid=Y00316399,2026-09-30T00:00:00Z,REVIEW_NEEDED,REVIEW_NEEDED,과정명 맥락상 인사·총무와의 직접 연계성 추가 검토 필요
HUNET,SQLITE_DB,Y00316403,1,SQL_HUNET_Y00316403,수평적인 조직문화를 통한 효과적인 조직관리,휴넷,인접(리더십/조직),인사·조직관리,,,,,,중급/실무,,https://hbs.hunet.co.kr/Education/Detail?gid=Y00316403,2026-09-30T00:00:00Z,REVIEW_NEEDED,REVIEW_NEEDED,"리더십/조직문화/소통 강좌로, 인사(HRD) 부서 적용 범위 추가 검토 요망"
HUNET,SQLITE_DB,Y00315539,1,SQL_HUNET_Y00315539,L&D 마스터스쿨 Online,휴넷,인접(일반사무),인사·조직관리,,,,,,중급/실무,,https://hbs.hunet.co.kr/Education/Detail?gid=Y00315539,2026-09-30T00:00:00Z,REVIEW_NEEDED,REVIEW_NEEDED,과정명 맥락상 인사·총무와의 직접 연계성 추가 검토 필요
HUNET,SQLITE_DB,Y00314873,1,SQL_HUNET_Y00314873,[L&D Specialist] 역량부터 스킬까지! L&D를 디자인하다,휴넷,인접(일반사무),인사·조직관리,,,,,,중급/실무,,https://hbs.hunet.co.kr/Education/Detail?gid=Y00314873,2026-09-30T00:00:00Z,REVIEW_NEEDED,REVIEW_NEEDED,과정명 맥락상 인사·총무와의 직접 연계성 추가 검토 필요
HUNET,SQLITE_DB,Y00314872,1,SQL_HUNET_Y00314872,[LXD Specialist] 학습경험의 새로운 패러다임! LXD를 시작하다,휴넷,인접(일반사무),인사·조직관리,,,,,,중급/실무,,https://hbs.hunet.co.kr/Education/Detail?gid=Y00314872,2026-09-30T00:00:00Z,REVIEW_NEEDED,REVIEW_NEEDED,과정명 맥락상 인사·총무와의 직접 연계성 추가 검토 필요
HUNET,SQLITE_DB,Y00313857,1,SQL_HUNET_Y00313857,퇴근이 빨라지는 엑셀 데이터 분석 및 시각화,휴넷,인접(일반사무),공통·사무기획,,,,,,중급/실무,,https://hbs.hunet.co.kr/Education/Detail?gid=Y00313857,2026-09-30T00:00:00Z,REVIEW_NEEDED,REVIEW_NEEDED,과정명 맥락상 인사·총무와의 직접 연계성 추가 검토 필요
HUNET,SQLITE_DB,Y00307193,1,SQL_HUNET_Y00307193,[북스쿨] 김대리의 워라벨 사수기! - 성과 관리(도서 제공),휴넷,인접(일반사무),인사·평가보상,,,,,,중급/실무,,https://hbs.hunet.co.kr/Education/Detail?gid=Y00307193,2026-09-30T00:00:00Z,REVIEW_NEEDED,REVIEW_NEEDED,과정명 맥락상 인사·총무와의 직접 연계성 추가 검토 필요
HUNET,SQLITE_DB,Y00303947,1,SQL_HUNET_Y00303947,[북러닝] 주4일 혁명 : 월화수목일일일(도서 제공),휴넷,인접(일반사무),인사·조직관리,,,,,,중급/실무,,https://hbs.hunet.co.kr/Education/Detail?gid=Y00303947,2026-09-30T00:00:00Z,REVIEW_NEEDED,REVIEW_NEEDED,과정명 맥락상 인사·총무와의 직접 연계성 추가 검토 필요
HUNET,SQLITE_DB,Y00303172,1,SQL_HUNET_Y00303172,터닝포인트 팀장리더십 : 성과관리,휴넷,인사(HR),인사·평가보상,,,,,,중급/실무,,https://hbs.hunet.co.kr/Education/Detail?gid=Y00303172,2026-09-30T00:00:00Z,INCLUDED,VERIFIED,HUNET 직무교육 '터닝포인트 팀장리더십 : 성과관리'(인사·평가보상) 원문 실무 커리큘럼 부합
HUNET,SQLITE_DB,Y00312332,1,SQL_HUNET_Y00312332,ChatGPT가 바꿔놓은 AI 시대 HR 업무 혁명,휴넷,인접(일반사무),인사·조직관리,,,,,,중급/실무,,https://hbs.hunet.co.kr/Education/Detail?gid=Y00312332,2026-09-30T00:00:00Z,REVIEW_NEEDED,REVIEW_NEEDED,과정명 맥락상 인사·총무와의 직접 연계성 추가 검토 필요
HUNET,SQLITE_DB,Y00311839,1,SQL_HUNET_Y00311839,회사를 보호하는 힘! 영업비밀&지식재산권&정보보호,휴넷,인접(일반사무),인사·조직관리,,,,,,중급/실무,,https://hbs.hunet.co.kr/Education/Detail?gid=Y00311839,2026-09-30T00:00:00Z,REVIEW_NEEDED,REVIEW_NEEDED,과정명 맥락상 인사·총무와의 직접 연계성 추가 검토 필요
HUNET,SQLITE_DB,Y00311922,1,SQL_HUNET_Y00311922,"기업의 미래를 책임질 핵심자산, 지식재산권",휴넷,인접(일반사무),인사·조직관리,,,,,,중급/실무,,https://hbs.hunet.co.kr/Education/Detail?gid=Y00311922,2026-09-30T00:00:00Z,REVIEW_NEEDED,REVIEW_NEEDED,과정명 맥락상 인사·총무와의 직접 연계성 추가 검토 필요
HUNET,SQLITE_DB,Y00311834,1,SQL_HUNET_Y00311834,ChatGPT를 활용한 프리젠테이션&기획서 순삭하기,휴넷,총무·사무행정,공통·사무기획,,,,,,중급/실무,,https://hbs.hunet.co.kr/Education/Detail?gid=Y00311834,2026-09-30T00:00:00Z,INCLUDED,VERIFIED,HUNET 직무교육 'ChatGPT를 활용한 프리젠테이션&기획서 순삭하기'(공통·사무기획) 원문 실무 커리큘럼 부합
HUNET,SQLITE_DB,Y00310474,1,SQL_HUNET_Y00310474,[북러닝] 조율하여 리딩하라(도서 제공),휴넷,인접(일반사무),인사·평가보상,,,,,,중급/실무,,https://hbs.hunet.co.kr/Education/Detail?gid=Y00310474,2026-09-30T00:00:00Z,REVIEW_NEEDED,REVIEW_NEEDED,과정명 맥락상 인사·총무와의 직접 연계성 추가 검토 필요
HUNET,SQLITE_DB,Y00308303,1,SQL_HUNET_Y00308303,[북러닝] 보고서 말이 되게 써라(도서 제공),휴넷,인접(일반사무),공통·사무기획,,,,,,중급/실무,,https://hbs.hunet.co.kr/Education/Detail?gid=Y00308303,2026-09-30T00:00:00Z,REVIEW_NEEDED,REVIEW_NEEDED,과정명 맥락상 인사·총무와의 직접 연계성 추가 검토 필요
HUNET,SQLITE_DB,Y00307190,1,SQL_HUNET_Y00307190,[북스쿨] 빠르게 변화하는 노동환경 전망(도서 제공),휴넷,인접(일반사무),인사·조직관리,,,,,,중급/실무,,https://hbs.hunet.co.kr/Education/Detail?gid=Y00307190,2026-09-30T00:00:00Z,REVIEW_NEEDED,REVIEW_NEEDED,과정명 맥락상 인사·총무와의 직접 연계성 추가 검토 필요
HUNET,SQLITE_DB,Y00300119,1,SQL_HUNET_Y00300119,글쓰기가 두려운 직장인을 위한 비즈니스 글쓰기 공략zip,휴넷,총무·사무행정,공통·사무기획,,,,,,중급/실무,,https://hbs.hunet.co.kr/Education/Detail?gid=Y00300119,2026-09-30T00:00:00Z,INCLUDED,VERIFIED,HUNET 직무교육 '글쓰기가 두려운 직장인을 위한 비즈니스 글쓰기 공략zip'(공통·사무기획) 원문 실무 커리큘럼 부합
HUNET,SQLITE_DB,Y00299752,1,SQL_HUNET_Y00299752,[북러닝] 데이터 시각화는 처음입니다만(도서 제공),휴넷,인접(일반사무),공통·사무기획,,,,,,중급/실무,,https://hbs.hunet.co.kr/Education/Detail?gid=Y00299752,2026-09-30T00:00:00Z,REVIEW_NEEDED,REVIEW_NEEDED,과정명 맥락상 인사·총무와의 직접 연계성 추가 검토 필요
HUNET,SQLITE_DB,Y00298379,1,SQL_HUNET_Y00298379,컴팩트한 문서작성과 퍼펙트한 보고기법!,휴넷,총무·사무행정,공통·사무기획,,,,,,중급/실무,,https://hbs.hunet.co.kr/Education/Detail?gid=Y00298379,2026-09-30T00:00:00Z,INCLUDED,VERIFIED,HUNET 직무교육 '컴팩트한 문서작성과 퍼펙트한 보고기법!'(공통·사무기획) 원문 실무 커리큘럼 부합
HUNET,SQLITE_DB,Y00298381,1,SQL_HUNET_Y00298381,인재전쟁에서 승리하는 면접관 인터뷰 스킬,휴넷,인사(HR),인사·채용관리,,,,,,중급/실무,,https://hbs.hunet.co.kr/Education/Detail?gid=Y00298381,2026-09-30T00:00:00Z,INCLUDED,VERIFIED,HUNET 직무교육 '인재전쟁에서 승리하는 면접관 인터뷰 스킬'(인사·채용관리) 원문 실무 커리큘럼 부합
HUNET,SQLITE_DB,Y00292451,1,SQL_HUNET_Y00292451,[뉴노멀 MBA] 인사조직,휴넷,인접(일반사무),인사·조직관리,,,,,,중급/실무,,https://hbs.hunet.co.kr/Education/Detail?gid=Y00292451,2026-09-30T00:00:00Z,REVIEW_NEEDED,REVIEW_NEEDED,과정명 맥락상 인사·총무와의 직접 연계성 추가 검토 필요
HUNET,SQLITE_DB,Y00292449,1,SQL_HUNET_Y00292449,[북러닝] 전사원이 함께하는 행복한 회사 만들기,휴넷,인접(일반사무),인사·조직관리,,,,,,중급/실무,,https://hbs.hunet.co.kr/Education/Detail?gid=Y00292449,2026-09-30T00:00:00Z,REVIEW_NEEDED,REVIEW_NEEDED,과정명 맥락상 인사·총무와의 직접 연계성 추가 검토 필요
HUNET,SQLITE_DB,Y00279954,1,SQL_HUNET_Y00279954,[Executive MBA] 인사조직,휴넷,인접(일반사무),인사·조직관리,,,,,,중급/실무,,https://hbs.hunet.co.kr/Education/Detail?gid=Y00279954,2026-09-30T00:00:00Z,REVIEW_NEEDED,REVIEW_NEEDED,과정명 맥락상 인사·총무와의 직접 연계성 추가 검토 필요
HUNET,SQLITE_DB,Y00271317,1,SQL_HUNET_Y00271317,"입사에서 퇴사까지, 직장인을 위한 노동법 이야기",휴넷,인사(HR),노무관리,,,,,,중급/실무,,https://hbs.hunet.co.kr/Education/Detail?gid=Y00271317,2026-09-30T00:00:00Z,INCLUDED,VERIFIED,"HUNET 직무교육 '입사에서 퇴사까지, 직장인을 위한 노동법 이야기'(노무관리) 원문 실무 커리큘럼 부합"
HUNET,SQLITE_DB,Y00270259,1,SQL_HUNET_Y00270259,강한 문장을 만드는 글쓰기 PT,휴넷,인접(일반사무),공통·사무기획,,,,,,중급/실무,,https://hbs.hunet.co.kr/Education/Detail?gid=Y00270259,2026-09-30T00:00:00Z,REVIEW_NEEDED,REVIEW_NEEDED,과정명 맥락상 인사·총무와의 직접 연계성 추가 검토 필요
HUNET,SQLITE_DB,Y00270094,1,SQL_HUNET_Y00270094,한방에 컨펌받는 보고서 쓰기,휴넷,인접(일반사무),공통·사무기획,,,,,,중급/실무,,https://hbs.hunet.co.kr/Education/Detail?gid=Y00270094,2026-09-30T00:00:00Z,REVIEW_NEEDED,REVIEW_NEEDED,과정명 맥락상 인사·총무와의 직접 연계성 추가 검토 필요
HUNET,SQLITE_DB,Y00269437,1,SQL_HUNET_Y00269437,People Analytics : HR을 데이터로 말하다,휴넷,인접(일반사무),인사·조직관리,,,,,,중급/실무,,https://hbs.hunet.co.kr/Education/Detail?gid=Y00269437,2026-09-30T00:00:00Z,REVIEW_NEEDED,REVIEW_NEEDED,과정명 맥락상 인사·총무와의 직접 연계성 추가 검토 필요
HUNET,SQLITE_DB,Y00269439,1,SQL_HUNET_Y00269439,조직의 변화를 만드는 오피스 환경 구축하기 (Feat. 퍼시스),휴넷,인접(일반사무),인사·조직관리,,,,,,중급/실무,,https://hbs.hunet.co.kr/Education/Detail?gid=Y00269439,2026-09-30T00:00:00Z,REVIEW_NEEDED,REVIEW_NEEDED,과정명 맥락상 인사·총무와의 직접 연계성 추가 검토 필요
HUNET,SQLITE_DB,Y00269209,1,SQL_HUNET_Y00269209,인사평가체계 구축 및 운영 방법,휴넷,인사(HR),인사·평가보상,,,,,,중급/실무,,https://hbs.hunet.co.kr/Education/Detail?gid=Y00269209,2026-09-30T00:00:00Z,INCLUDED,VERIFIED,HUNET 직무교육 '인사평가체계 구축 및 운영 방법'(인사·평가보상) 원문 실무 커리큘럼 부합
HUNET,SQLITE_DB,Y00268668,1,SQL_HUNET_Y00268668,X와 MZ의 비즈니스 커뮤니케이션과 리더십,휴넷,인접(리더십/조직),기타·인사총무,,,,,,중급/실무,,https://hbs.hunet.co.kr/Education/Detail?gid=Y00268668,2026-09-30T00:00:00Z,REVIEW_NEEDED,REVIEW_NEEDED,"리더십/조직문화/소통 강좌로, 인사(HRD) 부서 적용 범위 추가 검토 요망"
HUNET,SQLITE_DB,Y00265994,1,SQL_HUNET_Y00265994,SSS급 확보를 위한 면접관 교육 (feat. AI 시뮬레이션),휴넷,인사(HR),인사·채용관리,,,,,,중급/실무,,https://hbs.hunet.co.kr/Education/Detail?gid=Y00265994,2026-09-30T00:00:00Z,INCLUDED,VERIFIED,HUNET 직무교육 'SSS급 확보를 위한 면접관 교육 (feat. AI 시뮬레이션)'(인사·채용관리) 원문 실무 커리큘럼 부합
HUNET,SQLITE_DB,Y00265995,1,SQL_HUNET_Y00265995,핵심인재를 부르는 고용주 브랜딩과 채용 경험 디자인,휴넷,인사(HR),인사·채용관리,,,,,,중급/실무,,https://hbs.hunet.co.kr/Education/Detail?gid=Y00265995,2026-09-30T00:00:00Z,INCLUDED,VERIFIED,HUNET 직무교육 '핵심인재를 부르는 고용주 브랜딩과 채용 경험 디자인'(인사·채용관리) 원문 실무 커리큘럼 부합
HUNET,SQLITE_DB,Y00265996,1,SQL_HUNET_Y00265996,"오늘 온 신입사원, 온보딩 전략 ON 하기",휴넷,인사(HR),인사·채용관리,,,,,,중급/실무,,https://hbs.hunet.co.kr/Education/Detail?gid=Y00265996,2026-09-30T00:00:00Z,INCLUDED,VERIFIED,"HUNET 직무교육 '오늘 온 신입사원, 온보딩 전략 ON 하기'(인사·채용관리) 원문 실무 커리큘럼 부합"
HUNET,SQLITE_DB,Y00265094,1,SQL_HUNET_Y00265094,"S급 인재, 성과를 디자인하라",휴넷,인접(일반사무),인사·평가보상,,,,,,중급/실무,,https://hbs.hunet.co.kr/Education/Detail?gid=Y00265094,2026-09-30T00:00:00Z,REVIEW_NEEDED,REVIEW_NEEDED,과정명 맥락상 인사·총무와의 직접 연계성 추가 검토 필요
HUNET,SQLITE_DB,Y00264694,1,SQL_HUNET_Y00264694,[요즘HR] 놓쳐서는 안 될 노무 Issue ＆ Solution,휴넷,인접(일반사무),노무관리,,,,,,중급/실무,,https://hbs.hunet.co.kr/Education/Detail?gid=Y00264694,2026-09-30T00:00:00Z,REVIEW_NEEDED,REVIEW_NEEDED,과정명 맥락상 인사·총무와의 직접 연계성 추가 검토 필요
HUNET,SQLITE_DB,Y00264695,1,SQL_HUNET_Y00264695,직급이 아닌 직무에 Focus하라. 직무급제의 모든것!,휴넷,인접(일반사무),인사·조직관리,,,,,,중급/실무,,https://hbs.hunet.co.kr/Education/Detail?gid=Y00264695,2026-09-30T00:00:00Z,REVIEW_NEEDED,REVIEW_NEEDED,과정명 맥락상 인사·총무와의 직접 연계성 추가 검토 필요
HUNET,SQLITE_DB,Y00263646,1,SQL_HUNET_Y00263646,글로벌 기업의 성공에는 애자일 조직문화가 있다,휴넷,인접(리더십/조직),인사·조직관리,,,,,,중급/실무,,https://hbs.hunet.co.kr/Education/Detail?gid=Y00263646,2026-09-30T00:00:00Z,REVIEW_NEEDED,REVIEW_NEEDED,"리더십/조직문화/소통 강좌로, 인사(HRD) 부서 적용 범위 추가 검토 요망"
HUNET,SQLITE_DB,Y00260424,1,SQL_HUNET_Y00260424,인재 밀도를 UP시키는 성과 평가 ＆ 보상 전략,휴넷,인접(일반사무),인사·조직관리,,,,,,중급/실무,,https://hbs.hunet.co.kr/Education/Detail?gid=Y00260424,2026-09-30T00:00:00Z,REVIEW_NEEDED,REVIEW_NEEDED,과정명 맥락상 인사·총무와의 직접 연계성 추가 검토 필요
HUNET,SQLITE_DB,Y00260034,1,SQL_HUNET_Y00260034,SSS급 확보를 위한 면접관 교육,휴넷,인사(HR),인사·채용관리,,,,,,중급/실무,,https://hbs.hunet.co.kr/Education/Detail?gid=Y00260034,2026-09-30T00:00:00Z,INCLUDED,VERIFIED,HUNET 직무교육 'SSS급 확보를 위한 면접관 교육'(인사·채용관리) 원문 실무 커리큘럼 부합
HUNET,SQLITE_DB,Y00260036,1,SQL_HUNET_Y00260036,"DX시대,당신의 조직문화는 안녕하십니까?",휴넷,인접(리더십/조직),인사·조직관리,,,,,,중급/실무,,https://hbs.hunet.co.kr/Education/Detail?gid=Y00260036,2026-09-30T00:00:00Z,REVIEW_NEEDED,REVIEW_NEEDED,"리더십/조직문화/소통 강좌로, 인사(HRD) 부서 적용 범위 추가 검토 요망"
HUNET,SQLITE_DB,Y00260042,1,SQL_HUNET_Y00260042,[레전드 스킬] 현직 기자가 알려주는 보고서 잘 쓰는 법,휴넷,인접(일반사무),공통·사무기획,,,,,,중급/실무,,https://hbs.hunet.co.kr/Education/Detail?gid=Y00260042,2026-09-30T00:00:00Z,REVIEW_NEEDED,REVIEW_NEEDED,과정명 맥락상 인사·총무와의 직접 연계성 추가 검토 필요
HUNET,SQLITE_DB,Y00260044,1,SQL_HUNET_Y00260044,"글로벌 기업들의 조직문화 패러다임, Culture Deck",휴넷,인접(리더십/조직),인사·조직관리,,,,,,중급/실무,,https://hbs.hunet.co.kr/Education/Detail?gid=Y00260044,2026-09-30T00:00:00Z,REVIEW_NEEDED,REVIEW_NEEDED,"리더십/조직문화/소통 강좌로, 인사(HRD) 부서 적용 범위 추가 검토 요망"
HUNET,SQLITE_DB,Y00256639,1,SQL_HUNET_Y00256639,[레전드 스킬] 어쩐지 끌리는 사람의 비즈니스 매너,휴넷,총무·사무행정,비서·사무지원,,,,,,중급/실무,,https://hbs.hunet.co.kr/Education/Detail?gid=Y00256639,2026-09-30T00:00:00Z,INCLUDED,VERIFIED,HUNET 직무교육 '[레전드 스킬] 어쩐지 끌리는 사람의 비즈니스 매너'(비서·사무지원) 원문 실무 커리큘럼 부합
HUNET,SQLITE_DB,Y00256321,1,SQL_HUNET_Y00256321,[강점리더십] 성과를 디자인하는 프레임워크 (MBO부터 OKR까지),휴넷,인접(리더십/조직),인사·평가보상,,,,,,중급/실무,,https://hbs.hunet.co.kr/Education/Detail?gid=Y00256321,2026-09-30T00:00:00Z,REVIEW_NEEDED,REVIEW_NEEDED,"리더십/조직문화/소통 강좌로, 인사(HRD) 부서 적용 범위 추가 검토 요망"
HUNET,SQLITE_DB,Y00245649,1,SQL_HUNET_Y00245649,핵심만 콕! 신입사원 온보딩,휴넷,인사(HR),인사·채용관리,,,,,,중급/실무,,https://hbs.hunet.co.kr/Education/Detail?gid=Y00245649,2026-09-30T00:00:00Z,INCLUDED,VERIFIED,HUNET 직무교육 '핵심만 콕! 신입사원 온보딩'(인사·채용관리) 원문 실무 커리큘럼 부합
HUNET,SQLITE_DB,Y00245652,1,SQL_HUNET_Y00245652,핵심만 콕! 빈틈없는 계약서 작성 실무,휴넷,인접(일반사무),인사·조직관리,,,,,,중급/실무,,https://hbs.hunet.co.kr/Education/Detail?gid=Y00245652,2026-09-30T00:00:00Z,REVIEW_NEEDED,REVIEW_NEEDED,과정명 맥락상 인사·총무와의 직접 연계성 추가 검토 필요
HUNET,SQLITE_DB,Y00245653,1,SQL_HUNET_Y00245653,핵심만 콕! 비즈니스 글쓰기와 보고서 작성 노하우,휴넷,총무·사무행정,공통·사무기획,,,,,,중급/실무,,https://hbs.hunet.co.kr/Education/Detail?gid=Y00245653,2026-09-30T00:00:00Z,INCLUDED,VERIFIED,HUNET 직무교육 '핵심만 콕! 비즈니스 글쓰기와 보고서 작성 노하우'(공통·사무기획) 원문 실무 커리큘럼 부합
HUNET,SQLITE_DB,Y00232023,1,SQL_HUNET_Y00232023,글로벌 HR 트렌드 : 미래조직 혁신전략,휴넷,인접(일반사무),인사·조직관리,,,,,,중급/실무,,https://hbs.hunet.co.kr/Education/Detail?gid=Y00232023,2026-09-30T00:00:00Z,REVIEW_NEEDED,REVIEW_NEEDED,과정명 맥락상 인사·총무와의 직접 연계성 추가 검토 필요
HUNET,SQLITE_DB,Y00228579,1,SQL_HUNET_Y00228579,[북스쿨] 한 번에 통과하는 비즈니스 라이팅(도서 제공),휴넷,인접(일반사무),공통·사무기획,,,,,,중급/실무,,https://hbs.hunet.co.kr/Education/Detail?gid=Y00228579,2026-09-30T00:00:00Z,REVIEW_NEEDED,REVIEW_NEEDED,과정명 맥락상 인사·총무와의 직접 연계성 추가 검토 필요
HUNET,SQLITE_DB,Y00221742,1,SQL_HUNET_Y00221742,[북러닝] 원페이저가 살아남는다(도서 제공),휴넷,인접(일반사무),공통·사무기획,,,,,,중급/실무,,https://hbs.hunet.co.kr/Education/Detail?gid=Y00221742,2026-09-30T00:00:00Z,REVIEW_NEEDED,REVIEW_NEEDED,과정명 맥락상 인사·총무와의 직접 연계성 추가 검토 필요
HUNET,SQLITE_DB,Y00218474,1,SQL_HUNET_Y00218474,[북러닝] 성취 예측 모형(도서 제공),휴넷,인접(일반사무),인사·조직관리,,,,,,중급/실무,,https://hbs.hunet.co.kr/Education/Detail?gid=Y00218474,2026-09-30T00:00:00Z,REVIEW_NEEDED,REVIEW_NEEDED,과정명 맥락상 인사·총무와의 직접 연계성 추가 검토 필요
HUNET,SQLITE_DB,Y00216064,1,SQL_HUNET_Y00216064,[북러닝] 투잡하는 김 대리는 취업규칙을 위반했을까?(도서 제공),휴넷,인사(HR),노무관리,,,,,,중급/실무,,https://hbs.hunet.co.kr/Education/Detail?gid=Y00216064,2026-09-30T00:00:00Z,INCLUDED,VERIFIED,HUNET 직무교육 '[북러닝] 투잡하는 김 대리는 취업규칙을 위반했을까?(도서 제공)'(노무관리) 원문 실무 커리큘럼 부합
HUNET,SQLITE_DB,Y00216016,1,SQL_HUNET_Y00216016,데이터로 인사를 혁신하라 : HR ANALYTICS,휴넷,인접(일반사무),인사·조직관리,,,,,,중급/실무,,https://hbs.hunet.co.kr/Education/Detail?gid=Y00216016,2026-09-30T00:00:00Z,REVIEW_NEEDED,REVIEW_NEEDED,과정명 맥락상 인사·총무와의 직접 연계성 추가 검토 필요
HUNET,SQLITE_DB,Y00210395,1,SQL_HUNET_Y00210395,[북러닝] 회사에서 글을 씁니다(도서 제공),휴넷,인접(일반사무),공통·사무기획,,,,,,중급/실무,,https://hbs.hunet.co.kr/Education/Detail?gid=Y00210395,2026-09-30T00:00:00Z,REVIEW_NEEDED,REVIEW_NEEDED,과정명 맥락상 인사·총무와의 직접 연계성 추가 검토 필요
HUNET,SQLITE_DB,Y00205709,1,SQL_HUNET_Y00205709,[북러닝] 온택트 퍼실리테이션(도서 제공),휴넷,인접(일반사무),인사·조직관리,,,,,,중급/실무,,https://hbs.hunet.co.kr/Education/Detail?gid=Y00205709,2026-09-30T00:00:00Z,REVIEW_NEEDED,REVIEW_NEEDED,과정명 맥락상 인사·총무와의 직접 연계성 추가 검토 필요
HUNET,SQLITE_DB,Y00205715,1,SQL_HUNET_Y00205715,[북러닝] 2단계 글쓰기(도서 제공),휴넷,인접(일반사무),공통·사무기획,,,,,,중급/실무,,https://hbs.hunet.co.kr/Education/Detail?gid=Y00205715,2026-09-30T00:00:00Z,REVIEW_NEEDED,REVIEW_NEEDED,과정명 맥락상 인사·총무와의 직접 연계성 추가 검토 필요
HUNET,SQLITE_DB,Y00194178,1,SQL_HUNET_Y00194178,"초고성장기업의 앞서가는 혁신전략, 조직문화 익스프레스",휴넷,인접(리더십/조직),인사·조직관리,,,,,,중급/실무,,https://hbs.hunet.co.kr/Education/Detail?gid=Y00194178,2026-09-30T00:00:00Z,REVIEW_NEEDED,REVIEW_NEEDED,"리더십/조직문화/소통 강좌로, 인사(HRD) 부서 적용 범위 추가 검토 요망"
HUNET,SQLITE_DB,Y00194180,1,SQL_HUNET_Y00194180,노무사say 팬더믹 이후 조직문화 이슈,휴넷,인접(리더십/조직),노무관리,,,,,,중급/실무,,https://hbs.hunet.co.kr/Education/Detail?gid=Y00194180,2026-09-30T00:00:00Z,REVIEW_NEEDED,REVIEW_NEEDED,"리더십/조직문화/소통 강좌로, 인사(HRD) 부서 적용 범위 추가 검토 요망"
HUNET,SQLITE_DB,Y00189726,1,SQL_HUNET_Y00189726,"[북러닝] Why를 소통하는 도구, OKR(도서 제공)",휴넷,인접(리더십/조직),인사·평가보상,,,,,,중급/실무,,https://hbs.hunet.co.kr/Education/Detail?gid=Y00189726,2026-09-30T00:00:00Z,REVIEW_NEEDED,REVIEW_NEEDED,"리더십/조직문화/소통 강좌로, 인사(HRD) 부서 적용 범위 추가 검토 요망"
HUNET,SQLITE_DB,Y00185078,1,SQL_HUNET_Y00185078,[북러닝] 보고서의 법칙(도서 제공),휴넷,인접(일반사무),공통·사무기획,,,,,,중급/실무,,https://hbs.hunet.co.kr/Education/Detail?gid=Y00185078,2026-09-30T00:00:00Z,REVIEW_NEEDED,REVIEW_NEEDED,과정명 맥락상 인사·총무와의 직접 연계성 추가 검토 필요
HUNET,SQLITE_DB,Y00183408,1,SQL_HUNET_Y00183408,[북러닝] 일잘러는 이렇게 일한다 - 일잘러의 보고서 작성법(도서 제공),휴넷,총무·사무행정,공통·사무기획,,,,,,중급/실무,,https://hbs.hunet.co.kr/Education/Detail?gid=Y00183408,2026-09-30T00:00:00Z,INCLUDED,VERIFIED,HUNET 직무교육 '[북러닝] 일잘러는 이렇게 일한다 - 일잘러의 보고서 작성법(도서 제공)'(공통·사무기획) 원문 실무 커리큘럼 부합
HUNET,SQLITE_DB,Y00183409,1,SQL_HUNET_Y00183409,[북러닝] 일잘러는 이렇게 일한다 - 원격 꼰대가 되지 않는 법(도서 제공),휴넷,인접(일반사무),인사·평가보상,,,,,,중급/실무,,https://hbs.hunet.co.kr/Education/Detail?gid=Y00183409,2026-09-30T00:00:00Z,REVIEW_NEEDED,REVIEW_NEEDED,과정명 맥락상 인사·총무와의 직접 연계성 추가 검토 필요
HUNET,SQLITE_DB,Y00169436,1,SQL_HUNET_Y00169436,[북러닝] 부의 리셋 버튼 - 존리의 금융 문맹 탈출(도서 제공),휴넷,인접(일반사무),총무·자산관리,,,,,,중급/실무,,https://hbs.hunet.co.kr/Education/Detail?gid=Y00169436,2026-09-30T00:00:00Z,REVIEW_NEEDED,REVIEW_NEEDED,과정명 맥락상 인사·총무와의 직접 연계성 추가 검토 필요
HUNET,SQLITE_DB,Y00161578,1,SQL_HUNET_Y00161578,"실례합니다만, 비즈니스 매너는 지켜주시겠어요?",휴넷,총무·사무행정,비서·사무지원,,,,,,중급/실무,,https://hbs.hunet.co.kr/Education/Detail?gid=Y00161578,2026-09-30T00:00:00Z,INCLUDED,VERIFIED,"HUNET 직무교육 '실례합니다만, 비즈니스 매너는 지켜주시겠어요?'(비서·사무지원) 원문 실무 커리큘럼 부합"
HUNET,SQLITE_DB,Y00161581,1,SQL_HUNET_Y00161581,[오늘부터 정시퇴근] 엑셀 실무 테크닉 - 빅데이터 분석&시각화편,휴넷,인접(일반사무),공통·사무기획,,,,,,중급/실무,,https://hbs.hunet.co.kr/Education/Detail?gid=Y00161581,2026-09-30T00:00:00Z,REVIEW_NEEDED,REVIEW_NEEDED,과정명 맥락상 인사·총무와의 직접 연계성 추가 검토 필요
HUNET,SQLITE_DB,Y00161582,1,SQL_HUNET_Y00161582,[오늘부터 정시퇴근] 엑셀 실무 테크닉 - 일잘러의 보고서 작성편,휴넷,총무·사무행정,공통·사무기획,,,,,,중급/실무,,https://hbs.hunet.co.kr/Education/Detail?gid=Y00161582,2026-09-30T00:00:00Z,INCLUDED,VERIFIED,HUNET 직무교육 '[오늘부터 정시퇴근] 엑셀 실무 테크닉 - 일잘러의 보고서 작성편'(공통·사무기획) 원문 실무 커리큘럼 부합
HUNET,SQLITE_DB,Y00175789,1,SQL_HUNET_Y00175789,[북러닝] 부의 리셋 버튼 - 주식하는 마음(도서 제공),휴넷,비관련(타분야),총무·자산관리,,,,,,중급/실무,,https://hbs.hunet.co.kr/Education/Detail?gid=Y00175789,2026-09-30T00:00:00Z,EXCLUDED,UNSUPPORTED,IT개발/어학/제조/개인재테크 등 비관련 전문 분야로 판정 (매칭: [북러닝] 부의 리셋 버튼 - 주식하는 마음(도서 제공))
HUNET,SQLITE_DB,Y00175790,1,SQL_HUNET_Y00175790,"[북러닝] 부의 리셋 버튼 - 주식의 시대, 투자의 자세(도서 제공)",휴넷,비관련(타분야),총무·자산관리,,,,,,중급/실무,,https://hbs.hunet.co.kr/Education/Detail?gid=Y00175790,2026-09-30T00:00:00Z,EXCLUDED,UNSUPPORTED,"IT개발/어학/제조/개인재테크 등 비관련 전문 분야로 판정 (매칭: [북러닝] 부의 리셋 버튼 - 주식의 시대, 투자의 자세(도서 제공))"
HUNET,SQLITE_DB,Y00148948,1,SQL_HUNET_Y00148948,[북러닝] 서가명강 - 인사이드아웃(도서 제공),휴넷,인접(일반사무),인사·조직관리,,,,,,중급/실무,,https://hbs.hunet.co.kr/Education/Detail?gid=Y00148948,2026-09-30T00:00:00Z,REVIEW_NEEDED,REVIEW_NEEDED,과정명 맥락상 인사·총무와의 직접 연계성 추가 검토 필요
HUNET,SQLITE_DB,Y00146970,1,SQL_HUNET_Y00146970,[북러닝] 정은길의 책발견 - 돈의 속성(도서 제공),휴넷,인접(일반사무),총무·자산관리,,,,,,중급/실무,,https://hbs.hunet.co.kr/Education/Detail?gid=Y00146970,2026-09-30T00:00:00Z,REVIEW_NEEDED,REVIEW_NEEDED,과정명 맥락상 인사·총무와의 직접 연계성 추가 검토 필요
HUNET,SQLITE_DB,Y00141106,1,SQL_HUNET_Y00141106,[카드뉴스] 슬기로운 기획생활 (기획서 작성부터 보고까지),휴넷,총무·사무행정,공통·사무기획,,,,,,중급/실무,,https://hbs.hunet.co.kr/Education/Detail?gid=Y00141106,2026-09-30T00:00:00Z,INCLUDED,VERIFIED,HUNET 직무교육 '[카드뉴스] 슬기로운 기획생활 (기획서 작성부터 보고까지)'(공통·사무기획) 원문 실무 커리큘럼 부합
HUNET,SQLITE_DB,Y00134968,1,SQL_HUNET_Y00134968,"Real 5분, 인사노무 실무가이드",휴넷,인접(일반사무),노무관리,,,,,,중급/실무,,https://hbs.hunet.co.kr/Education/Detail?gid=Y00134968,2026-09-30T00:00:00Z,REVIEW_NEEDED,REVIEW_NEEDED,과정명 맥락상 인사·총무와의 직접 연계성 추가 검토 필요
HUNET,SQLITE_DB,Y00117074,1,SQL_HUNET_Y00117074,1 PAGE로 승부하라 : 강력한 한 장의 기획서,휴넷,총무·사무행정,공통·사무기획,,,,,,중급/실무,,https://hbs.hunet.co.kr/Education/Detail?gid=Y00117074,2026-09-30T00:00:00Z,INCLUDED,VERIFIED,HUNET 직무교육 '1 PAGE로 승부하라 : 강력한 한 장의 기획서'(공통·사무기획) 원문 실무 커리큘럼 부합
HUNET,SQLITE_DB,Y00111346,1,SQL_HUNET_Y00111346,[북러닝] 단단한 기획(도서 제공),휴넷,인접(일반사무),공통·사무기획,,,,,,중급/실무,,https://hbs.hunet.co.kr/Education/Detail?gid=Y00111346,2026-09-30T00:00:00Z,REVIEW_NEEDED,REVIEW_NEEDED,과정명 맥락상 인사·총무와의 직접 연계성 추가 검토 필요
HUNET,SQLITE_DB,Y00099166,1,SQL_HUNET_Y00099166,핵심만 쏙! 주52시간 근무제와 HR의 변화,휴넷,인접(일반사무),인사·조직관리,,,,,,중급/실무,,https://hbs.hunet.co.kr/Education/Detail?gid=Y00099166,2026-09-30T00:00:00Z,REVIEW_NEEDED,REVIEW_NEEDED,과정명 맥락상 인사·총무와의 직접 연계성 추가 검토 필요
HUNET,SQLITE_DB,Y00063809,1,SQL_HUNET_Y00063809,"[조직문화 인사이트] 이기는 조직의 힘, 임플로이 인게이지먼트",휴넷,인접(리더십/조직),인사·조직관리,,,,,,중급/실무,,https://hbs.hunet.co.kr/Education/Detail?gid=Y00063809,2026-09-30T00:00:00Z,REVIEW_NEEDED,REVIEW_NEEDED,"리더십/조직문화/소통 강좌로, 인사(HRD) 부서 적용 범위 추가 검토 요망"
HUNET,SQLITE_DB,Y00030777,1,SQL_HUNET_Y00030777,전략적 인재 육성을 위한 HRD 에센스,휴넷,인사·총무공통,인사·조직관리,,,,,,고급/전문,,https://hbs.hunet.co.kr/Education/Detail?gid=Y00030777,2026-09-30T00:00:00Z,INCLUDED,VERIFIED,HUNET 직무교육 '전략적 인재 육성을 위한 HRD 에센스'(인사·조직관리) 원문 실무 커리큘럼 부합
HUNET,SQLITE_DB,Y00004543,1,SQL_HUNET_Y00004543,직장인을 위한 비즈니스 매너 에센스,휴넷,총무·사무행정,비서·사무지원,,,,,,중급/실무,,https://hbs.hunet.co.kr/Education/Detail?gid=Y00004543,2026-09-30T00:00:00Z,INCLUDED,VERIFIED,HUNET 직무교육 '직장인을 위한 비즈니스 매너 에센스'(비서·사무지원) 원문 실무 커리큘럼 부합
KMA,SQLITE_DB,110936,1,SQL_KMA_110936,[미국] HR Tech 2026 한국대표단,한국능률협회,인사·총무공통,인사·조직관리,,,,56.0,7.0,중급/실무,8900000.0,https://www.kma.or.kr/usrs/eduRegMgnt/eduRegInfoDetailForm.do?p_edutype_cd=002&p_crscd=110936&p_crsseq_id=124341&p_ctgry_id=576&p_hmpgcd=30&mkey=36344,2026-09-30T00:00:00Z,INCLUDED,VERIFIED,KMA 직무교육 '[미국] HR Tech 2026 한국대표단'(인사·조직관리) 원문 실무 커리큘럼 부합
KMA,SQLITE_DB,111429,1,SQL_KMA_111429,[여의도] 교육과정 기획과 개발,한국능률협회,인사(HR),인사·조직관리,,,,14.0,2.0,중급/실무,690000.0,https://www.kma.or.kr/usrs/eduRegMgnt/eduRegInfoDetailForm.do?p_edutype_cd=001&p_crscd=111429&p_crsseq_id=125909&p_ctgry_id=659&p_hmpgcd=30&mkey=37146,2026-09-30T00:00:00Z,INCLUDED,VERIFIED,KMA 직무교육 '[여의도] 교육과정 기획과 개발'(인사·조직관리) 원문 실무 커리큘럼 부합
KMA,SQLITE_DB,111431,1,SQL_KMA_111431,[여의도] [민간자격] 기업교육(HRD) 게이미피케이션 활용 스킬업,한국능률협회,인사·총무공통,인사·조직관리,,,,8.0,1.0,중급/실무,490000.0,https://www.kma.or.kr/usrs/eduRegMgnt/eduRegInfoDetailForm.do?p_edutype_cd=001&p_crscd=111431&p_crsseq_id=125920&p_ctgry_id=659&p_hmpgcd=30&mkey=37146,2026-09-30T00:00:00Z,INCLUDED,VERIFIED,KMA 직무교육 '[여의도] [민간자격] 기업교육(HRD) 게이미피케이션 활용 스킬업'(인사·조직관리) 원문 실무 커리큘럼 부합
KMA,SQLITE_DB,111203,1,SQL_KMA_111203,[강남] [민간자격] 기업교육(HRD) 게이미피케이션 활용 스킬업,한국능률협회,인사·총무공통,인사·조직관리,,,,8.0,1.0,중급/실무,490000.0,https://www.kma.or.kr/usrs/eduRegMgnt/eduRegInfoDetailForm.do?p_edutype_cd=001&p_crscd=111203&p_crsseq_id=124935&p_ctgry_id=659&p_hmpgcd=30&mkey=37146,2026-09-30T00:00:00Z,INCLUDED,VERIFIED,KMA 직무교육 '[강남] [민간자격] 기업교육(HRD) 게이미피케이션 활용 스킬업'(인사·조직관리) 원문 실무 커리큘럼 부합
KMA,SQLITE_DB,111326,1,SQL_KMA_111326,[여의도] 다양성 조직문화와 리더십,한국능률협회,인접(리더십/조직),인사·조직관리,,,,14.0,2.0,중급/실무,690000.0,https://www.kma.or.kr/usrs/eduRegMgnt/eduRegInfoDetailForm.do?p_edutype_cd=001&p_crscd=111326&p_crsseq_id=125350&p_ctgry_id=534&p_hmpgcd=30&mkey=36302,2026-09-30T00:00:00Z,REVIEW_NEEDED,REVIEW_NEEDED,"리더십/조직문화/소통 강좌로, 인사(HRD) 부서 적용 범위 추가 검토 요망"
KMA,SQLITE_DB,111327,1,SQL_KMA_111327,[여의도] 조직문화 구축과 조직관리 리더십,한국능률협회,인접(리더십/조직),인사·조직관리,,,,14.0,2.0,중급/실무,690000.0,https://www.kma.or.kr/usrs/eduRegMgnt/eduRegInfoDetailForm.do?p_edutype_cd=001&p_crscd=111327&p_crsseq_id=125355&p_ctgry_id=534&p_hmpgcd=30&mkey=36302,2026-09-30T00:00:00Z,REVIEW_NEEDED,REVIEW_NEEDED,"리더십/조직문화/소통 강좌로, 인사(HRD) 부서 적용 범위 추가 검토 요망"
KMA,SQLITE_DB,112248,1,SQL_KMA_112248,[비대면] 다양성 조직문화와 리더십,한국능률협회,인접(리더십/조직),인사·조직관리,,,,14.0,2.0,중급/실무,590000.0,https://www.kma.or.kr/usrs/eduRegMgnt/eduRegInfoDetailForm.do?p_edutype_cd=001&p_crscd=112248&p_crsseq_id=128270&p_ctgry_id=534&p_hmpgcd=30&mkey=36302,2026-09-30T00:00:00Z,REVIEW_NEEDED,REVIEW_NEEDED,"리더십/조직문화/소통 강좌로, 인사(HRD) 부서 적용 범위 추가 검토 요망"
KMA,SQLITE_DB,111455,1,SQL_KMA_111455,[여의도] 리더의 성과관리 핵심 매뉴얼,한국능률협회,인사(HR),인사·평가보상,,,,14.0,2.0,중급/실무,690000.0,https://www.kma.or.kr/usrs/eduRegMgnt/eduRegInfoDetailForm.do?p_edutype_cd=001&p_crscd=111455&p_crsseq_id=127447&p_ctgry_id=540&p_hmpgcd=30&mkey=36308,2026-09-30T00:00:00Z,INCLUDED,VERIFIED,KMA 직무교육 '[여의도] 리더의 성과관리 핵심 매뉴얼'(인사·평가보상) 원문 실무 커리큘럼 부합
KMA,SQLITE_DB,111454,1,SQL_KMA_111454,[여의도] 리더를 위한 차세대 성과관리 전략 &#39;피드포워드&#39;,한국능률협회,인사(HR),인사·평가보상,,,,7.0,1.0,중급/실무,490000.0,https://www.kma.or.kr/usrs/eduRegMgnt/eduRegInfoDetailForm.do?p_edutype_cd=001&p_crscd=111454&p_crsseq_id=126010&p_ctgry_id=540&p_hmpgcd=30&mkey=36308,2026-09-30T00:00:00Z,INCLUDED,VERIFIED,KMA 직무교육 '[여의도] 리더를 위한 차세대 성과관리 전략 &#39;피드포워드&#39;'(인사·평가보상) 원문 실무 커리큘럼 부합
KMA,SQLITE_DB,111663,1,SQL_KMA_111663,[여의도] 수시 경력입사자 온보딩,한국능률협회,인사(HR),인사·채용관리,,,,7.0,1.0,중급/실무,490000.0,https://www.kma.or.kr/usrs/eduRegMgnt/eduRegInfoDetailForm.do?p_edutype_cd=001&p_crscd=111663&p_crsseq_id=126808&p_ctgry_id=698&p_hmpgcd=30&mkey=37240,2026-09-30T00:00:00Z,INCLUDED,VERIFIED,KMA 직무교육 '[여의도] 수시 경력입사자 온보딩'(인사·채용관리) 원문 실무 커리큘럼 부합
KMA,SQLITE_DB,111391,1,SQL_KMA_111391,[여의도] 설득력 있는 실전 보고서 작성 스킬(with MS Office),한국능률협회,총무·사무행정,공통·사무기획,,,,14.0,2.0,중급/실무,690000.0,https://www.kma.or.kr/usrs/eduRegMgnt/eduRegInfoDetailForm.do?p_edutype_cd=001&p_crscd=111391&p_crsseq_id=125716&p_ctgry_id=557&p_hmpgcd=30&mkey=36325,2026-09-30T00:00:00Z,INCLUDED,VERIFIED,KMA 직무교육 '[여의도] 설득력 있는 실전 보고서 작성 스킬(with MS Office)'(공통·사무기획) 원문 실무 커리큘럼 부합
KMA,SQLITE_DB,111389,1,SQL_KMA_111389,[여의도] AI와 함께하는 스마트한 파워포인트 제작 기법,한국능률협회,인접(일반사무),공통·사무기획,,,,14.0,2.0,중급/실무,690000.0,https://www.kma.or.kr/usrs/eduRegMgnt/eduRegInfoDetailForm.do?p_edutype_cd=001&p_crscd=111389&p_crsseq_id=125700&p_ctgry_id=557&p_hmpgcd=30&mkey=36325,2026-09-30T00:00:00Z,REVIEW_NEEDED,REVIEW_NEEDED,과정명 맥락상 인사·총무와의 직접 연계성 추가 검토 필요
KMA,SQLITE_DB,112242,1,SQL_KMA_112242,[여의도] AI와 MS Office로 끝내는 기획·보고서 작성 실무,한국능률협회,총무·사무행정,공통·사무기획,,,,14.0,2.0,중급/실무,690000.0,https://www.kma.or.kr/usrs/eduRegMgnt/eduRegInfoDetailForm.do?p_edutype_cd=001&p_crscd=112242&p_crsseq_id=128239&p_ctgry_id=685&p_hmpgcd=30&mkey=37226,2026-09-30T00:00:00Z,INCLUDED,VERIFIED,KMA 직무교육 '[여의도] AI와 MS Office로 끝내는 기획·보고서 작성 실무'(공통·사무기획) 원문 실무 커리큘럼 부합
KMA,SQLITE_DB,112237,1,SQL_KMA_112237,[여의도] AI로 기획하고 MS-Word로 완성하는 칼퇴 문서 작성법,한국능률협회,인접(일반사무),공통·사무기획,,,,6.0,1.0,중급/실무,490000.0,https://www.kma.or.kr/usrs/eduRegMgnt/eduRegInfoDetailForm.do?p_edutype_cd=001&p_crscd=112237&p_crsseq_id=128216&p_ctgry_id=557&p_hmpgcd=30&mkey=36325,2026-09-30T00:00:00Z,REVIEW_NEEDED,REVIEW_NEEDED,과정명 맥락상 인사·총무와의 직접 연계성 추가 검토 필요
KMA,SQLITE_DB,111395,1,SQL_KMA_111395,[여의도] 정책보고서 작성의 길잡이,한국능률협회,총무·사무행정,공통·사무기획,,,,7.0,1.0,중급/실무,490000.0,https://www.kma.or.kr/usrs/eduRegMgnt/eduRegInfoDetailForm.do?p_edutype_cd=001&p_crscd=111395&p_crsseq_id=125734&p_ctgry_id=654&p_hmpgcd=30&mkey=37151,2026-09-30T00:00:00Z,INCLUDED,VERIFIED,KMA 직무교육 '[여의도] 정책보고서 작성의 길잡이'(공통·사무기획) 원문 실무 커리큘럼 부합
KMA,SQLITE_DB,111308,1,SQL_KMA_111308,[여의도] GPT-5 ∙ R ∙ Python을 활용한 빅데이터 분석 및 보고서 작성,한국능률협회,총무·사무행정,공통·사무기획,,,,14.0,2.0,중급/실무,690000.0,https://www.kma.or.kr/usrs/eduRegMgnt/eduRegInfoDetailForm.do?p_edutype_cd=001&p_crscd=111308&p_crsseq_id=125269&p_ctgry_id=568&p_hmpgcd=30&mkey=36336,2026-09-30T00:00:00Z,INCLUDED,VERIFIED,KMA 직무교육 '[여의도] GPT-5 ∙ R ∙ Python을 활용한 빅데이터 분석 및 보고서 작성'(공통·사무기획) 원문 실무 커리큘럼 부합
KMA,SQLITE_DB,111156,1,SQL_KMA_111156,[여의도] 생성형 AI 엑셀/PPT 보고서 작성,한국능률협회,총무·사무행정,공통·사무기획,,,,7.0,1.0,중급/실무,490000.0,https://www.kma.or.kr/usrs/eduRegMgnt/eduRegInfoDetailForm.do?p_edutype_cd=001&p_crscd=111156&p_crsseq_id=124678&p_ctgry_id=685&p_hmpgcd=30&mkey=37226,2026-09-30T00:00:00Z,INCLUDED,VERIFIED,KMA 직무교육 '[여의도] 생성형 AI 엑셀/PPT 보고서 작성'(공통·사무기획) 원문 실무 커리큘럼 부합
KMA,SQLITE_DB,111157,1,SQL_KMA_111157,[여의도] AI로 더 빠른! 일잘러의 원페이지 보고서 작성 비법,한국능률협회,총무·사무행정,공통·사무기획,,,,14.0,2.0,중급/실무,690000.0,https://www.kma.or.kr/usrs/eduRegMgnt/eduRegInfoDetailForm.do?p_edutype_cd=001&p_crscd=111157&p_crsseq_id=124689&p_ctgry_id=685&p_hmpgcd=30&mkey=37226,2026-09-30T00:00:00Z,INCLUDED,VERIFIED,KMA 직무교육 '[여의도] AI로 더 빠른! 일잘러의 원페이지 보고서 작성 비법'(공통·사무기획) 원문 실무 커리큘럼 부합
KMA,SQLITE_DB,111399,1,SQL_KMA_111399,[여의도] 맥킨지 방식의 비즈니스 보고서 작성 스킬,한국능률협회,총무·사무행정,공통·사무기획,,,,14.0,2.0,중급/실무,690000.0,https://www.kma.or.kr/usrs/eduRegMgnt/eduRegInfoDetailForm.do?p_edutype_cd=001&p_crscd=111399&p_crsseq_id=125760&p_ctgry_id=557&p_hmpgcd=30&mkey=36325,2026-09-30T00:00:00Z,INCLUDED,VERIFIED,KMA 직무교육 '[여의도] 맥킨지 방식의 비즈니스 보고서 작성 스킬'(공통·사무기획) 원문 실무 커리큘럼 부합
KMA,SQLITE_DB,111158,1,SQL_KMA_111158,[여의도] 일잘러의 AI 활용 기획 및 기획서 작성 A to Z,한국능률협회,총무·사무행정,공통·사무기획,,,,14.0,2.0,중급/실무,690000.0,https://www.kma.or.kr/usrs/eduRegMgnt/eduRegInfoDetailForm.do?p_edutype_cd=001&p_crscd=111158&p_crsseq_id=124696&p_ctgry_id=685&p_hmpgcd=30&mkey=37226,2026-09-30T00:00:00Z,INCLUDED,VERIFIED,KMA 직무교육 '[여의도] 일잘러의 AI 활용 기획 및 기획서 작성 A to Z'(공통·사무기획) 원문 실무 커리큘럼 부합
KMA,SQLITE_DB,111396,1,SQL_KMA_111396,[여의도] 비즈니스 문서 작성 실전 클리닉,한국능률협회,인접(일반사무),공통·사무기획,,,,21.0,3.0,중급/실무,890000.0,https://www.kma.or.kr/usrs/eduRegMgnt/eduRegInfoDetailForm.do?p_edutype_cd=001&p_crscd=111396&p_crsseq_id=125737&p_ctgry_id=557&p_hmpgcd=30&mkey=36325,2026-09-30T00:00:00Z,REVIEW_NEEDED,REVIEW_NEEDED,과정명 맥락상 인사·총무와의 직접 연계성 추가 검토 필요
KMA,SQLITE_DB,111215,1,SQL_KMA_111215,[비대면] AI로 더 빠른! 일잘러의 원페이지 보고서 작성 비법,한국능률협회,총무·사무행정,공통·사무기획,,,,14.0,2.0,중급/실무,590000.0,https://www.kma.or.kr/usrs/eduRegMgnt/eduRegInfoDetailForm.do?p_edutype_cd=001&p_crscd=111215&p_crsseq_id=124953&p_ctgry_id=685&p_hmpgcd=30&mkey=37226,2026-09-30T00:00:00Z,INCLUDED,VERIFIED,KMA 직무교육 '[비대면] AI로 더 빠른! 일잘러의 원페이지 보고서 작성 비법'(공통·사무기획) 원문 실무 커리큘럼 부합
KMA,SQLITE_DB,111216,1,SQL_KMA_111216,[비대면] 일잘러의 AI 활용 기획 및 기획서 작성 A to Z,한국능률협회,총무·사무행정,공통·사무기획,,,,14.0,2.0,중급/실무,590000.0,https://www.kma.or.kr/usrs/eduRegMgnt/eduRegInfoDetailForm.do?p_edutype_cd=001&p_crscd=111216&p_crsseq_id=124955&p_ctgry_id=685&p_hmpgcd=30&mkey=37226,2026-09-30T00:00:00Z,INCLUDED,VERIFIED,KMA 직무교육 '[비대면] 일잘러의 AI 활용 기획 및 기획서 작성 A to Z'(공통·사무기획) 원문 실무 커리큘럼 부합
KMA,SQLITE_DB,111394,1,SQL_KMA_111394,[여의도] 맥킨지컨설팅 방식의 비즈니스 보고서 작성 실무,한국능률협회,총무·사무행정,공통·사무기획,,,,14.0,2.0,중급/실무,690000.0,https://www.kma.or.kr/usrs/eduRegMgnt/eduRegInfoDetailForm.do?p_edutype_cd=001&p_crscd=111394&p_crsseq_id=125732&p_ctgry_id=557&p_hmpgcd=30&mkey=36325,2026-09-30T00:00:00Z,INCLUDED,VERIFIED,KMA 직무교육 '[여의도] 맥킨지컨설팅 방식의 비즈니스 보고서 작성 실무'(공통·사무기획) 원문 실무 커리큘럼 부합
KMA,SQLITE_DB,111398,1,SQL_KMA_111398,[여의도] 한번에 통하는 원페이지 보고서 작성 실무,한국능률협회,총무·사무행정,공통·사무기획,,,,14.0,2.0,중급/실무,690000.0,https://www.kma.or.kr/usrs/eduRegMgnt/eduRegInfoDetailForm.do?p_edutype_cd=001&p_crscd=111398&p_crsseq_id=125754&p_ctgry_id=557&p_hmpgcd=30&mkey=36325,2026-09-30T00:00:00Z,INCLUDED,VERIFIED,KMA 직무교육 '[여의도] 한번에 통하는 원페이지 보고서 작성 실무'(공통·사무기획) 원문 실무 커리큘럼 부합
KMA,SQLITE_DB,112195,1,SQL_KMA_112195,[여의도] 한번에 통하는 원페이지 보고서 작성 스킬 (with AI),한국능률협회,총무·사무행정,공통·사무기획,,,,14.0,2.0,중급/실무,690000.0,https://www.kma.or.kr/usrs/eduRegMgnt/eduRegInfoDetailForm.do?p_edutype_cd=001&p_crscd=112195&p_crsseq_id=128027&p_ctgry_id=561&p_hmpgcd=30&mkey=36329,2026-09-30T00:00:00Z,INCLUDED,VERIFIED,KMA 직무교육 '[여의도] 한번에 통하는 원페이지 보고서 작성 스킬 (with AI)'(공통·사무기획) 원문 실무 커리큘럼 부합
KMA,SQLITE_DB,112193,1,SQL_KMA_112193,[여의도] 맥킨지컨설팅 방식의 비즈니스 보고서 작성 실무 (with AI),한국능률협회,총무·사무행정,공통·사무기획,,,,14.0,2.0,중급/실무,690000.0,https://www.kma.or.kr/usrs/eduRegMgnt/eduRegInfoDetailForm.do?p_edutype_cd=001&p_crscd=112193&p_crsseq_id=128018&p_ctgry_id=561&p_hmpgcd=30&mkey=36329,2026-09-30T00:00:00Z,INCLUDED,VERIFIED,KMA 직무교육 '[여의도] 맥킨지컨설팅 방식의 비즈니스 보고서 작성 실무 (with AI)'(공통·사무기획) 원문 실무 커리큘럼 부합
KMA,SQLITE_DB,112092,1,SQL_KMA_112092,[여의도] 업무를 혁신하는 생성형AI 활용 텍스트 분석과 보고서 작성,한국능률협회,총무·사무행정,공통·사무기획,,,,12.0,2.0,중급/실무,720000.0,https://www.kma.or.kr/usrs/eduRegMgnt/eduRegInfoDetailForm.do?p_edutype_cd=001&p_crscd=112092&p_crsseq_id=127495&p_ctgry_id=568&p_hmpgcd=30&mkey=36336,2026-09-30T00:00:00Z,INCLUDED,VERIFIED,KMA 직무교육 '[여의도] 업무를 혁신하는 생성형AI 활용 텍스트 분석과 보고서 작성'(공통·사무기획) 원문 실무 커리큘럼 부합
KMA,SQLITE_DB,111870,1,SQL_KMA_111870,"[여의도] AI 활용, 기획안 설득력 · 기획서 전달력 마스터",한국능률협회,총무·사무행정,공통·사무기획,,,,7.0,1.0,중급/실무,490000.0,https://www.kma.or.kr/usrs/eduRegMgnt/eduRegInfoDetailForm.do?p_edutype_cd=001&p_crscd=111870&p_crsseq_id=127436&p_ctgry_id=698&p_hmpgcd=30&mkey=37240,2026-09-30T00:00:00Z,INCLUDED,VERIFIED,"KMA 직무교육 '[여의도] AI 활용, 기획안 설득력 · 기획서 전달력 마스터'(공통·사무기획) 원문 실무 커리큘럼 부합"
KMA,SQLITE_DB,111311,1,SQL_KMA_111311,"[여의도] 웹 데이터(논문, 뉴스, 특허) 수집 및 비정형 보고서 작성 실무",한국능률협회,총무·사무행정,공통·사무기획,,,,12.0,2.0,중급/실무,690000.0,https://www.kma.or.kr/usrs/eduRegMgnt/eduRegInfoDetailForm.do?p_edutype_cd=001&p_crscd=111311&p_crsseq_id=125282&p_ctgry_id=568&p_hmpgcd=30&mkey=36336,2026-09-30T00:00:00Z,INCLUDED,VERIFIED,"KMA 직무교육 '[여의도] 웹 데이터(논문, 뉴스, 특허) 수집 및 비정형 보고서 작성 실무'(공통·사무기획) 원문 실무 커리큘럼 부합"
KMA,SQLITE_DB,112095,1,SQL_KMA_112095,[여의도] 클릭만으로 배우는 생성형 AI 빅데이터 분석 및 보고서 작성 (with 크롬확장프로그램),한국능률협회,총무·사무행정,공통·사무기획,,,,14.0,2.0,중급/실무,690000.0,https://www.kma.or.kr/usrs/eduRegMgnt/eduRegInfoDetailForm.do?p_edutype_cd=001&p_crscd=112095&p_crsseq_id=127512&p_ctgry_id=568&p_hmpgcd=30&mkey=36336,2026-09-30T00:00:00Z,INCLUDED,VERIFIED,KMA 직무교육 '[여의도] 클릭만으로 배우는 생성형 AI 빅데이터 분석 및 보고서 작성 (with 크롬확장프로그램)'(공통·사무기획) 원문 실무 커리큘럼 부합
KMA,SQLITE_DB,112093,1,SQL_KMA_112093,"[여의도] 웹 데이터(논문, 뉴스, 특허) 수집 및 보고서 작성 (with 크롬확장프로그램)",한국능률협회,총무·사무행정,공통·사무기획,,,,12.0,2.0,중급/실무,690000.0,https://www.kma.or.kr/usrs/eduRegMgnt/eduRegInfoDetailForm.do?p_edutype_cd=001&p_crscd=112093&p_crsseq_id=127503&p_ctgry_id=568&p_hmpgcd=30&mkey=36336,2026-09-30T00:00:00Z,INCLUDED,VERIFIED,"KMA 직무교육 '[여의도] 웹 데이터(논문, 뉴스, 특허) 수집 및 보고서 작성 (with 크롬확장프로그램)'(공통·사무기획) 원문 실무 커리큘럼 부합"
KMA,SQLITE_DB,111553,1,SQL_KMA_111553,[여의도] 공공기관 실무자를 위한 보고서 작성 실무,한국능률협회,총무·사무행정,공통·사무기획,,,,14.0,2.0,중급/실무,690000.0,https://www.kma.or.kr/usrs/eduRegMgnt/eduRegInfoDetailForm.do?p_edutype_cd=001&p_crscd=111553&p_crsseq_id=126304&p_ctgry_id=654&p_hmpgcd=30&mkey=37151,2026-09-30T00:00:00Z,INCLUDED,VERIFIED,KMA 직무교육 '[여의도] 공공기관 실무자를 위한 보고서 작성 실무'(공통·사무기획) 원문 실무 커리큘럼 부합
KMA,SQLITE_DB,111290,1,SQL_KMA_111290,[여의도] AI기반 금융 데이터 분석 및 보고서 작성 자동화,한국능률협회,총무·사무행정,공통·사무기획,,,,7.0,1.0,중급/실무,490000.0,https://www.kma.or.kr/usrs/eduRegMgnt/eduRegInfoDetailForm.do?p_edutype_cd=001&p_crscd=111290&p_crsseq_id=125201&p_ctgry_id=686&p_hmpgcd=30&mkey=37227,2026-09-30T00:00:00Z,INCLUDED,VERIFIED,KMA 직무교육 '[여의도] AI기반 금융 데이터 분석 및 보고서 작성 자동화'(공통·사무기획) 원문 실무 커리큘럼 부합
KMA,SQLITE_DB,111184,1,SQL_KMA_111184,[여의도] 교육담당자 기본,한국능률협회,인접(일반사무),인사·조직관리,,,,14.0,2.0,중급/실무,640000.0,https://www.kma.or.kr/usrs/eduRegMgnt/eduRegInfoDetailForm.do?p_edutype_cd=001&p_crscd=111184&p_crsseq_id=124826&p_ctgry_id=659&p_hmpgcd=30&mkey=37146,2026-09-30T00:00:00Z,REVIEW_NEEDED,REVIEW_NEEDED,과정명 맥락상 인사·총무와의 직접 연계성 추가 검토 필요
KMA,SQLITE_DB,111185,1,SQL_KMA_111185,[여의도] 교육운영 실무,한국능률협회,인접(일반사무),인사·조직관리,,,,7.0,1.0,중급/실무,430000.0,https://www.kma.or.kr/usrs/eduRegMgnt/eduRegInfoDetailForm.do?p_edutype_cd=001&p_crscd=111185&p_crsseq_id=124838&p_ctgry_id=659&p_hmpgcd=30&mkey=37146,2026-09-30T00:00:00Z,REVIEW_NEEDED,REVIEW_NEEDED,과정명 맥락상 인사·총무와의 직접 연계성 추가 검토 필요
KMA,SQLITE_DB,111186,1,SQL_KMA_111186,[여의도] HRD 전략과 교육체계 수립,한국능률협회,인사·총무공통,인사·조직관리,,,,14.0,2.0,중급/실무,640000.0,https://www.kma.or.kr/usrs/eduRegMgnt/eduRegInfoDetailForm.do?p_edutype_cd=001&p_crscd=111186&p_crsseq_id=124850&p_ctgry_id=659&p_hmpgcd=30&mkey=37146,2026-09-30T00:00:00Z,INCLUDED,VERIFIED,KMA 직무교육 '[여의도] HRD 전략과 교육체계 수립'(인사·조직관리) 원문 실무 커리큘럼 부합
KMA,SQLITE_DB,111662,1,SQL_KMA_111662,[여의도] HRD 성과평가 실무,한국능률협회,인사·총무공통,인사·조직관리,,,,7.0,1.0,중급/실무,490000.0,https://www.kma.or.kr/usrs/eduRegMgnt/eduRegInfoDetailForm.do?p_edutype_cd=001&p_crscd=111662&p_crsseq_id=126804&p_ctgry_id=659&p_hmpgcd=30&mkey=37146,2026-09-30T00:00:00Z,INCLUDED,VERIFIED,KMA 직무교육 '[여의도] HRD 성과평가 실무'(인사·조직관리) 원문 실무 커리큘럼 부합
KMA,SQLITE_DB,111430,1,SQL_KMA_111430,[여의도] 교육효과 측정과 평가,한국능률협회,인접(일반사무),인사·조직관리,,,,14.0,2.0,중급/실무,690000.0,https://www.kma.or.kr/usrs/eduRegMgnt/eduRegInfoDetailForm.do?p_edutype_cd=001&p_crscd=111430&p_crsseq_id=125917&p_ctgry_id=659&p_hmpgcd=30&mkey=37146,2026-09-30T00:00:00Z,REVIEW_NEEDED,REVIEW_NEEDED,과정명 맥락상 인사·총무와의 직접 연계성 추가 검토 필요
KMA,SQLITE_DB,112358,1,SQL_KMA_112358,"[여의도] AI시대, 교육 담당자 기본",한국능률협회,인접(일반사무),인사·조직관리,,,,14.0,2.0,중급/실무,690000.0,https://www.kma.or.kr/usrs/eduRegMgnt/eduRegInfoDetailForm.do?p_edutype_cd=001&p_crscd=112358&p_crsseq_id=128583&p_ctgry_id=659&p_hmpgcd=30&mkey=37146,2026-09-30T00:00:00Z,REVIEW_NEEDED,REVIEW_NEEDED,과정명 맥락상 인사·총무와의 직접 연계성 추가 검토 필요
KMA,SQLITE_DB,111166,1,SQL_KMA_111166,[여의도] HR 담당자를 위한 생성형AI 업무자동화 프로젝트,한국능률협회,인접(디지털사무),인사·조직관리,,,,16.0,2.0,중급/실무,690000.0,https://www.kma.or.kr/usrs/eduRegMgnt/eduRegInfoDetailForm.do?p_edutype_cd=001&p_crscd=111166&p_crsseq_id=124734&p_ctgry_id=686&p_hmpgcd=30&mkey=37227,2026-09-30T00:00:00Z,REVIEW_NEEDED,REVIEW_NEEDED,"생성형 AI 및 엑셀 자동화 툴 강좌로, 사무행정 필수 직무 연계성 검토 요망"
KMA,SQLITE_DB,111204,1,SQL_KMA_111204,[강남] HR 담당자를 위한 인사∙노무 실무,한국능률협회,인접(일반사무),노무관리,,,,12.0,2.0,중급/실무,690000.0,https://www.kma.or.kr/usrs/eduRegMgnt/eduRegInfoDetailForm.do?p_edutype_cd=001&p_crscd=111204&p_crsseq_id=124936&p_ctgry_id=661&p_hmpgcd=30&mkey=37148,2026-09-30T00:00:00Z,REVIEW_NEEDED,REVIEW_NEEDED,과정명 맥락상 인사·총무와의 직접 연계성 추가 검토 필요
KMA,SQLITE_DB,111442,1,SQL_KMA_111442,[여의도] HR 담당자를 위한 역량모델링 실무,한국능률협회,인접(일반사무),노무관리,,,,12.0,2.0,중급/실무,690000.0,https://www.kma.or.kr/usrs/eduRegMgnt/eduRegInfoDetailForm.do?p_edutype_cd=001&p_crscd=111442&p_crsseq_id=125969&p_ctgry_id=661&p_hmpgcd=30&mkey=37148,2026-09-30T00:00:00Z,REVIEW_NEEDED,REVIEW_NEEDED,과정명 맥락상 인사·총무와의 직접 연계성 추가 검토 필요
KMA,SQLITE_DB,111450,1,SQL_KMA_111450,[여의도] 안정적인 노사관계를 위한 노동법 및 노사협의회 운영 실무,한국능률협회,인사(HR),노무관리,,,,7.0,1.0,중급/실무,490000.0,https://www.kma.or.kr/usrs/eduRegMgnt/eduRegInfoDetailForm.do?p_edutype_cd=001&p_crscd=111450&p_crsseq_id=125998&p_ctgry_id=661&p_hmpgcd=30&mkey=37148,2026-09-30T00:00:00Z,INCLUDED,VERIFIED,KMA 직무교육 '[여의도] 안정적인 노사관계를 위한 노동법 및 노사협의회 운영 실무'(노무관리) 원문 실무 커리큘럼 부합
KMA,SQLITE_DB,111439,1,SQL_KMA_111439,[여의도] 인사담당자가 꼭 알아야 할 면접스킬,한국능률협회,인사(HR),인사·채용관리,,,,12.0,2.0,중급/실무,690000.0,https://www.kma.or.kr/usrs/eduRegMgnt/eduRegInfoDetailForm.do?p_edutype_cd=001&p_crscd=111439&p_crsseq_id=125958&p_ctgry_id=661&p_hmpgcd=30&mkey=37148,2026-09-30T00:00:00Z,INCLUDED,VERIFIED,KMA 직무교육 '[여의도] 인사담당자가 꼭 알아야 할 면접스킬'(인사·채용관리) 원문 실무 커리큘럼 부합
KMA,SQLITE_DB,111441,1,SQL_KMA_111441,[여의도] HR 담당자를 위한 직무분석 실무,한국능률협회,인접(일반사무),노무관리,,,,14.0,2.0,중급/실무,690000.0,https://www.kma.or.kr/usrs/eduRegMgnt/eduRegInfoDetailForm.do?p_edutype_cd=001&p_crscd=111441&p_crsseq_id=125966&p_ctgry_id=661&p_hmpgcd=30&mkey=37148,2026-09-30T00:00:00Z,REVIEW_NEEDED,REVIEW_NEEDED,과정명 맥락상 인사·총무와의 직접 연계성 추가 검토 필요
KMA,SQLITE_DB,111438,1,SQL_KMA_111438,[여의도] 채용 법률과 트렌드: 실무자 필수 가이드,한국능률협회,인사(HR),인사·채용관리,,,,4.0,1.0,중급/실무,390000.0,https://www.kma.or.kr/usrs/eduRegMgnt/eduRegInfoDetailForm.do?p_edutype_cd=001&p_crscd=111438&p_crsseq_id=125954&p_ctgry_id=661&p_hmpgcd=30&mkey=37148,2026-09-30T00:00:00Z,INCLUDED,VERIFIED,KMA 직무교육 '[여의도] 채용 법률과 트렌드: 실무자 필수 가이드'(인사·채용관리) 원문 실무 커리큘럼 부합
KMA,SQLITE_DB,111437,1,SQL_KMA_111437,[여의도] HR 담당자를 위한 인사∙노무 실무,한국능률협회,인접(일반사무),노무관리,,,,12.0,2.0,중급/실무,690000.0,https://www.kma.or.kr/usrs/eduRegMgnt/eduRegInfoDetailForm.do?p_edutype_cd=001&p_crscd=111437&p_crsseq_id=125950&p_ctgry_id=661&p_hmpgcd=30&mkey=37148,2026-09-30T00:00:00Z,REVIEW_NEEDED,REVIEW_NEEDED,과정명 맥락상 인사·총무와의 직접 연계성 추가 검토 필요
KMA,SQLITE_DB,111446,1,SQL_KMA_111446,[여의도] HR 실무자를 위한 근로시간 및 연차휴가 관리 실전 노하우,한국능률협회,인접(일반사무),노무관리,,,,7.0,1.0,중급/실무,490000.0,https://www.kma.or.kr/usrs/eduRegMgnt/eduRegInfoDetailForm.do?p_edutype_cd=001&p_crscd=111446&p_crsseq_id=125985&p_ctgry_id=661&p_hmpgcd=30&mkey=37148,2026-09-30T00:00:00Z,REVIEW_NEEDED,REVIEW_NEEDED,과정명 맥락상 인사·총무와의 직접 연계성 추가 검토 필요
KMA,SQLITE_DB,111440,1,SQL_KMA_111440,[여의도] 채용면접위원 양성,한국능률협회,인사(HR),인사·채용관리,,,,12.0,2.0,중급/실무,690000.0,https://www.kma.or.kr/usrs/eduRegMgnt/eduRegInfoDetailForm.do?p_edutype_cd=001&p_crscd=111440&p_crsseq_id=125961&p_ctgry_id=661&p_hmpgcd=30&mkey=37148,2026-09-30T00:00:00Z,INCLUDED,VERIFIED,KMA 직무교육 '[여의도] 채용면접위원 양성'(인사·채용관리) 원문 실무 커리큘럼 부합
KMA,SQLITE_DB,111205,1,SQL_KMA_111205,"[강남] 성과 향상을 위한 인사평가(성과평가, 다면평가) 면담 Skill",한국능률협회,인사(HR),인사·평가보상,,,,7.0,1.0,중급/실무,490000.0,https://www.kma.or.kr/usrs/eduRegMgnt/eduRegInfoDetailForm.do?p_edutype_cd=001&p_crscd=111205&p_crsseq_id=124937&p_ctgry_id=698&p_hmpgcd=30&mkey=37240,2026-09-30T00:00:00Z,INCLUDED,VERIFIED,"KMA 직무교육 '[강남] 성과 향상을 위한 인사평가(성과평가, 다면평가) 면담 Skill'(인사·평가보상) 원문 실무 커리큘럼 부합"
KMA,SQLITE_DB,112331,1,SQL_KMA_112331,[여의도] 안정적인 노사관계를 위한 노동법 및 노사협의회 운영실무,한국능률협회,인사(HR),노무관리,,,,7.0,1.0,중급/실무,490000.0,https://www.kma.or.kr/usrs/eduRegMgnt/eduRegInfoDetailForm.do?p_edutype_cd=001&p_crscd=112331&p_crsseq_id=128542&p_ctgry_id=661&p_hmpgcd=30&mkey=37148,2026-09-30T00:00:00Z,INCLUDED,VERIFIED,KMA 직무교육 '[여의도] 안정적인 노사관계를 위한 노동법 및 노사협의회 운영실무'(노무관리) 원문 실무 커리큘럼 부합
KMA,SQLITE_DB,112349,1,SQL_KMA_112349,[비대면] HR 담당자를 위한 인사∙노무 실무,한국능률협회,인접(일반사무),노무관리,,,,12.0,2.0,중급/실무,590000.0,https://www.kma.or.kr/usrs/eduRegMgnt/eduRegInfoDetailForm.do?p_edutype_cd=001&p_crscd=112349&p_crsseq_id=128565&p_ctgry_id=661&p_hmpgcd=30&mkey=37148,2026-09-30T00:00:00Z,REVIEW_NEEDED,REVIEW_NEEDED,과정명 맥락상 인사·총무와의 직접 연계성 추가 검토 필요
KMA,SQLITE_DB,112029,1,SQL_KMA_112029,[온라인][자격] 채용면접전문가,한국능률협회,인사(HR),인사·채용관리,,,,4.0,30.0,고급/전문,300000.0,https://www.kma.or.kr/usrs/eduRegMgnt/eduRegInfoDetailForm.do?p_edutype_cd=002&p_crscd=112029&p_crsseq_id=127366&p_ctgry_id=664&p_hmpgcd=30&mkey=37172,2026-09-30T00:00:00Z,INCLUDED,VERIFIED,KMA 직무교육 '[온라인][자격] 채용면접전문가'(인사·채용관리) 원문 실무 커리큘럼 부합
KMA,SQLITE_DB,112020,1,SQL_KMA_112020,[단체][자격] 생성형AI 활용 HR 전문가,한국능률협회,인접(디지털사무),인사·조직관리,,,,16.0,3.0,고급/전문,0.0,https://www.kma.or.kr/usrs/eduRegMgnt/eduRegInfoDetailForm.do?p_edutype_cd=002&p_crscd=112020&p_crsseq_id=127349&p_ctgry_id=664&p_hmpgcd=30&mkey=37172,2026-09-30T00:00:00Z,REVIEW_NEEDED,REVIEW_NEEDED,"생성형 AI 및 엑셀 자동화 툴 강좌로, 사무행정 필수 직무 연계성 검토 요망"
KMA,SQLITE_DB,110300,1,SQL_KMA_110300,[자격][온라인] 채용전문면접관,한국능률협회,인사(HR),인사·채용관리,,,,7.0,30.0,중급/실무,300000.0,https://www.kma.or.kr/usrs/eduRegMgnt/eduRegInfoDetailForm.do?p_edutype_cd=002&p_crscd=110300&p_crsseq_id=126735&p_ctgry_id=665&p_hmpgcd=30&mkey=37170,2026-09-30T00:00:00Z,INCLUDED,VERIFIED,KMA 직무교육 '[자격][온라인] 채용전문면접관'(인사·채용관리) 원문 실무 커리큘럼 부합
KMA,SQLITE_DB,110000,1,SQL_KMA_110000,[온라인][자격] 부동산자산관리지도사,한국능률협회,비관련(타분야),총무·자산관리,,,,10.0,30.0,중급/실무,300000.0,https://www.kma.or.kr/usrs/eduRegMgnt/eduRegInfoDetailForm.do?p_edutype_cd=002&p_crscd=110000&p_crsseq_id=126663&p_ctgry_id=668&p_hmpgcd=30&mkey=37179,2026-09-30T00:00:00Z,EXCLUDED,UNSUPPORTED,IT개발/어학/제조/개인재테크 등 비관련 전문 분야로 판정 (매칭: [온라인][자격] 부동산자산관리지도사)
KMA,SQLITE_DB,111518,1,SQL_KMA_111518,[여의도] Smart 전문비서 역량개발,한국능률협회,인접(일반사무),비서·사무지원,,,,14.0,2.0,중급/실무,690000.0,https://www.kma.or.kr/usrs/eduRegMgnt/eduRegInfoDetailForm.do?p_edutype_cd=001&p_crscd=111518&p_crsseq_id=126242&p_ctgry_id=674&p_hmpgcd=30&mkey=37207,2026-09-30T00:00:00Z,REVIEW_NEEDED,REVIEW_NEEDED,과정명 맥락상 인사·총무와의 직접 연계성 추가 검토 필요
KMA,SQLITE_DB,111867,1,SQL_KMA_111867,[여의도] AI와 최강 비서 역량 마스터,한국능률협회,인접(일반사무),비서·사무지원,,,,14.0,2.0,중급/실무,690000.0,https://www.kma.or.kr/usrs/eduRegMgnt/eduRegInfoDetailForm.do?p_edutype_cd=001&p_crscd=111867&p_crsseq_id=127472&p_ctgry_id=698&p_hmpgcd=30&mkey=37240,2026-09-30T00:00:00Z,REVIEW_NEEDED,REVIEW_NEEDED,과정명 맥락상 인사·총무와의 직접 연계성 추가 검토 필요
KMA,SQLITE_DB,112121,1,SQL_KMA_112121,"[비대면] AI 시대, 실무에 바로 쓰는 공문서 및 보고서 작성 실무",한국능률협회,총무·사무행정,공통·사무기획,,,,3.0,1.0,중급/실무,350000.0,https://www.kma.or.kr/usrs/eduRegMgnt/eduRegInfoDetailForm.do?p_edutype_cd=001&p_crscd=112121&p_crsseq_id=127624&p_ctgry_id=685&p_hmpgcd=30&mkey=37226,2026-09-30T00:00:00Z,INCLUDED,VERIFIED,"KMA 직무교육 '[비대면] AI 시대, 실무에 바로 쓰는 공문서 및 보고서 작성 실무'(공통·사무기획) 원문 실무 커리큘럼 부합"
KMA,SQLITE_DB,111350,1,SQL_KMA_111350,[여의도] [국제공인자격] Extended DISC® 전문가 양성,한국능률협회,인접(일반사무),인사·조직관리,,,,14.0,2.0,고급/전문,690000.0,https://www.kma.or.kr/usrs/eduRegMgnt/eduRegInfoDetailForm.do?p_edutype_cd=001&p_crscd=111350&p_crsseq_id=125455&p_ctgry_id=688&p_hmpgcd=30&mkey=37229,2026-09-30T00:00:00Z,REVIEW_NEEDED,REVIEW_NEEDED,과정명 맥락상 인사·총무와의 직접 연계성 추가 검토 필요
KMA,SQLITE_DB,111349,1,SQL_KMA_111349,"[여의도] Culture Shift, 조직문화 혁신 전략",한국능률협회,인접(리더십/조직),인사·조직관리,,,,12.0,2.0,중급/실무,690000.0,https://www.kma.or.kr/usrs/eduRegMgnt/eduRegInfoDetailForm.do?p_edutype_cd=001&p_crscd=111349&p_crsseq_id=125445&p_ctgry_id=688&p_hmpgcd=30&mkey=37229,2026-09-30T00:00:00Z,REVIEW_NEEDED,REVIEW_NEEDED,"리더십/조직문화/소통 강좌로, 인사(HRD) 부서 적용 범위 추가 검토 요망"
KMA,SQLITE_DB,111351,1,SQL_KMA_111351,"[여의도] 나도 컨설턴트, 조직진단 및 조직개발 실무",한국능률협회,인접(일반사무),인사·조직관리,,,,14.0,2.0,중급/실무,690000.0,https://www.kma.or.kr/usrs/eduRegMgnt/eduRegInfoDetailForm.do?p_edutype_cd=001&p_crscd=111351&p_crsseq_id=125462&p_ctgry_id=688&p_hmpgcd=30&mkey=37229,2026-09-30T00:00:00Z,REVIEW_NEEDED,REVIEW_NEEDED,과정명 맥락상 인사·총무와의 직접 연계성 추가 검토 필요
KMA,SQLITE_DB,111352,1,SQL_KMA_111352,[여의도] 공정성 인식을 통한 긍정적 조직문화 형성,한국능률협회,비관련(타분야),인사·조직관리,,,,7.0,1.0,중급/실무,490000.0,https://www.kma.or.kr/usrs/eduRegMgnt/eduRegInfoDetailForm.do?p_edutype_cd=001&p_crscd=111352&p_crsseq_id=125466&p_ctgry_id=688&p_hmpgcd=30&mkey=37229,2026-09-30T00:00:00Z,EXCLUDED,UNSUPPORTED,IT개발/어학/제조/개인재테크 등 비관련 전문 분야로 판정 (매칭: [여의도] 공정성 인식을 통한 긍정적 조직문화 형성)
KMA,SQLITE_DB,111346,1,SQL_KMA_111346,"[여의도] Culture Transformation, 조직문화 담당자 기본",한국능률협회,인접(리더십/조직),인사·조직관리,,,,21.0,3.0,중급/실무,890000.0,https://www.kma.or.kr/usrs/eduRegMgnt/eduRegInfoDetailForm.do?p_edutype_cd=001&p_crscd=111346&p_crsseq_id=125433&p_ctgry_id=688&p_hmpgcd=30&mkey=37229,2026-09-30T00:00:00Z,REVIEW_NEEDED,REVIEW_NEEDED,"리더십/조직문화/소통 강좌로, 인사(HRD) 부서 적용 범위 추가 검토 요망"
KMA,SQLITE_DB,111347,1,SQL_KMA_111347,[여의도] Culture Fit 기반 조직문화 설계 워크숍,한국능률협회,인접(리더십/조직),인사·조직관리,,,,7.0,1.0,중급/실무,490000.0,https://www.kma.or.kr/usrs/eduRegMgnt/eduRegInfoDetailForm.do?p_edutype_cd=001&p_crscd=111347&p_crsseq_id=125436&p_ctgry_id=688&p_hmpgcd=30&mkey=37229,2026-09-30T00:00:00Z,REVIEW_NEEDED,REVIEW_NEEDED,"리더십/조직문화/소통 강좌로, 인사(HRD) 부서 적용 범위 추가 검토 요망"
KMA,SQLITE_DB,111348,1,SQL_KMA_111348,"[여의도] 조직문화 패러다임, Culture Deck 개발",한국능률협회,인접(리더십/조직),인사·조직관리,,,,7.0,1.0,중급/실무,490000.0,https://www.kma.or.kr/usrs/eduRegMgnt/eduRegInfoDetailForm.do?p_edutype_cd=001&p_crscd=111348&p_crsseq_id=126382&p_ctgry_id=688&p_hmpgcd=30&mkey=37229,2026-09-30T00:00:00Z,REVIEW_NEEDED,REVIEW_NEEDED,"리더십/조직문화/소통 강좌로, 인사(HRD) 부서 적용 범위 추가 검토 요망"
KMA,SQLITE_DB,112294,1,SQL_KMA_112294,[여의도] 조직진단 & 조직개발 컨설팅 실무,한국능률협회,인접(일반사무),인사·조직관리,,,,14.0,2.0,중급/실무,690000.0,https://www.kma.or.kr/usrs/eduRegMgnt/eduRegInfoDetailForm.do?p_edutype_cd=001&p_crscd=112294&p_crsseq_id=128440&p_ctgry_id=688&p_hmpgcd=30&mkey=37229,2026-09-30T00:00:00Z,REVIEW_NEEDED,REVIEW_NEEDED,과정명 맥락상 인사·총무와의 직접 연계성 추가 검토 필요
KMA,SQLITE_DB,112291,1,SQL_KMA_112291,[여의도] 성과를 만드는 조직문화: 도전과 성장의 팀 빌딩,한국능률협회,인접(리더십/조직),인사·조직관리,,,,7.0,1.0,중급/실무,490000.0,https://www.kma.or.kr/usrs/eduRegMgnt/eduRegInfoDetailForm.do?p_edutype_cd=001&p_crscd=112291&p_crsseq_id=128429&p_ctgry_id=688&p_hmpgcd=30&mkey=37229,2026-09-30T00:00:00Z,REVIEW_NEEDED,REVIEW_NEEDED,"리더십/조직문화/소통 강좌로, 인사(HRD) 부서 적용 범위 추가 검토 요망"
KMA,SQLITE_DB,112295,1,SQL_KMA_112295,[여의도] 하루만에 끝내는 조직문화 담당자 필살기 노하우,한국능률협회,인접(리더십/조직),인사·조직관리,,,,7.0,1.0,중급/실무,490000.0,https://www.kma.or.kr/usrs/eduRegMgnt/eduRegInfoDetailForm.do?p_edutype_cd=001&p_crscd=112295&p_crsseq_id=128443&p_ctgry_id=688&p_hmpgcd=30&mkey=37229,2026-09-30T00:00:00Z,REVIEW_NEEDED,REVIEW_NEEDED,"리더십/조직문화/소통 강좌로, 인사(HRD) 부서 적용 범위 추가 검토 요망"
KMA,SQLITE_DB,112298,1,SQL_KMA_112298,"[여의도] Culture Transformation, 조직문화 담당자 양성과정",한국능률협회,인접(리더십/조직),인사·조직관리,,,,21.0,3.0,중급/실무,890000.0,https://www.kma.or.kr/usrs/eduRegMgnt/eduRegInfoDetailForm.do?p_edutype_cd=001&p_crscd=112298&p_crsseq_id=128455&p_ctgry_id=688&p_hmpgcd=30&mkey=37229,2026-09-30T00:00:00Z,REVIEW_NEEDED,REVIEW_NEEDED,"리더십/조직문화/소통 강좌로, 인사(HRD) 부서 적용 범위 추가 검토 요망"
KMA,SQLITE_DB,112292,1,SQL_KMA_112292,[여의도] 육아휴직 복직자 리보딩 프로그램: 일과 가정의 균형 찾기,한국능률협회,인접(일반사무),인사·조직관리,,,,7.0,1.0,중급/실무,490000.0,https://www.kma.or.kr/usrs/eduRegMgnt/eduRegInfoDetailForm.do?p_edutype_cd=001&p_crscd=112292&p_crsseq_id=128433&p_ctgry_id=688&p_hmpgcd=30&mkey=37229,2026-09-30T00:00:00Z,REVIEW_NEEDED,REVIEW_NEEDED,과정명 맥락상 인사·총무와의 직접 연계성 추가 검토 필요
KPC,SQLITE_DB,47493,1,SQL_KPC_47493,공공기관 보고서 작성 Total Skill Up(Feat. AI & 한글),한국생산성본부,총무·사무행정,공통·사무기획,,,,14.0,2.0,중급/실무,590000.0,https://www.kpc.or.kr/PTWED003_dtil_view.do?ecno=47493&cono=151289,2026-09-30T00:00:00Z,INCLUDED,VERIFIED,KPC 직무교육 '공공기관 보고서 작성 Total Skill Up(Feat. AI & 한글)'(공통·사무기획) 원문 실무 커리큘럼 부합
KPC,SQLITE_DB,47596,1,SQL_KPC_47596,ChatGPT를 이용한 엑셀 실무,한국생산성본부,인접(일반사무),공통·사무기획,,,,7.0,1.0,중급/실무,370000.0,https://www.kpc.or.kr/PTWED003_dtil_view.do?ecno=47596&cono=152101,2026-09-30T00:00:00Z,REVIEW_NEEDED,REVIEW_NEEDED,과정명 맥락상 인사·총무와의 직접 연계성 추가 검토 필요
KPC,SQLITE_DB,46981,1,SQL_KPC_46981,[온앤오프] 인사관리기본,한국생산성본부,인사(HR),인사·조직관리,,,,18.0,3.0,중급/실무,700000.0,https://www.kpc.or.kr/PTWED003_dtil_view.do?ecno=46981&cono=149644,2026-09-30T00:00:00Z,INCLUDED,VERIFIED,KPC 직무교육 '[온앤오프] 인사관리기본'(인사·조직관리) 원문 실무 커리큘럼 부합
KPC,SQLITE_DB,47024,1,SQL_KPC_47024,고충처리 실무(성희롱 · 괴롭힘) (feat. 조사보고서 작성까지),한국생산성본부,총무·사무행정,공통·사무기획,,,,12.0,2.0,중급/실무,600000.0,https://www.kpc.or.kr/PTWED003_dtil_view.do?ecno=47024&cono=149792,2026-09-30T00:00:00Z,INCLUDED,VERIFIED,KPC 직무교육 '고충처리 실무(성희롱 · 괴롭힘) (feat. 조사보고서 작성까지)'(공통·사무기획) 원문 실무 커리큘럼 부합
KPC,SQLITE_DB,46984,1,SQL_KPC_46984,[온앤오프] 인사담당자를 위한 노동법 완전정복,한국생산성본부,인사(HR),노무관리,,,,18.0,3.0,중급/실무,700000.0,https://www.kpc.or.kr/PTWED003_dtil_view.do?ecno=46984&cono=157559,2026-09-30T00:00:00Z,INCLUDED,VERIFIED,KPC 직무교육 '[온앤오프] 인사담당자를 위한 노동법 완전정복'(노무관리) 원문 실무 커리큘럼 부합
KPC,SQLITE_DB,47312,1,SQL_KPC_47312,[HRD] 역량기반 교육체계 및 인재육성 로드맵 구축,한국생산성본부,인사(HR),인사·조직관리,,,,14.0,2.0,중급/실무,570000.0,https://www.kpc.or.kr/PTWED003_dtil_view.do?ecno=47312&cono=151171,2026-09-30T00:00:00Z,INCLUDED,VERIFIED,KPC 직무교육 '[HRD] 역량기반 교육체계 및 인재육성 로드맵 구축'(인사·조직관리) 원문 실무 커리큘럼 부합
KPC,SQLITE_DB,48201,1,SQL_KPC_48201,[AI] 관리자를 위한 AI활용 성과관리 역량향상,한국생산성본부,인사(HR),인사·평가보상,,,,7.0,1.0,중급/실무,470000.0,https://www.kpc.or.kr/PTWED003_dtil_view.do?ecno=48201&cono=155503,2026-09-30T00:00:00Z,INCLUDED,VERIFIED,KPC 직무교육 '[AI] 관리자를 위한 AI활용 성과관리 역량향상'(인사·평가보상) 원문 실무 커리큘럼 부합
KPC,SQLITE_DB,47021,1,SQL_KPC_47021,[DX&AI] 채용 분석 실무,한국생산성본부,인사(HR),인사·채용관리,,,,7.0,1.0,중급/실무,360000.0,https://www.kpc.or.kr/PTWED003_dtil_view.do?ecno=47021&cono=157542,2026-09-30T00:00:00Z,INCLUDED,VERIFIED,KPC 직무교육 '[DX&AI] 채용 분석 실무'(인사·채용관리) 원문 실무 커리큘럼 부합
KPC,SQLITE_DB,47484,1,SQL_KPC_47484,1Page 보고서 작성(실무),한국생산성본부,총무·사무행정,공통·사무기획,,,,7.0,1.0,중급/실무,420000.0,https://www.kpc.or.kr/PTWED003_dtil_view.do?ecno=47484&cono=151251,2026-09-30T00:00:00Z,INCLUDED,VERIFIED,KPC 직무교육 '1Page 보고서 작성(실무)'(공통·사무기획) 원문 실무 커리큘럼 부합
KPC,SQLITE_DB,48450,1,SQL_KPC_48450,두산_인사 전문가_성과중심 인사평가,한국생산성본부,인사(HR),인사·평가보상,,,,14.0,2.0,고급/전문,0.0,https://www.kpc.or.kr/PTWED003_dtil_view.do?ecno=48450&cono=156250,2026-09-30T00:00:00Z,INCLUDED,VERIFIED,KPC 직무교육 '두산_인사 전문가_성과중심 인사평가'(인사·평가보상) 원문 실무 커리큘럼 부합
KPC,SQLITE_DB,46996,1,SQL_KPC_46996,[온앤오프] 근로기준법실무,한국생산성본부,인사(HR),노무관리,,,,18.0,3.0,중급/실무,700000.0,https://www.kpc.or.kr/PTWED003_dtil_view.do?ecno=46996&cono=149756,2026-09-30T00:00:00Z,INCLUDED,VERIFIED,KPC 직무교육 '[온앤오프] 근로기준법실무'(노무관리) 원문 실무 커리큘럼 부합
KPC,SQLITE_DB,47489,1,SQL_KPC_47489,비즈니스문서작성실무,한국생산성본부,총무·사무행정,공통·사무기획,,,,18.0,3.0,중급/실무,680000.0,https://www.kpc.or.kr/PTWED003_dtil_view.do?ecno=47489&cono=151271,2026-09-30T00:00:00Z,INCLUDED,VERIFIED,KPC 직무교육 '비즈니스문서작성실무'(공통·사무기획) 원문 실무 커리큘럼 부합
KPC,SQLITE_DB,47464,1,SQL_KPC_47464,글로벌 비즈니스 매너,한국생산성본부,총무·사무행정,비서·사무지원,,,,7.0,1.0,중급/실무,360000.0,https://www.kpc.or.kr/PTWED003_dtil_view.do?ecno=47464&cono=151642,2026-09-30T00:00:00Z,INCLUDED,VERIFIED,KPC 직무교육 '글로벌 비즈니스 매너'(비서·사무지원) 원문 실무 커리큘럼 부합
KPC,SQLITE_DB,47303,1,SQL_KPC_47303,[HRD] [사례중심] HRD실무역량 강화,한국생산성본부,인사·총무공통,인사·조직관리,,,,14.0,2.0,중급/실무,570000.0,https://www.kpc.or.kr/PTWED003_dtil_view.do?ecno=47303&cono=151162,2026-09-30T00:00:00Z,INCLUDED,VERIFIED,KPC 직무교육 '[HRD] [사례중심] HRD실무역량 강화'(인사·조직관리) 원문 실무 커리큘럼 부합
KPC,SQLITE_DB,47123,1,SQL_KPC_47123,[AI 직무혁신] 부실기업의 재무적 특징과 보고서 작성실무,한국생산성본부,총무·사무행정,공통·사무기획,,,,7.0,1.0,중급/실무,300000.0,https://www.kpc.or.kr/PTWED003_dtil_view.do?ecno=47123&cono=150018,2026-09-30T00:00:00Z,INCLUDED,VERIFIED,KPC 직무교육 '[AI 직무혁신] 부실기업의 재무적 특징과 보고서 작성실무'(공통·사무기획) 원문 실무 커리큘럼 부합
KPC,SQLITE_DB,47257,1,SQL_KPC_47257,[1Day] 인사담당자를 위한 계약서 완전정복,한국생산성본부,인사(HR),인사·조직관리,,,,6.0,1.0,중급/실무,370000.0,https://www.kpc.or.kr/PTWED003_dtil_view.do?ecno=47257&cono=151739,2026-09-30T00:00:00Z,INCLUDED,VERIFIED,KPC 직무교육 '[1Day] 인사담당자를 위한 계약서 완전정복'(인사·조직관리) 원문 실무 커리큘럼 부합
KPC,SQLITE_DB,48405,1,SQL_KPC_48405,[AI] [HRD] 교육담당자를 위한 AI프롬프트 엔지니어링,한국생산성본부,인사·총무공통,인사·조직관리,,,,7.0,1.0,중급/실무,470000.0,https://www.kpc.or.kr/PTWED003_dtil_view.do?ecno=48405&cono=156077,2026-09-30T00:00:00Z,INCLUDED,VERIFIED,KPC 직무교육 '[AI] [HRD] 교육담당자를 위한 AI프롬프트 엔지니어링'(인사·조직관리) 원문 실무 커리큘럼 부합
KPC,SQLITE_DB,46676,1,SQL_KPC_46676,[온앤오프] 기획담당자를 위한 전략기획서 작성실무,한국생산성본부,총무·사무행정,공통·사무기획,,,,18.0,3.0,중급/실무,740000.0,https://www.kpc.or.kr/PTWED003_dtil_view.do?ecno=46676&cono=148500,2026-09-30T00:00:00Z,INCLUDED,VERIFIED,KPC 직무교육 '[온앤오프] 기획담당자를 위한 전략기획서 작성실무'(공통·사무기획) 원문 실무 커리큘럼 부합
KPC,SQLITE_DB,48136,1,SQL_KPC_48136,기업회생관리인 감사 양성,한국생산성본부,인접(일반사무),총무·일반사무,,,,54.0,18.0,중급/실무,2900000.0,https://www.kpc.or.kr/PTWED003_dtil_view.do?ecno=48136&cono=157578,2026-09-30T00:00:00Z,REVIEW_NEEDED,REVIEW_NEEDED,과정명 맥락상 인사·총무와의 직접 연계성 추가 검토 필요
KPC,SQLITE_DB,47017,1,SQL_KPC_47017,노동위원회 사례로 배우는 노무관리실무,한국생산성본부,인사(HR),노무관리,,,,14.0,2.0,중급/실무,600000.0,https://www.kpc.or.kr/PTWED003_dtil_view.do?ecno=47017&cono=149799,2026-09-30T00:00:00Z,INCLUDED,VERIFIED,KPC 직무교육 '노동위원회 사례로 배우는 노무관리실무'(노무관리) 원문 실무 커리큘럼 부합
KPC,SQLITE_DB,47751,1,SQL_KPC_47751,부동산임대차계약실무,한국생산성본부,비관련(타분야),기타·인사총무,,,,,,중급/실무,,https://www.kpc.or.kr/PTWED003_dtil_view.do?ecno=47751&cono=152351,2026-09-30T00:00:00Z,EXCLUDED,UNSUPPORTED,IT개발/어학/제조/개인재테크 등 비관련 전문 분야로 판정 (매칭: 부동산임대차계약실무)
KPC,SQLITE_DB,46681,1,SQL_KPC_46681,[AI WORKS] ChatGPT 활용 전략기획서 작성 실무,한국생산성본부,총무·사무행정,공통·사무기획,,,,7.0,1.0,중급/실무,450000.0,https://www.kpc.or.kr/PTWED003_dtil_view.do?ecno=46681&cono=148456,2026-09-30T00:00:00Z,INCLUDED,VERIFIED,KPC 직무교육 '[AI WORKS] ChatGPT 활용 전략기획서 작성 실무'(공통·사무기획) 원문 실무 커리큘럼 부합
KPC,SQLITE_DB,47011,1,SQL_KPC_47011,우수인재 선발을 위한 면접관 역량개발,한국생산성본부,인사(HR),인사·채용관리,,,,7.0,1.0,중급/실무,360000.0,https://www.kpc.or.kr/PTWED003_dtil_view.do?ecno=47011&cono=157556,2026-09-30T00:00:00Z,INCLUDED,VERIFIED,KPC 직무교육 '우수인재 선발을 위한 면접관 역량개발'(인사·채용관리) 원문 실무 커리큘럼 부합
KPC,SQLITE_DB,47245,1,SQL_KPC_47245,[1Day] K-ESG 지표별 HR 대응전략,한국생산성본부,인접(일반사무),인사·조직관리,,,,6.0,1.0,중급/실무,370000.0,https://www.kpc.or.kr/PTWED003_dtil_view.do?ecno=47245&cono=151688,2026-09-30T00:00:00Z,REVIEW_NEEDED,REVIEW_NEEDED,과정명 맥락상 인사·총무와의 직접 연계성 추가 검토 필요
KPC,SQLITE_DB,49013,1,SQL_KPC_49013,[하루완성] 설득력 있는 보고서 작성 핵심 스킬,한국생산성본부,총무·사무행정,공통·사무기획,,,,7.0,1.0,중급/실무,420000.0,https://www.kpc.or.kr/PTWED003_dtil_view.do?ecno=49013&cono=157935,2026-09-30T00:00:00Z,INCLUDED,VERIFIED,KPC 직무교육 '[하루완성] 설득력 있는 보고서 작성 핵심 스킬'(공통·사무기획) 원문 실무 커리큘럼 부합
KPC,SQLITE_DB,49312,1,SQL_KPC_49312,2026년 KPC HRD 트렌드 세미나(무료),한국생산성본부,인사·총무공통,인사·조직관리,,,,3.0,1.0,중급/실무,0.0,https://www.kpc.or.kr/PTWED003_dtil_view.do?ecno=49312&cono=159001,2026-09-30T00:00:00Z,INCLUDED,VERIFIED,KPC 직무교육 '2026년 KPC HRD 트렌드 세미나(무료)'(인사·조직관리) 원문 실무 커리큘럼 부합
KPC,SQLITE_DB,48451,1,SQL_KPC_48451,두산_인사 전문가_인사노무 리스크 예방,한국생산성본부,인접(일반사무),노무관리,,,,14.0,2.0,고급/전문,0.0,https://www.kpc.or.kr/PTWED003_dtil_view.do?ecno=48451&cono=156247,2026-09-30T00:00:00Z,REVIEW_NEEDED,REVIEW_NEEDED,과정명 맥락상 인사·총무와의 직접 연계성 추가 검토 필요
KPC,SQLITE_DB,47015,1,SQL_KPC_47015,생성형 AI를 활용한 HR 업무 효율화,한국생산성본부,인접(디지털사무),인사·조직관리,,,,6.0,1.0,중급/실무,400000.0,https://www.kpc.or.kr/PTWED003_dtil_view.do?ecno=47015&cono=149720,2026-09-30T00:00:00Z,REVIEW_NEEDED,REVIEW_NEEDED,"생성형 AI 및 엑셀 자동화 툴 강좌로, 사무행정 필수 직무 연계성 검토 요망"
KPC,SQLITE_DB,47005,1,SQL_KPC_47005,2026년 하루에 배우는 최신노무관리 Essence,한국생산성본부,인사(HR),노무관리,,,,7.0,1.0,중급/실무,360000.0,https://www.kpc.or.kr/PTWED003_dtil_view.do?ecno=47005&cono=156435,2026-09-30T00:00:00Z,INCLUDED,VERIFIED,KPC 직무교육 '2026년 하루에 배우는 최신노무관리 Essence'(노무관리) 원문 실무 커리큘럼 부합
KPC,SQLITE_DB,47302,1,SQL_KPC_47302,[HRD] [Advanced] HRD전문가 양성과정,한국생산성본부,인사·총무공통,인사·조직관리,,,,21.0,3.0,고급/전문,730000.0,https://www.kpc.or.kr/PTWED003_dtil_view.do?ecno=47302&cono=151141,2026-09-30T00:00:00Z,INCLUDED,VERIFIED,KPC 직무교육 '[HRD] [Advanced] HRD전문가 양성과정'(인사·조직관리) 원문 실무 커리큘럼 부합
KPC,SQLITE_DB,47306,1,SQL_KPC_47306,[HRD] 교육기획 및 운영실무,한국생산성본부,인사·총무공통,인사·조직관리,,,,18.0,3.0,중급/실무,670000.0,https://www.kpc.or.kr/PTWED003_dtil_view.do?ecno=47306&cono=151157,2026-09-30T00:00:00Z,INCLUDED,VERIFIED,KPC 직무교육 '[HRD] 교육기획 및 운영실무'(인사·조직관리) 원문 실무 커리큘럼 부합
KPC,SQLITE_DB,46982,1,SQL_KPC_46982,[온앤오프] 인사관리종합,한국생산성본부,인사(HR),인사·조직관리,,,,18.0,3.0,중급/실무,700000.0,https://www.kpc.or.kr/PTWED003_dtil_view.do?ecno=46982&cono=149636,2026-09-30T00:00:00Z,INCLUDED,VERIFIED,KPC 직무교육 '[온앤오프] 인사관리종합'(인사·조직관리) 원문 실무 커리큘럼 부합
KPC,SQLITE_DB,48871,1,SQL_KPC_48871,"[1Day] 인사평가 트랜드, 절대평가와 Calibration Meeting",한국생산성본부,인사(HR),인사·평가보상,,,,7.0,1.0,중급/실무,0.0,https://www.kpc.or.kr/PTWED003_dtil_view.do?ecno=48871&cono=157540,2026-09-30T00:00:00Z,INCLUDED,VERIFIED,"KPC 직무교육 '[1Day] 인사평가 트랜드, 절대평가와 Calibration Meeting'(인사·평가보상) 원문 실무 커리큘럼 부합"
KPC,SQLITE_DB,47001,1,SQL_KPC_47001,[온앤오프] 근로기준법 기본해설,한국생산성본부,인사(HR),노무관리,,,,18.0,3.0,중급/실무,700000.0,https://www.kpc.or.kr/PTWED003_dtil_view.do?ecno=47001&cono=149763,2026-09-30T00:00:00Z,INCLUDED,VERIFIED,KPC 직무교육 '[온앤오프] 근로기준법 기본해설'(노무관리) 원문 실무 커리큘럼 부합
KPC,SQLITE_DB,47310,1,SQL_KPC_47310,[조직문화] 멘토링 전문가 양성과정(멘토링 기획 및 운영),한국생산성본부,인접(리더십/조직),인사·조직관리,,,,15.0,2.0,고급/전문,570000.0,https://www.kpc.or.kr/PTWED003_dtil_view.do?ecno=47310&cono=151184,2026-09-30T00:00:00Z,REVIEW_NEEDED,REVIEW_NEEDED,"리더십/조직문화/소통 강좌로, 인사(HRD) 부서 적용 범위 추가 검토 요망"
KPC,SQLITE_DB,47256,1,SQL_KPC_47256,전문 비서 스킬 UP,한국생산성본부,인접(일반사무),비서·사무지원,,,,14.0,2.0,중급/실무,510000.0,https://www.kpc.or.kr/PTWED003_dtil_view.do?ecno=47256&cono=151737,2026-09-30T00:00:00Z,REVIEW_NEEDED,REVIEW_NEEDED,과정명 맥락상 인사·총무와의 직접 연계성 추가 검토 필요
KPC,SQLITE_DB,47841,1,SQL_KPC_47841,"(ChatGPT 활용) 마케팅 보고서 작성 실무 (분석, 보고서, PPT 작성까지)(지역)",한국생산성본부,총무·사무행정,공통·사무기획,,,,7.0,1.0,중급/실무,290000.0,https://www.kpc.or.kr/PTWED003_dtil_view.do?ecno=47841&cono=153109,2026-09-30T00:00:00Z,INCLUDED,VERIFIED,"KPC 직무교육 '(ChatGPT 활용) 마케팅 보고서 작성 실무 (분석, 보고서, PPT 작성까지)(지역)'(공통·사무기획) 원문 실무 커리큘럼 부합"
KPC,SQLITE_DB,47301,1,SQL_KPC_47301,[온보딩] 슬기로운 조직생활,한국생산성본부,인사(HR),인사·채용관리,,,,14.0,2.0,중급/실무,570000.0,https://www.kpc.or.kr/PTWED003_dtil_view.do?ecno=47301&cono=158546,2026-09-30T00:00:00Z,INCLUDED,VERIFIED,KPC 직무교육 '[온보딩] 슬기로운 조직생활'(인사·채용관리) 원문 실무 커리큘럼 부합
KPC,SQLITE_DB,46979,1,SQL_KPC_46979,[온앤오프] HR·GA 온보딩 패키지,한국생산성본부,인사(HR),인사·채용관리,,,,14.0,2.0,중급/실무,600000.0,https://www.kpc.or.kr/PTWED003_dtil_view.do?ecno=46979&cono=157552,2026-09-30T00:00:00Z,INCLUDED,VERIFIED,KPC 직무교육 '[온앤오프] HR·GA 온보딩 패키지'(인사·채용관리) 원문 실무 커리큘럼 부합
KPC,SQLITE_DB,46980,1,SQL_KPC_46980,성과관리실무,한국생산성본부,인사(HR),인사·평가보상,,,,18.0,3.0,중급/실무,700000.0,https://www.kpc.or.kr/PTWED003_dtil_view.do?ecno=46980&cono=149684,2026-09-30T00:00:00Z,INCLUDED,VERIFIED,KPC 직무교육 '성과관리실무'(인사·평가보상) 원문 실무 커리큘럼 부합
KPC,SQLITE_DB,47362,1,SQL_KPC_47362,1page 연구보고서 작성 노하우,한국생산성본부,총무·사무행정,공통·사무기획,,,,7.0,1.0,중급/실무,290000.0,https://www.kpc.or.kr/PTWED003_dtil_view.do?ecno=47362&cono=157458,2026-09-30T00:00:00Z,INCLUDED,VERIFIED,KPC 직무교육 '1page 연구보고서 작성 노하우'(공통·사무기획) 원문 실무 커리큘럼 부합
KPC,SQLITE_DB,46976,1,SQL_KPC_46976,인사평가시스템 구축실무,한국생산성본부,인사(HR),인사·평가보상,,,,18.0,3.0,중급/실무,700000.0,https://www.kpc.or.kr/PTWED003_dtil_view.do?ecno=46976&cono=157561,2026-09-30T00:00:00Z,INCLUDED,VERIFIED,KPC 직무교육 '인사평가시스템 구축실무'(인사·평가보상) 원문 실무 커리큘럼 부합
KPC,SQLITE_DB,46714,1,SQL_KPC_46714,[AI WORKS] AI 활용 ESG 보고서 작성 효율화,한국생산성본부,총무·사무행정,공통·사무기획,,,,7.0,1.0,중급/실무,420000.0,https://www.kpc.or.kr/PTWED003_dtil_view.do?ecno=46714&cono=148678,2026-09-30T00:00:00Z,INCLUDED,VERIFIED,KPC 직무교육 '[AI WORKS] AI 활용 ESG 보고서 작성 효율화'(공통·사무기획) 원문 실무 커리큘럼 부합
KPC,SQLITE_DB,47487,1,SQL_KPC_47487,엑셀을 활용한 보고서 작성,한국생산성본부,총무·사무행정,공통·사무기획,,,,7.0,1.0,중급/실무,420000.0,https://www.kpc.or.kr/PTWED003_dtil_view.do?ecno=47487&cono=151301,2026-09-30T00:00:00Z,INCLUDED,VERIFIED,KPC 직무교육 '엑셀을 활용한 보고서 작성'(공통·사무기획) 원문 실무 커리큘럼 부합
KPC,SQLITE_DB,47311,1,SQL_KPC_47311,[조직문화] [Advanced] 조직문화 기획 및 운영실무(사례중심),한국생산성본부,인접(리더십/조직),인사·조직관리,,,,14.0,2.0,중급/실무,570000.0,https://www.kpc.or.kr/PTWED003_dtil_view.do?ecno=47311&cono=151178,2026-09-30T00:00:00Z,REVIEW_NEEDED,REVIEW_NEEDED,"리더십/조직문화/소통 강좌로, 인사(HRD) 부서 적용 범위 추가 검토 요망"
KPC,SQLITE_DB,49068,1,SQL_KPC_49068,[1Day] 부실채권 예방과 채권 회수 실무,한국생산성본부,인접(일반사무),총무·일반사무,,,,6.0,1.0,중급/실무,360000.0,https://www.kpc.or.kr/PTWED003_dtil_view.do?ecno=49068&cono=158090,2026-09-30T00:00:00Z,REVIEW_NEEDED,REVIEW_NEEDED,과정명 맥락상 인사·총무와의 직접 연계성 추가 검토 필요
KPC,SQLITE_DB,47354,1,SQL_KPC_47354,연구데이터 분석 및 보고서 작성(데이터로 말하기),한국생산성본부,총무·사무행정,공통·사무기획,,,,14.0,2.0,중급/실무,550000.0,https://www.kpc.or.kr/PTWED003_dtil_view.do?ecno=47354&cono=151869,2026-09-30T00:00:00Z,INCLUDED,VERIFIED,KPC 직무교육 '연구데이터 분석 및 보고서 작성(데이터로 말하기)'(공통·사무기획) 원문 실무 커리큘럼 부합
KPC,SQLITE_DB,47022,1,SQL_KPC_47022,[DX&AI] 평가보상 설계 실무(밀코비치 기반),한국생산성본부,인사(HR),인사·평가보상,,,,7.0,1.0,중급/실무,360000.0,https://www.kpc.or.kr/PTWED003_dtil_view.do?ecno=47022&cono=157545,2026-09-30T00:00:00Z,INCLUDED,VERIFIED,KPC 직무교육 '[DX&AI] 평가보상 설계 실무(밀코비치 기반)'(인사·평가보상) 원문 실무 커리큘럼 부합
KPC,SQLITE_DB,47648,1,SQL_KPC_47648,영업이익분석 및 성과관리 실무 (생성형 AI 활용),한국생산성본부,인사(HR),인사·평가보상,,,,14.0,2.0,중급/실무,580000.0,https://www.kpc.or.kr/PTWED003_dtil_view.do?ecno=47648&cono=153286,2026-09-30T00:00:00Z,INCLUDED,VERIFIED,KPC 직무교육 '영업이익분석 및 성과관리 실무 (생성형 AI 활용)'(인사·평가보상) 원문 실무 커리큘럼 부합
KPC,SQLITE_DB,47868,1,SQL_KPC_47868,AI 비서 활용법 :오후6시 칼퇴근하기,한국생산성본부,인접(일반사무),비서·사무지원,,,,6.0,1.0,중급/실무,360000.0,https://www.kpc.or.kr/PTWED003_dtil_view.do?ecno=47868&cono=152906,2026-09-30T00:00:00Z,REVIEW_NEEDED,REVIEW_NEEDED,과정명 맥락상 인사·총무와의 직접 연계성 추가 검토 필요
KPC,SQLITE_DB,46645,1,SQL_KPC_46645,[온앤오프] 공공기관 경영평가 보고서 작성실무,한국생산성본부,총무·사무행정,공통·사무기획,,,,14.0,2.0,중급/실무,760000.0,https://www.kpc.or.kr/PTWED003_dtil_view.do?ecno=46645&cono=148637,2026-09-30T00:00:00Z,INCLUDED,VERIFIED,KPC 직무교육 '[온앤오프] 공공기관 경영평가 보고서 작성실무'(공통·사무기획) 원문 실무 커리큘럼 부합
KPC,SQLITE_DB,47307,1,SQL_KPC_47307,[HRD] HRD담당자 기본,한국생산성본부,인사·총무공통,인사·조직관리,,,,18.0,3.0,중급/실무,670000.0,https://www.kpc.or.kr/PTWED003_dtil_view.do?ecno=47307&cono=151147,2026-09-30T00:00:00Z,INCLUDED,VERIFIED,KPC 직무교육 '[HRD] HRD담당자 기본'(인사·조직관리) 원문 실무 커리큘럼 부합
KPC,SQLITE_DB,47247,1,SQL_KPC_47247,[온앤오프] 총무 업무 종합,한국생산성본부,인접(일반사무),총무·일반사무,,,,18.0,3.0,중급/실무,670000.0,https://www.kpc.or.kr/PTWED003_dtil_view.do?ecno=47247&cono=151704,2026-09-30T00:00:00Z,REVIEW_NEEDED,REVIEW_NEEDED,과정명 맥락상 인사·총무와의 직접 연계성 추가 검토 필요
KPC,SQLITE_DB,46995,1,SQL_KPC_46995,[온앤오프] 채용에서 퇴직까지 법률문제,한국생산성본부,인사(HR),인사·채용관리,,,,18.0,3.0,중급/실무,700000.0,https://www.kpc.or.kr/PTWED003_dtil_view.do?ecno=46995&cono=149744,2026-09-30T00:00:00Z,INCLUDED,VERIFIED,KPC 직무교육 '[온앤오프] 채용에서 퇴직까지 법률문제'(인사·채용관리) 원문 실무 커리큘럼 부합
KPC,SQLITE_DB,47304,1,SQL_KPC_47304,[HRD] 교육평가 및 결과보고서 작성실무,한국생산성본부,총무·사무행정,공통·사무기획,,,,14.0,2.0,중급/실무,570000.0,https://www.kpc.or.kr/PTWED003_dtil_view.do?ecno=47304&cono=151168,2026-09-30T00:00:00Z,INCLUDED,VERIFIED,KPC 직무교육 '[HRD] 교육평가 및 결과보고서 작성실무'(공통·사무기획) 원문 실무 커리큘럼 부합
KPC,SQLITE_DB,48576,1,SQL_KPC_48576,생성형 AI 기반 총무 업무 효율화·자동화 실무,한국생산성본부,인접(디지털사무),총무·일반사무,,,,14.0,2.0,중급/실무,700000.0,https://www.kpc.or.kr/PTWED003_dtil_view.do?ecno=48576&cono=156482,2026-09-30T00:00:00Z,REVIEW_NEEDED,REVIEW_NEEDED,"생성형 AI 및 엑셀 자동화 툴 강좌로, 사무행정 필수 직무 연계성 검토 요망"
KPC,SQLITE_DB,46698,1,SQL_KPC_46698,"ESG, 지속가능경영보고서 작성실무",한국생산성본부,총무·사무행정,공통·사무기획,,,,14.0,2.0,중급/실무,740000.0,https://www.kpc.or.kr/PTWED003_dtil_view.do?ecno=46698&cono=148682,2026-09-30T00:00:00Z,INCLUDED,VERIFIED,"KPC 직무교육 'ESG, 지속가능경영보고서 작성실무'(공통·사무기획) 원문 실무 커리큘럼 부합"
KPC,SQLITE_DB,47274,1,SQL_KPC_47274,"[온앤오프] [1Day] 지식재산권 관리와 분쟁 대응(상표, 특허)",한국생산성본부,인접(일반사무),총무·일반사무,,,,6.0,1.0,중급/실무,370000.0,https://www.kpc.or.kr/PTWED003_dtil_view.do?ecno=47274&cono=151802,2026-09-30T00:00:00Z,REVIEW_NEEDED,REVIEW_NEEDED,과정명 맥락상 인사·총무와의 직접 연계성 추가 검토 필요
KPC,SQLITE_DB,47366,1,SQL_KPC_47366,ChatGPT로 배우는 R&D 기획서 작성 실무,한국생산성본부,총무·사무행정,공통·사무기획,,,,14.0,2.0,중급/실무,550000.0,https://www.kpc.or.kr/PTWED003_dtil_view.do?ecno=47366&cono=151859,2026-09-30T00:00:00Z,INCLUDED,VERIFIED,KPC 직무교육 'ChatGPT로 배우는 R&D 기획서 작성 실무'(공통·사무기획) 원문 실무 커리큘럼 부합
KPC,SQLITE_DB,47305,1,SQL_KPC_47305,[HRD] 직무분석을 활용한 교육프로그램 개발,한국생산성본부,인사·총무공통,인사·조직관리,,,,14.0,2.0,중급/실무,560000.0,https://www.kpc.or.kr/PTWED003_dtil_view.do?ecno=47305&cono=151165,2026-09-30T00:00:00Z,INCLUDED,VERIFIED,KPC 직무교육 '[HRD] 직무분석을 활용한 교육프로그램 개발'(인사·조직관리) 원문 실무 커리큘럼 부합
KPC,SQLITE_DB,47003,1,SQL_KPC_47003,[온앤오프] 현장에서 알아야 하는 노무관리 솔루션,한국생산성본부,인사(HR),노무관리,,,,18.0,3.0,중급/실무,700000.0,https://www.kpc.or.kr/PTWED003_dtil_view.do?ecno=47003&cono=149790,2026-09-30T00:00:00Z,INCLUDED,VERIFIED,KPC 직무교육 '[온앤오프] 현장에서 알아야 하는 노무관리 솔루션'(노무관리) 원문 실무 커리큘럼 부합
KPC,SQLITE_DB,47249,1,SQL_KPC_47249,[1Day] 신입사원을 위한 총무 에센스,한국생산성본부,인접(일반사무),총무·일반사무,,,,7.0,1.0,중급/실무,370000.0,https://www.kpc.or.kr/PTWED003_dtil_view.do?ecno=47249&cono=151719,2026-09-30T00:00:00Z,REVIEW_NEEDED,REVIEW_NEEDED,과정명 맥락상 인사·총무와의 직접 연계성 추가 검토 필요
KPC,SQLITE_DB,47308,1,SQL_KPC_47308,[조직문화] [Expert] 조직문화 진단 및 개선전략(데이터 중심),한국생산성본부,인접(리더십/조직),인사·조직관리,,,,14.0,2.0,중급/실무,570000.0,https://www.kpc.or.kr/PTWED003_dtil_view.do?ecno=47308&cono=151182,2026-09-30T00:00:00Z,REVIEW_NEEDED,REVIEW_NEEDED,"리더십/조직문화/소통 강좌로, 인사(HRD) 부서 적용 범위 추가 검토 요망"
KPC,SQLITE_DB,47009,1,SQL_KPC_47009,[온앤오프] 노동법 핵심해설,한국생산성본부,인사(HR),노무관리,,,,18.0,3.0,중급/실무,700000.0,https://www.kpc.or.kr/PTWED003_dtil_view.do?ecno=47009&cono=149734,2026-09-30T00:00:00Z,INCLUDED,VERIFIED,KPC 직무교육 '[온앤오프] 노동법 핵심해설'(노무관리) 원문 실무 커리큘럼 부합
KPC,SQLITE_DB,46993,1,SQL_KPC_46993,[인력계획부터 육성까지] 인사기획실무,한국생산성본부,인사(HR),인사·조직관리,,,,18.0,3.0,중급/실무,700000.0,https://www.kpc.or.kr/PTWED003_dtil_view.do?ecno=46993&cono=149657,2026-09-30T00:00:00Z,INCLUDED,VERIFIED,KPC 직무교육 '[인력계획부터 육성까지] 인사기획실무'(인사·조직관리) 원문 실무 커리큘럼 부합
KPC,SQLITE_DB,47210,1,SQL_KPC_47210,구성원을 성장시키는 성과관리 리더십,한국생산성본부,인사(HR),인사·평가보상,,,,14.0,2.0,중급/실무,570000.0,https://www.kpc.or.kr/PTWED003_dtil_view.do?ecno=47210&cono=150994,2026-09-30T00:00:00Z,INCLUDED,VERIFIED,KPC 직무교육 '구성원을 성장시키는 성과관리 리더십'(인사·평가보상) 원문 실무 커리큘럼 부합
KPC,SQLITE_DB,47284,1,SQL_KPC_47284,총무 자산관리 핵심,한국생산성본부,인접(일반사무),총무·자산관리,,,,18.0,3.0,중급/실무,670000.0,https://www.kpc.or.kr/PTWED003_dtil_view.do?ecno=47284&cono=151690,2026-09-30T00:00:00Z,REVIEW_NEEDED,REVIEW_NEEDED,과정명 맥락상 인사·총무와의 직접 연계성 추가 검토 필요
KPC,SQLITE_DB,47016,1,SQL_KPC_47016,노동법 쟁점 88선 해설,한국생산성본부,인사(HR),노무관리,,,,14.0,2.0,중급/실무,600000.0,https://www.kpc.or.kr/PTWED003_dtil_view.do?ecno=47016&cono=149794,2026-09-30T00:00:00Z,INCLUDED,VERIFIED,KPC 직무교육 '노동법 쟁점 88선 해설'(노무관리) 원문 실무 커리큘럼 부합
KPC,SQLITE_DB,46998,1,SQL_KPC_46998,Case Story와 함께하는 노무관리,한국생산성본부,인사(HR),노무관리,,,,14.0,2.0,중급/실무,600000.0,https://www.kpc.or.kr/PTWED003_dtil_view.do?ecno=46998&cono=149779,2026-09-30T00:00:00Z,INCLUDED,VERIFIED,KPC 직무교육 'Case Story와 함께하는 노무관리'(노무관리) 원문 실무 커리큘럼 부합
KPC,SQLITE_DB,48063,1,SQL_KPC_48063,[HRD] [사례중심] 신규 HRD담당자를 위한 1DAY 핵심 스킬업,한국생산성본부,인사·총무공통,인사·조직관리,,,,7.0,1.0,중급/실무,470000.0,https://www.kpc.or.kr/PTWED003_dtil_view.do?ecno=48063&cono=156114,2026-09-30T00:00:00Z,INCLUDED,VERIFIED,KPC 직무교육 '[HRD] [사례중심] 신규 HRD담당자를 위한 1DAY 핵심 스킬업'(인사·조직관리) 원문 실무 커리큘럼 부합
KPC,SQLITE_DB,47322,1,SQL_KPC_47322,[AI] [HRD] 디지털트렌스포메이션 In HRD(Feat.AI),한국생산성본부,인사·총무공통,인사·조직관리,,,,7.0,1.0,중급/실무,470000.0,https://www.kpc.or.kr/PTWED003_dtil_view.do?ecno=47322&cono=156998,2026-09-30T00:00:00Z,INCLUDED,VERIFIED,KPC 직무교육 '[AI] [HRD] 디지털트렌스포메이션 In HRD(Feat.AI)'(인사·조직관리) 원문 실무 커리큘럼 부합
KPC,SQLITE_DB,48106,1,SQL_KPC_48106,[HRD] 조직 성장을 이끄는 HRD전략과 트렌드 기반 교육계획수립,한국생산성본부,인사·총무공통,인사·조직관리,,,,7.0,1.0,중급/실무,470000.0,https://www.kpc.or.kr/PTWED003_dtil_view.do?ecno=48106&cono=155195,2026-09-30T00:00:00Z,INCLUDED,VERIFIED,KPC 직무교육 '[HRD] 조직 성장을 이끄는 HRD전략과 트렌드 기반 교육계획수립'(인사·조직관리) 원문 실무 커리큘럼 부합
KPC,SQLITE_DB,47205,1,SQL_KPC_47205,"바람직한 팀문화 구축, 조직문화 리더십",한국생산성본부,인접(리더십/조직),인사·조직관리,,,,14.0,2.0,중급/실무,570000.0,https://www.kpc.or.kr/PTWED003_dtil_view.do?ecno=47205&cono=151003,2026-09-30T00:00:00Z,REVIEW_NEEDED,REVIEW_NEEDED,"리더십/조직문화/소통 강좌로, 인사(HRD) 부서 적용 범위 추가 검토 요망"
KPC,SQLITE_DB,48545,1,SQL_KPC_48545,[1Day] 마케팅 보고서 작성 실무(ChatGPT 활용),한국생산성본부,총무·사무행정,공통·사무기획,,,,7.0,1.0,중급/실무,400000.0,https://www.kpc.or.kr/PTWED003_dtil_view.do?ecno=48545&cono=156696,2026-09-30T00:00:00Z,INCLUDED,VERIFIED,KPC 직무교육 '[1Day] 마케팅 보고서 작성 실무(ChatGPT 활용)'(공통·사무기획) 원문 실무 커리큘럼 부합
KPC,SQLITE_DB,47246,1,SQL_KPC_47246,[온앤오프] 총무 업무 기본,한국생산성본부,인접(일반사무),총무·일반사무,,,,18.0,3.0,중급/실무,670000.0,https://www.kpc.or.kr/PTWED003_dtil_view.do?ecno=47246&cono=151699,2026-09-30T00:00:00Z,REVIEW_NEEDED,REVIEW_NEEDED,과정명 맥락상 인사·총무와의 직접 연계성 추가 검토 필요
KPC,SQLITE_DB,48884,1,SQL_KPC_48884,보고서 작성 Total Skill Up(Feat. AI),한국생산성본부,총무·사무행정,공통·사무기획,,,,14.0,2.0,중급/실무,670000.0,https://www.kpc.or.kr/PTWED003_dtil_view.do?ecno=48884&cono=157582,2026-09-30T00:00:00Z,INCLUDED,VERIFIED,KPC 직무교육 '보고서 작성 Total Skill Up(Feat. AI)'(공통·사무기획) 원문 실무 커리큘럼 부합
KPC,SQLITE_DB,47309,1,SQL_KPC_47309,[조직문화] [Basic] 조직문화 디자이너 양성과정(조담자 입문),한국생산성본부,인접(리더십/조직),인사·조직관리,,,,15.0,2.0,입문/초급,570000.0,https://www.kpc.or.kr/PTWED003_dtil_view.do?ecno=47309&cono=151176,2026-09-30T00:00:00Z,REVIEW_NEEDED,REVIEW_NEEDED,"리더십/조직문화/소통 강좌로, 인사(HRD) 부서 적용 범위 추가 검토 요망"
KPC,SQLITE_DB,48914,1,SQL_KPC_48914,[1Day] 발주자를 위한 공공조달 입찰·계약 업무 활용 실무 사례,한국생산성본부,인접(일반사무),총무·일반사무,,,,6.0,1.0,중급/실무,370000.0,https://www.kpc.or.kr/PTWED003_dtil_view.do?ecno=48914&cono=157807,2026-09-30T00:00:00Z,REVIEW_NEEDED,REVIEW_NEEDED,과정명 맥락상 인사·총무와의 직접 연계성 추가 검토 필요
KPC,SQLITE_DB,47784,1,SQL_KPC_47784,[입문]부동산자산관리사실무,한국생산성본부,비관련(타분야),총무·자산관리,,,,,,입문/초급,,https://www.kpc.or.kr/PTWED003_dtil_view.do?ecno=47784&cono=152235,2026-09-30T00:00:00Z,EXCLUDED,UNSUPPORTED,IT개발/어학/제조/개인재테크 등 비관련 전문 분야로 판정 (매칭: [입문]부동산자산관리사실무)
KPC,SQLITE_DB,47006,1,SQL_KPC_47006,[온앤오프] 노무분쟁 예방을 위한 전략적 노무관리,한국생산성본부,인사(HR),노무관리,,,,18.0,3.0,고급/전문,700000.0,https://www.kpc.or.kr/PTWED003_dtil_view.do?ecno=47006&cono=149777,2026-09-30T00:00:00Z,INCLUDED,VERIFIED,KPC 직무교육 '[온앤오프] 노무분쟁 예방을 위한 전략적 노무관리'(노무관리) 원문 실무 커리큘럼 부합
KPC,SQLITE_DB,46649,1,SQL_KPC_46649,[온앤오프] 공공기관 ESG 보고서 작성실무,한국생산성본부,총무·사무행정,공통·사무기획,,,,14.0,2.0,중급/실무,760000.0,https://www.kpc.or.kr/PTWED003_dtil_view.do?ecno=46649&cono=148642,2026-09-30T00:00:00Z,INCLUDED,VERIFIED,KPC 직무교육 '[온앤오프] 공공기관 ESG 보고서 작성실무'(공통·사무기획) 원문 실무 커리큘럼 부합
KPC,SQLITE_DB,47692,1,SQL_KPC_47692,"(ChatGPT 활용) 마케팅 보고서 작성 실무 (분석, 보고서, PPT 작성까지)",한국생산성본부,총무·사무행정,공통·사무기획,,,,7.0,1.0,중급/실무,290000.0,https://www.kpc.or.kr/PTWED003_dtil_view.do?ecno=47692&cono=153107,2026-09-30T00:00:00Z,INCLUDED,VERIFIED,"KPC 직무교육 '(ChatGPT 활용) 마케팅 보고서 작성 실무 (분석, 보고서, PPT 작성까지)'(공통·사무기획) 원문 실무 커리큘럼 부합"
KPC,SQLITE_DB,46991,1,SQL_KPC_46991,2026년 인사담당자를 위한 채용트렌드 분석 및 전략,한국생산성본부,인사(HR),인사·채용관리,,,,7.0,1.0,중급/실무,360000.0,https://www.kpc.or.kr/PTWED003_dtil_view.do?ecno=46991&cono=157551,2026-09-30T00:00:00Z,INCLUDED,VERIFIED,KPC 직무교육 '2026년 인사담당자를 위한 채용트렌드 분석 및 전략'(인사·채용관리) 원문 실무 커리큘럼 부합
KPC,SQLITE_DB,47248,1,SQL_KPC_47248,[온앤오프] 총무 기획 실무,한국생산성본부,인접(일반사무),총무·일반사무,,,,18.0,3.0,중급/실무,670000.0,https://www.kpc.or.kr/PTWED003_dtil_view.do?ecno=47248&cono=151708,2026-09-30T00:00:00Z,REVIEW_NEEDED,REVIEW_NEEDED,과정명 맥락상 인사·총무와의 직접 연계성 추가 검토 필요
KPC,SQLITE_DB,46702,1,SQL_KPC_46702,기후공시 전략 수립 및 보고서 작성 실무,한국생산성본부,총무·사무행정,공통·사무기획,,,,14.0,2.0,중급/실무,740000.0,https://www.kpc.or.kr/PTWED003_dtil_view.do?ecno=46702&cono=148686,2026-09-30T00:00:00Z,INCLUDED,VERIFIED,KPC 직무교육 '기후공시 전략 수립 및 보고서 작성 실무'(공통·사무기획) 원문 실무 커리큘럼 부합
MULTICAMPUS,SQLITE_DB,FA00A0,1,SQL_MULTICAMPUS_FA00A0,[Live] 한 장 보고서 작성의 기술,멀티캠퍼스,총무·사무행정,공통·사무기획,,,,7.0,,중급/실무,350000.0,https://m.multicampus.com/course/crsDetail?corsCd=FA00A0,2026-09-30T00:00:00Z,INCLUDED,VERIFIED,MULTICAMPUS 직무교육 '[Live] 한 장 보고서 작성의 기술'(공통·사무기획) 원문 실무 커리큘럼 부합
MULTICAMPUS,SQLITE_DB,FA015O,1,SQL_MULTICAMPUS_FA015O,[Ctrl+AI] 생성형AI를 활용한 실무 문서작성 AtoZ,멀티캠퍼스,총무·사무행정,공통·사무기획,,,,14.0,2.0,중급/실무,750000.0,https://m.multicampus.com/course/crsDetail?corsCd=FA015O,2026-09-30T00:00:00Z,INCLUDED,VERIFIED,MULTICAMPUS 직무교육 '[Ctrl+AI] 생성형AI를 활용한 실무 문서작성 AtoZ'(공통·사무기획) 원문 실무 커리큘럼 부합
MULTICAMPUS,SQLITE_DB,Q29940,1,SQL_MULTICAMPUS_Q29940,한 장 보고서 작성의 기술,멀티캠퍼스,총무·사무행정,공통·사무기획,,,,8.0,1.0,중급/실무,350000.0,https://m.multicampus.com/course/crsDetail?corsCd=Q29940,2026-09-30T00:00:00Z,INCLUDED,VERIFIED,MULTICAMPUS 직무교육 '한 장 보고서 작성의 기술'(공통·사무기획) 원문 실무 커리큘럼 부합
MULTICAMPUS,SQLITE_DB,FB00A4,1,SQL_MULTICAMPUS_FB00A4,[패스트트랙] 신입 온보딩 과정,멀티캠퍼스,인사(HR),인사·채용관리,,,,14.0,2.0,중급/실무,600000.0,https://m.multicampus.com/course/crsDetail?corsCd=FB00A4,2026-09-30T00:00:00Z,INCLUDED,VERIFIED,MULTICAMPUS 직무교육 '[패스트트랙] 신입 온보딩 과정'(인사·채용관리) 원문 실무 커리큘럼 부합
MULTICAMPUS,SQLITE_DB,FB00A5,1,SQL_MULTICAMPUS_FB00A5,[패스트트랙] 신입 온보딩 과정-관계관리 편,멀티캠퍼스,인사(HR),인사·채용관리,,,,7.0,,중급/실무,350000.0,https://m.multicampus.com/course/crsDetail?corsCd=FB00A5,2026-09-30T00:00:00Z,INCLUDED,VERIFIED,MULTICAMPUS 직무교육 '[패스트트랙] 신입 온보딩 과정-관계관리 편'(인사·채용관리) 원문 실무 커리큘럼 부합
MULTICAMPUS,SQLITE_DB,FB00A6,1,SQL_MULTICAMPUS_FB00A6,[패스트트랙] 신입 온보딩 과정-업무관리 편,멀티캠퍼스,인사(HR),인사·채용관리,,,,7.0,,중급/실무,350000.0,https://m.multicampus.com/course/crsDetail?corsCd=FB00A6,2026-09-30T00:00:00Z,INCLUDED,VERIFIED,MULTICAMPUS 직무교육 '[패스트트랙] 신입 온보딩 과정-업무관리 편'(인사·채용관리) 원문 실무 커리큘럼 부합
MULTICAMPUS,SQLITE_DB,EA0JHG,1,SQL_MULTICAMPUS_EA0JHG,[AI Sense] 챗GPT를 활용한 엑셀 자동화와 HR 데이터 분석(참고도서제공),멀티캠퍼스,인접(디지털사무),인사·조직관리,,,,3.0,,중급/실무,99000.0,https://m.multicampus.com/course/crsDetail?corsCd=EA0JHG,2026-09-30T00:00:00Z,REVIEW_NEEDED,REVIEW_NEEDED,"생성형 AI 및 엑셀 자동화 툴 강좌로, 사무행정 필수 직무 연계성 검토 요망"
MULTICAMPUS,SQLITE_DB,EA0JHH,1,SQL_MULTICAMPUS_EA0JHH,[AI Sense] 챗GPT로 끝내주는 HR 데이터 분석과 시각화(참고도서제공),멀티캠퍼스,인접(일반사무),인사·조직관리,,,,3.0,,중급/실무,99000.0,https://m.multicampus.com/course/crsDetail?corsCd=EA0JHH,2026-09-30T00:00:00Z,REVIEW_NEEDED,REVIEW_NEEDED,과정명 맥락상 인사·총무와의 직접 연계성 추가 검토 필요
MULTICAMPUS,SQLITE_DB,EA0JHL,1,SQL_MULTICAMPUS_EA0JHL,[AI Sense] 챗GPT로 끝내주는 HR 데이터 수집과 분석(참고도서제공),멀티캠퍼스,인접(일반사무),인사·조직관리,,,,3.0,,중급/실무,99000.0,https://m.multicampus.com/course/crsDetail?corsCd=EA0JHL,2026-09-30T00:00:00Z,REVIEW_NEEDED,REVIEW_NEEDED,과정명 맥락상 인사·총무와의 직접 연계성 추가 검토 필요
MULTICAMPUS,SQLITE_DB,EA09X3,1,SQL_MULTICAMPUS_EA09X3,[리더의 격]조직을 성공으로 이끄는 성과관리 디테일(참고도서제공),멀티캠퍼스,인사(HR),인사·평가보상,,,,5.0,,중급/실무,100000.0,https://m.multicampus.com/course/crsDetail?corsCd=EA09X3,2026-09-30T00:00:00Z,INCLUDED,VERIFIED,MULTICAMPUS 직무교육 '[리더의 격]조직을 성공으로 이끄는 성과관리 디테일(참고도서제공)'(인사·평가보상) 원문 실무 커리큘럼 부합
MULTICAMPUS,SQLITE_DB,EA0BIE,1,SQL_MULTICAMPUS_EA0BIE,"모두를 위한 조직, 공정한 조직문화",멀티캠퍼스,비관련(타분야),인사·조직관리,,,,2.0,,중급/실무,70000.0,https://m.multicampus.com/course/crsDetail?corsCd=EA0BIE,2026-09-30T00:00:00Z,EXCLUDED,UNSUPPORTED,"IT개발/어학/제조/개인재테크 등 비관련 전문 분야로 판정 (매칭: 모두를 위한 조직, 공정한 조직문화)"
MULTICAMPUS,SQLITE_DB,EA0D0U,1,SQL_MULTICAMPUS_EA0D0U,신뢰받는 중간 관리자의 역량-성과관리 편,멀티캠퍼스,인사(HR),인사·평가보상,,,,8.0,,중급/실무,140000.0,https://m.multicampus.com/course/crsDetail?corsCd=EA0D0U,2026-09-30T00:00:00Z,INCLUDED,VERIFIED,MULTICAMPUS 직무교육 '신뢰받는 중간 관리자의 역량-성과관리 편'(인사·평가보상) 원문 실무 커리큘럼 부합
MULTICAMPUS,SQLITE_DB,EA0IO3,1,SQL_MULTICAMPUS_EA0IO3,"[Essential MBA] 연세대 노현탁 교수의 지속 가능 경쟁력, HR",멀티캠퍼스,인접(일반사무),인사·조직관리,,,,11.0,,중급/실무,100000.0,https://m.multicampus.com/course/crsDetail?corsCd=EA0IO3,2026-09-30T00:00:00Z,REVIEW_NEEDED,REVIEW_NEEDED,과정명 맥락상 인사·총무와의 직접 연계성 추가 검토 필요
MULTICAMPUS,SQLITE_DB,FA01P1,1,SQL_MULTICAMPUS_FA01P1,"인사관리, AI로 업그레이드",멀티캠퍼스,인사(HR),인사·조직관리,,,,14.0,,중급/실무,700000.0,https://m.multicampus.com/course/crsDetail?corsCd=FA01P1,2026-09-30T00:00:00Z,INCLUDED,VERIFIED,"MULTICAMPUS 직무교육 '인사관리, AI로 업그레이드'(인사·조직관리) 원문 실무 커리큘럼 부합"
MULTICAMPUS,SQLITE_DB,FA01U8,1,SQL_MULTICAMPUS_FA01U8,AI로 완성하는 한 장 보고서 작성,멀티캠퍼스,총무·사무행정,공통·사무기획,,,,7.0,1.0,중급/실무,400000.0,https://m.multicampus.com/course/crsDetail?corsCd=FA01U8,2026-09-30T00:00:00Z,INCLUDED,VERIFIED,MULTICAMPUS 직무교육 'AI로 완성하는 한 장 보고서 작성'(공통·사무기획) 원문 실무 커리큘럼 부합
MULTICAMPUS,SQLITE_DB,FA01LB,1,SQL_MULTICAMPUS_FA01LB,AI로 완성하는 리더의 성과관리,멀티캠퍼스,인사(HR),인사·평가보상,,,,7.0,1.0,중급/실무,500000.0,https://m.multicampus.com/course/crsDetail?corsCd=FA01LB,2026-09-30T00:00:00Z,INCLUDED,VERIFIED,MULTICAMPUS 직무교육 'AI로 완성하는 리더의 성과관리'(인사·평가보상) 원문 실무 커리큘럼 부합
