course_id,course_name,institution_name,source_platform,source_type,job_group,job_category,primary_competency_id,primary_competency_name,all_competency_names,competency_count,mapping_verification_tier,mapping_evidence,course_level,level_verification_status,level_evidence,training_hours,hours_status,duration_days,course_fee,fee_type,fee_desc,course_url,recommendation_readiness,recommendation_note,unverified_items
PUB_ACG20243000973001_324,알베르토와 함께하는 글로벌 비즈니스 매너,에듀퓨어,고용24_국민내일배움카드,PUBLIC_API,총무·사무행정,총무·일반사무,COMP_SEC_01,비즈니스 매너 및 커뮤니케이션,비즈니스 매너 및 커뮤니케이션,1,VERIFIED_CORE,과정명/내용 내 핵심 역량 키워드(비즈니스 매너) 및 직무 연관성 일치 확인,중급/실무,INFERRED_DEFAULT,명시적 난이도 키워드 미제공에 따른 실무 기본값 추정,,MISSING_HOURS,30.0,47520.0,STANDARD_PAID,"일반 유료 과정 (47,520원)",https://www.work24.go.kr,TIER_1_READY,"핵심 역량 매핑 및 수강료 확인 완료, 즉시 추천 가능","난이도 미기재(실무 추정), 교육시간 미기재"
PUB_ACG20243001004189_245,"기획력, 어떻게 끌리는 플랜을 세울 것인가?",에듀퓨어,고용24_국민내일배움카드,PUBLIC_API,총무·사무행정,총무·일반사무,COMP_GA_01,문서작성 및 기획,문서작성 및 기획,1,VERIFIED_CORE,과정명/내용 내 핵심 역량 키워드(기획) 및 직무 연관성 일치 확인,중급/실무,INFERRED_DEFAULT,명시적 난이도 키워드 미제공에 따른 실무 기본값 추정,,MISSING_HOURS,30.0,50490.0,STANDARD_PAID,"일반 유료 과정 (50,490원)",https://www.work24.go.kr,TIER_1_READY,"핵심 역량 매핑 및 수강료 확인 완료, 즉시 추천 가능","난이도 미기재(실무 추정), 교육시간 미기재"
PUB_ABA20243001045717_58,핵심만 콕! 회사의 가치를 높여주는 홍보전략,에듀퓨어,고용24_사업주훈련,PUBLIC_API,총무·사무행정,총무·일반사무,COMP_GA_01,문서작성 및 기획,문서작성 및 기획,1,REVIEW_NEEDED,직무 적합 강좌이나 7대 핵심 역량 키워드가 본문에서 명확히 검출되지 않아 2차 내용 확인 필요,중급/실무,INFERRED_DEFAULT,명시적 난이도 키워드 미제공에 따른 실무 기본값 추정,,MISSING_HOURS,30.0,0.0,GOV_SUBSIDIZED_FREE,국비 전액 환급 또는 지자체 무료 e-러닝 과정 (0원),https://www.work24.go.kr,TIER_2_CONDITIONAL,추천 가능하나 보조 정보(시수/비용/난이도) 검토 권장,"KSA 매핑 키워드 미검출, 난이도 미기재(실무 추정), 교육시간 미기재"
PUB_ABA20243001011994_6,품격 있게 승리하는 직장인의 말하기 기술,고려아카데미(원격),고용24_사업주훈련,PUBLIC_API,총무·사무행정,총무·일반사무,COMP_GA_01,문서작성 및 기획,문서작성 및 기획,1,REVIEW_NEEDED,직무 적합 강좌이나 7대 핵심 역량 키워드가 본문에서 명확히 검출되지 않아 2차 내용 확인 필요,중급/실무,INFERRED_DEFAULT,명시적 난이도 키워드 미제공에 따른 실무 기본값 추정,,MISSING_HOURS,59.0,0.0,GOV_SUBSIDIZED_FREE,국비 전액 환급 또는 지자체 무료 e-러닝 과정 (0원),https://www.work24.go.kr,TIER_2_CONDITIONAL,추천 가능하나 보조 정보(시수/비용/난이도) 검토 권장,"KSA 매핑 키워드 미검출, 난이도 미기재(실무 추정), 교육시간 미기재"
PUB_ABA20243001012836_203,달콤한 업무꿀팁! 평범한 당신이 비범하게 일하는 기술,에듀퓨어,고용24_사업주훈련,PUBLIC_API,총무·사무행정,총무·일반사무,COMP_GA_01,문서작성 및 기획,문서작성 및 기획,1,REVIEW_NEEDED,직무 적합 강좌이나 7대 핵심 역량 키워드가 본문에서 명확히 검출되지 않아 2차 내용 확인 필요,입문/초급,EXPLICIT_KEYWORD,과정명 내 기초·입문·신입 명시적 키워드 보유,,MISSING_HOURS,30.0,0.0,GOV_SUBSIDIZED_FREE,국비 전액 환급 또는 지자체 무료 e-러닝 과정 (0원),https://www.work24.go.kr,TIER_2_CONDITIONAL,추천 가능하나 보조 정보(시수/비용/난이도) 검토 권장,"KSA 매핑 키워드 미검출, 교육시간 미기재"
PUB_ABA20243000994834_261,핵심만 콕! 비즈니스 글쓰기와 보고서 작성 노하우,에듀퓨어,고용24_사업주훈련,PUBLIC_API,총무·사무행정,총무·일반사무,COMP_GA_01,문서작성 및 기획,문서작성 및 기획,1,VERIFIED_CORE,"과정명/내용 내 핵심 역량 키워드(보고서, 비즈니스 글쓰기) 및 직무 연관성 일치 확인",중급/실무,INFERRED_DEFAULT,명시적 난이도 키워드 미제공에 따른 실무 기본값 추정,,MISSING_HOURS,30.0,0.0,GOV_SUBSIDIZED_FREE,국비 전액 환급 또는 지자체 무료 e-러닝 과정 (0원),https://www.work24.go.kr,TIER_1_READY,"핵심 역량 매핑 및 수강료 확인 완료, 즉시 추천 가능","난이도 미기재(실무 추정), 교육시간 미기재"
PUB_ABA20243001049771_3,빨리 배워 바로 쓰는 엑셀 2013,휴넷,고용24_사업주훈련,PUBLIC_API,총무·사무행정,총무·일반사무,COMP_GA_01,문서작성 및 기획,문서작성 및 기획,1,VERIFIED_CORE,과정명/내용 내 핵심 역량 키워드(엑셀) 및 직무 연관성 일치 확인,입문/초급,EXPLICIT_KEYWORD,과정명 내 기초·입문·신입 명시적 키워드 보유,,MISSING_HOURS,31.0,0.0,GOV_SUBSIDIZED_FREE,국비 전액 환급 또는 지자체 무료 e-러닝 과정 (0원),https://www.work24.go.kr,TIER_1_READY,"핵심 역량 매핑 및 수강료 확인 완료, 즉시 추천 가능",교육시간 미기재
PUB_ABA20243001011985_5,직장 생존력 UP! 데이터 마인드셋 장착하기,고려아카데미(원격),고용24_사업주훈련,PUBLIC_API,총무·사무행정,총무·일반사무,COMP_GA_01,문서작성 및 기획,문서작성 및 기획,1,REVIEW_NEEDED,직무 적합 강좌이나 7대 핵심 역량 키워드가 본문에서 명확히 검출되지 않아 2차 내용 확인 필요,입문/초급,EXPLICIT_KEYWORD,과정명 내 기초·입문·신입 명시적 키워드 보유,,MISSING_HOURS,59.0,0.0,GOV_SUBSIDIZED_FREE,국비 전액 환급 또는 지자체 무료 e-러닝 과정 (0원),https://www.work24.go.kr,TIER_2_CONDITIONAL,추천 가능하나 보조 정보(시수/비용/난이도) 검토 권장,"KSA 매핑 키워드 미검출, 교육시간 미기재"
PUB_ABA20243000972962_324,한달 공부로 실무에 바로 통하는 데이터분석,에듀퓨어,고용24_사업주훈련,PUBLIC_API,총무·사무행정,총무·일반사무,COMP_GA_01,문서작성 및 기획,문서작성 및 기획,1,REVIEW_NEEDED,직무 적합 강좌이나 7대 핵심 역량 키워드가 본문에서 명확히 검출되지 않아 2차 내용 확인 필요,중급/실무,INFERRED_DEFAULT,명시적 난이도 키워드 미제공에 따른 실무 기본값 추정,,MISSING_HOURS,30.0,0.0,GOV_SUBSIDIZED_FREE,국비 전액 환급 또는 지자체 무료 e-러닝 과정 (0원),https://www.work24.go.kr,TIER_2_CONDITIONAL,추천 가능하나 보조 정보(시수/비용/난이도) 검토 권장,"KSA 매핑 키워드 미검출, 난이도 미기재(실무 추정), 교육시간 미기재"
PUB_ACG20243001038036_84,전략적 조직운영을 위한 인사관리 실무,에듀퓨어,고용24_국민내일배움카드,PUBLIC_API,인사(HR),인사·채용관리,COMP_HR_01,인력채용,인력채용,1,VERIFIED_CORE,과정명/내용 내 핵심 역량 키워드(카테고리:인사채용) 및 직무 연관성 일치 확인,고급/전문,EXPLICIT_KEYWORD,과정명 내 전문가·전략·관리자 명시적 키워드 보유,,MISSING_HOURS,30.0,50490.0,STANDARD_PAID,"일반 유료 과정 (50,490원)",https://www.work24.go.kr,TIER_1_READY,"핵심 역량 매핑 및 수강료 확인 완료, 즉시 추천 가능",교육시간 미기재
PUB_ACG20243001023998_11,총무기획과 총무자산관리,이룸캠퍼스,고용24_국민내일배움카드,PUBLIC_API,총무·사무행정,총무·자산관리,COMP_GA_02,비품 및 자산관리,"비품 및 자산관리, 문서작성 및 기획",2,VERIFIED_CORE,"과정명/내용 내 핵심 역량 키워드(총무자산, 자산관리) 및 직무 연관성 일치 확인",중급/실무,INFERRED_DEFAULT,명시적 난이도 키워드 미제공에 따른 실무 기본값 추정,,MISSING_HOURS,31.0,50490.0,STANDARD_PAID,"일반 유료 과정 (50,490원)",https://www.work24.go.kr,TIER_1_READY,"핵심 역량 매핑 및 수강료 확인 완료, 즉시 추천 가능","난이도 미기재(실무 추정), 교육시간 미기재"
PUB_ACG20243001013346_203,총무기획과 총무자산관리,에듀퓨어,고용24_국민내일배움카드,PUBLIC_API,총무·사무행정,총무·자산관리,COMP_GA_02,비품 및 자산관리,"비품 및 자산관리, 문서작성 및 기획",2,VERIFIED_CORE,"과정명/내용 내 핵심 역량 키워드(총무자산, 자산관리) 및 직무 연관성 일치 확인",중급/실무,INFERRED_DEFAULT,명시적 난이도 키워드 미제공에 따른 실무 기본값 추정,,MISSING_HOURS,30.0,50490.0,STANDARD_PAID,"일반 유료 과정 (50,490원)",https://www.work24.go.kr,TIER_1_READY,"핵심 역량 매핑 및 수강료 확인 완료, 즉시 추천 가능","난이도 미기재(실무 추정), 교육시간 미기재"
PUB_ACG20233000954422_356,전략적 조직운영을 위한 인사관리 실무,윈스펙원격평생교육원,고용24_국민내일배움카드,PUBLIC_API,인사(HR),인사·채용관리,COMP_HR_01,인력채용,인력채용,1,VERIFIED_CORE,과정명/내용 내 핵심 역량 키워드(카테고리:인사채용) 및 직무 연관성 일치 확인,고급/전문,EXPLICIT_KEYWORD,과정명 내 전문가·전략·관리자 명시적 키워드 보유,,MISSING_HOURS,30.0,50490.0,STANDARD_PAID,"일반 유료 과정 (50,490원)",https://www.work24.go.kr,TIER_1_READY,"핵심 역량 매핑 및 수강료 확인 완료, 즉시 추천 가능",교육시간 미기재
PUB_ACG20243001054796_4,채용에서 퇴직까지 인사노무관리 핵심실무,케이지에듀원 원격평생교육원,고용24_국민내일배움카드,PUBLIC_API,인사(HR),인사·채용관리,COMP_LABOR_01,근로관계 법률 준수,"근로관계 법률 준수, 인력채용",2,VERIFIED_CORE,"과정명/내용 내 핵심 역량 키워드(노무, 퇴직) 및 직무 연관성 일치 확인",중급/실무,INFERRED_DEFAULT,명시적 난이도 키워드 미제공에 따른 실무 기본값 추정,,MISSING_HOURS,31.0,50490.0,STANDARD_PAID,"일반 유료 과정 (50,490원)",https://www.work24.go.kr,TIER_1_READY,"핵심 역량 매핑 및 수강료 확인 완료, 즉시 추천 가능","난이도 미기재(실무 추정), 교육시간 미기재"
PUB_ACG20243001040968_8,전략적 조직운영을 위한 인사관리 실무,케이지에듀원 원격평생교육원,고용24_국민내일배움카드,PUBLIC_API,인사(HR),인사·채용관리,COMP_HR_01,인력채용,인력채용,1,VERIFIED_CORE,과정명/내용 내 핵심 역량 키워드(카테고리:인사채용) 및 직무 연관성 일치 확인,고급/전문,EXPLICIT_KEYWORD,과정명 내 전문가·전략·관리자 명시적 키워드 보유,,MISSING_HOURS,31.0,50490.0,STANDARD_PAID,"일반 유료 과정 (50,490원)",https://www.work24.go.kr,TIER_1_READY,"핵심 역량 매핑 및 수강료 확인 완료, 즉시 추천 가능",교육시간 미기재
PUB_ACG20243001051920_29,채용에서 퇴직까지 인사노무관리 핵심실무,아카스타,고용24_국민내일배움카드,PUBLIC_API,인사(HR),인사·채용관리,COMP_LABOR_01,근로관계 법률 준수,"근로관계 법률 준수, 인력채용",2,VERIFIED_CORE,"과정명/내용 내 핵심 역량 키워드(노무, 퇴직) 및 직무 연관성 일치 확인",중급/실무,INFERRED_DEFAULT,명시적 난이도 키워드 미제공에 따른 실무 기본값 추정,,MISSING_HOURS,31.0,50490.0,STANDARD_PAID,"일반 유료 과정 (50,490원)",https://www.work24.go.kr,TIER_1_READY,"핵심 역량 매핑 및 수강료 확인 완료, 즉시 추천 가능","난이도 미기재(실무 추정), 교육시간 미기재"
PUB_ACG20243001038036_85,전략적 조직운영을 위한 인사관리 실무,에듀퓨어,고용24_국민내일배움카드,PUBLIC_API,인사(HR),인사·채용관리,COMP_HR_01,인력채용,인력채용,1,VERIFIED_CORE,과정명/내용 내 핵심 역량 키워드(카테고리:인사채용) 및 직무 연관성 일치 확인,고급/전문,EXPLICIT_KEYWORD,과정명 내 전문가·전략·관리자 명시적 키워드 보유,,MISSING_HOURS,30.0,50490.0,STANDARD_PAID,"일반 유료 과정 (50,490원)",https://www.work24.go.kr,TIER_1_READY,"핵심 역량 매핑 및 수강료 확인 완료, 즉시 추천 가능",교육시간 미기재
PUB_ACG20243001013346_204,총무기획과 총무자산관리,에듀퓨어,고용24_국민내일배움카드,PUBLIC_API,총무·사무행정,총무·자산관리,COMP_GA_02,비품 및 자산관리,"비품 및 자산관리, 문서작성 및 기획",2,VERIFIED_CORE,"과정명/내용 내 핵심 역량 키워드(총무자산, 자산관리) 및 직무 연관성 일치 확인",중급/실무,INFERRED_DEFAULT,명시적 난이도 키워드 미제공에 따른 실무 기본값 추정,,MISSING_HOURS,30.0,50490.0,STANDARD_PAID,"일반 유료 과정 (50,490원)",https://www.work24.go.kr,TIER_1_READY,"핵심 역량 매핑 및 수강료 확인 완료, 즉시 추천 가능","난이도 미기재(실무 추정), 교육시간 미기재"
PUB_ACG20243000985011_42,채용에서 퇴직까지 인사노무관리 핵심실무,한국이러닝협회,고용24_국민내일배움카드,PUBLIC_API,인사(HR),인사·채용관리,COMP_LABOR_01,근로관계 법률 준수,"근로관계 법률 준수, 인력채용",2,VERIFIED_CORE,"과정명/내용 내 핵심 역량 키워드(노무, 퇴직) 및 직무 연관성 일치 확인",중급/실무,INFERRED_DEFAULT,명시적 난이도 키워드 미제공에 따른 실무 기본값 추정,,MISSING_HOURS,28.0,50490.0,STANDARD_PAID,"일반 유료 과정 (50,490원)",https://www.work24.go.kr,TIER_1_READY,"핵심 역량 매핑 및 수강료 확인 완료, 즉시 추천 가능","난이도 미기재(실무 추정), 교육시간 미기재"
PUB_ACG20243001051920_30,채용에서 퇴직까지 인사노무관리 핵심실무,아카스타,고용24_국민내일배움카드,PUBLIC_API,인사(HR),인사·채용관리,COMP_LABOR_01,근로관계 법률 준수,"근로관계 법률 준수, 인력채용",2,VERIFIED_CORE,"과정명/내용 내 핵심 역량 키워드(노무, 퇴직) 및 직무 연관성 일치 확인",중급/실무,INFERRED_DEFAULT,명시적 난이도 키워드 미제공에 따른 실무 기본값 추정,,MISSING_HOURS,31.0,50490.0,STANDARD_PAID,"일반 유료 과정 (50,490원)",https://www.work24.go.kr,TIER_1_READY,"핵심 역량 매핑 및 수강료 확인 완료, 즉시 추천 가능","난이도 미기재(실무 추정), 교육시간 미기재"
PUB_ACG20243001051920_31,채용에서 퇴직까지 인사노무관리 핵심실무,아카스타,고용24_국민내일배움카드,PUBLIC_API,인사(HR),인사·채용관리,COMP_LABOR_01,근로관계 법률 준수,"근로관계 법률 준수, 인력채용",2,VERIFIED_CORE,"과정명/내용 내 핵심 역량 키워드(노무, 퇴직) 및 직무 연관성 일치 확인",중급/실무,INFERRED_DEFAULT,명시적 난이도 키워드 미제공에 따른 실무 기본값 추정,,MISSING_HOURS,31.0,50490.0,STANDARD_PAID,"일반 유료 과정 (50,490원)",https://www.work24.go.kr,TIER_1_READY,"핵심 역량 매핑 및 수강료 확인 완료, 즉시 추천 가능","난이도 미기재(실무 추정), 교육시간 미기재"
PUB_ACG20243001051920_32,채용에서 퇴직까지 인사노무관리 핵심실무,아카스타,고용24_국민내일배움카드,PUBLIC_API,인사(HR),인사·채용관리,COMP_LABOR_01,근로관계 법률 준수,"근로관계 법률 준수, 인력채용",2,VERIFIED_CORE,"과정명/내용 내 핵심 역량 키워드(노무, 퇴직) 및 직무 연관성 일치 확인",중급/실무,INFERRED_DEFAULT,명시적 난이도 키워드 미제공에 따른 실무 기본값 추정,,MISSING_HOURS,31.0,50490.0,STANDARD_PAID,"일반 유료 과정 (50,490원)",https://www.work24.go.kr,TIER_1_READY,"핵심 역량 매핑 및 수강료 확인 완료, 즉시 추천 가능","난이도 미기재(실무 추정), 교육시간 미기재"
PUB_ACG20243001054796_5,채용에서 퇴직까지 인사노무관리 핵심실무,케이지에듀원 원격평생교육원,고용24_국민내일배움카드,PUBLIC_API,인사(HR),인사·채용관리,COMP_LABOR_01,근로관계 법률 준수,"근로관계 법률 준수, 인력채용",2,VERIFIED_CORE,"과정명/내용 내 핵심 역량 키워드(노무, 퇴직) 및 직무 연관성 일치 확인",중급/실무,INFERRED_DEFAULT,명시적 난이도 키워드 미제공에 따른 실무 기본값 추정,,MISSING_HOURS,31.0,50490.0,STANDARD_PAID,"일반 유료 과정 (50,490원)",https://www.work24.go.kr,TIER_1_READY,"핵심 역량 매핑 및 수강료 확인 완료, 즉시 추천 가능","난이도 미기재(실무 추정), 교육시간 미기재"
PUB_ACG20243001051920_33,채용에서 퇴직까지 인사노무관리 핵심실무,아카스타,고용24_국민내일배움카드,PUBLIC_API,인사(HR),인사·채용관리,COMP_LABOR_01,근로관계 법률 준수,"근로관계 법률 준수, 인력채용",2,VERIFIED_CORE,"과정명/내용 내 핵심 역량 키워드(노무, 퇴직) 및 직무 연관성 일치 확인",중급/실무,INFERRED_DEFAULT,명시적 난이도 키워드 미제공에 따른 실무 기본값 추정,,MISSING_HOURS,31.0,50490.0,STANDARD_PAID,"일반 유료 과정 (50,490원)",https://www.work24.go.kr,TIER_1_READY,"핵심 역량 매핑 및 수강료 확인 완료, 즉시 추천 가능","난이도 미기재(실무 추정), 교육시간 미기재"
PUB_ACG20243001051920_34,채용에서 퇴직까지 인사노무관리 핵심실무,아카스타,고용24_국민내일배움카드,PUBLIC_API,인사(HR),인사·채용관리,COMP_LABOR_01,근로관계 법률 준수,"근로관계 법률 준수, 인력채용",2,VERIFIED_CORE,"과정명/내용 내 핵심 역량 키워드(노무, 퇴직) 및 직무 연관성 일치 확인",중급/실무,INFERRED_DEFAULT,명시적 난이도 키워드 미제공에 따른 실무 기본값 추정,,MISSING_HOURS,31.0,50490.0,STANDARD_PAID,"일반 유료 과정 (50,490원)",https://www.work24.go.kr,TIER_1_READY,"핵심 역량 매핑 및 수강료 확인 완료, 즉시 추천 가능","난이도 미기재(실무 추정), 교육시간 미기재"
PUB_ACG20243000985011_43,채용에서 퇴직까지 인사노무관리 핵심실무,한국이러닝협회,고용24_국민내일배움카드,PUBLIC_API,인사(HR),인사·채용관리,COMP_LABOR_01,근로관계 법률 준수,"근로관계 법률 준수, 인력채용",2,VERIFIED_CORE,"과정명/내용 내 핵심 역량 키워드(노무, 퇴직) 및 직무 연관성 일치 확인",중급/실무,INFERRED_DEFAULT,명시적 난이도 키워드 미제공에 따른 실무 기본값 추정,,MISSING_HOURS,28.0,50490.0,STANDARD_PAID,"일반 유료 과정 (50,490원)",https://www.work24.go.kr,TIER_1_READY,"핵심 역량 매핑 및 수강료 확인 완료, 즉시 추천 가능","난이도 미기재(실무 추정), 교육시간 미기재"
PUB_ACG20243001052023_28,NEW 업무에서 활용가능한 실전 근로기준법,에듀퓨어,고용24_국민내일배움카드,PUBLIC_API,인사(HR),노무관리,COMP_LABOR_01,근로관계 법률 준수,근로관계 법률 준수,1,VERIFIED_CORE,과정명/내용 내 핵심 역량 키워드(근로기준법) 및 직무 연관성 일치 확인,중급/실무,INFERRED_DEFAULT,명시적 난이도 키워드 미제공에 따른 실무 기본값 추정,,MISSING_HOURS,30.0,50490.0,STANDARD_PAID,"일반 유료 과정 (50,490원)",https://www.work24.go.kr,TIER_1_READY,"핵심 역량 매핑 및 수강료 확인 완료, 즉시 추천 가능","난이도 미기재(실무 추정), 교육시간 미기재"
PUB_ACG20243000974723_338,NEW 업무에서 활용가능한 실전 근로기준법,윈스펙원격평생교육원,고용24_국민내일배움카드,PUBLIC_API,인사(HR),노무관리,COMP_LABOR_01,근로관계 법률 준수,근로관계 법률 준수,1,VERIFIED_CORE,과정명/내용 내 핵심 역량 키워드(근로기준법) 및 직무 연관성 일치 확인,중급/실무,INFERRED_DEFAULT,명시적 난이도 키워드 미제공에 따른 실무 기본값 추정,,MISSING_HOURS,30.0,50490.0,STANDARD_PAID,"일반 유료 과정 (50,490원)",https://www.work24.go.kr,TIER_1_READY,"핵심 역량 매핑 및 수강료 확인 완료, 즉시 추천 가능","난이도 미기재(실무 추정), 교육시간 미기재"
PUB_ACG20243001052023_29,NEW 업무에서 활용가능한 실전 근로기준법,에듀퓨어,고용24_국민내일배움카드,PUBLIC_API,인사(HR),노무관리,COMP_LABOR_01,근로관계 법률 준수,근로관계 법률 준수,1,VERIFIED_CORE,과정명/내용 내 핵심 역량 키워드(근로기준법) 및 직무 연관성 일치 확인,중급/실무,INFERRED_DEFAULT,명시적 난이도 키워드 미제공에 따른 실무 기본값 추정,,MISSING_HOURS,30.0,50490.0,STANDARD_PAID,"일반 유료 과정 (50,490원)",https://www.work24.go.kr,TIER_1_READY,"핵심 역량 매핑 및 수강료 확인 완료, 즉시 추천 가능","난이도 미기재(실무 추정), 교육시간 미기재"
PUB_ACG20243000974723_339,NEW 업무에서 활용가능한 실전 근로기준법,윈스펙원격평생교육원,고용24_국민내일배움카드,PUBLIC_API,인사(HR),노무관리,COMP_LABOR_01,근로관계 법률 준수,근로관계 법률 준수,1,VERIFIED_CORE,과정명/내용 내 핵심 역량 키워드(근로기준법) 및 직무 연관성 일치 확인,중급/실무,INFERRED_DEFAULT,명시적 난이도 키워드 미제공에 따른 실무 기본값 추정,,MISSING_HOURS,30.0,50490.0,STANDARD_PAID,"일반 유료 과정 (50,490원)",https://www.work24.go.kr,TIER_1_READY,"핵심 역량 매핑 및 수강료 확인 완료, 즉시 추천 가능","난이도 미기재(실무 추정), 교육시간 미기재"
PUB_ACG20243001036448_16,실무사례로 알아보는 근로기준법,중앙법률원격평생교육원,고용24_국민내일배움카드,PUBLIC_API,인사(HR),노무관리,COMP_LABOR_01,근로관계 법률 준수,근로관계 법률 준수,1,VERIFIED_CORE,과정명/내용 내 핵심 역량 키워드(근로기준법) 및 직무 연관성 일치 확인,중급/실무,INFERRED_DEFAULT,명시적 난이도 키워드 미제공에 따른 실무 기본값 추정,,MISSING_HOURS,31.0,83160.0,STANDARD_PAID,"일반 유료 과정 (83,160원)",https://www.work24.go.kr,TIER_1_READY,"핵심 역량 매핑 및 수강료 확인 완료, 즉시 추천 가능","난이도 미기재(실무 추정), 교육시간 미기재"
PUB_ACG20243000974723_340,NEW 업무에서 활용가능한 실전 근로기준법,윈스펙원격평생교육원,고용24_국민내일배움카드,PUBLIC_API,인사(HR),노무관리,COMP_LABOR_01,근로관계 법률 준수,근로관계 법률 준수,1,VERIFIED_CORE,과정명/내용 내 핵심 역량 키워드(근로기준법) 및 직무 연관성 일치 확인,중급/실무,INFERRED_DEFAULT,명시적 난이도 키워드 미제공에 따른 실무 기본값 추정,,MISSING_HOURS,30.0,50490.0,STANDARD_PAID,"일반 유료 과정 (50,490원)",https://www.work24.go.kr,TIER_1_READY,"핵심 역량 매핑 및 수강료 확인 완료, 즉시 추천 가능","난이도 미기재(실무 추정), 교육시간 미기재"
PUB_ACG20243001052023_30,NEW 업무에서 활용가능한 실전 근로기준법,에듀퓨어,고용24_국민내일배움카드,PUBLIC_API,인사(HR),노무관리,COMP_LABOR_01,근로관계 법률 준수,근로관계 법률 준수,1,VERIFIED_CORE,과정명/내용 내 핵심 역량 키워드(근로기준법) 및 직무 연관성 일치 확인,중급/실무,INFERRED_DEFAULT,명시적 난이도 키워드 미제공에 따른 실무 기본값 추정,,MISSING_HOURS,30.0,50490.0,STANDARD_PAID,"일반 유료 과정 (50,490원)",https://www.work24.go.kr,TIER_1_READY,"핵심 역량 매핑 및 수강료 확인 완료, 즉시 추천 가능","난이도 미기재(실무 추정), 교육시간 미기재"
PUB_ACG20243000974723_341,NEW 업무에서 활용가능한 실전 근로기준법,윈스펙원격평생교육원,고용24_국민내일배움카드,PUBLIC_API,인사(HR),노무관리,COMP_LABOR_01,근로관계 법률 준수,근로관계 법률 준수,1,VERIFIED_CORE,과정명/내용 내 핵심 역량 키워드(근로기준법) 및 직무 연관성 일치 확인,중급/실무,INFERRED_DEFAULT,명시적 난이도 키워드 미제공에 따른 실무 기본값 추정,,MISSING_HOURS,30.0,50490.0,STANDARD_PAID,"일반 유료 과정 (50,490원)",https://www.work24.go.kr,TIER_1_READY,"핵심 역량 매핑 및 수강료 확인 완료, 즉시 추천 가능","난이도 미기재(실무 추정), 교육시간 미기재"
PUB_ACG20243001052023_31,NEW 업무에서 활용가능한 실전 근로기준법,에듀퓨어,고용24_국민내일배움카드,PUBLIC_API,인사(HR),노무관리,COMP_LABOR_01,근로관계 법률 준수,근로관계 법률 준수,1,VERIFIED_CORE,과정명/내용 내 핵심 역량 키워드(근로기준법) 및 직무 연관성 일치 확인,중급/실무,INFERRED_DEFAULT,명시적 난이도 키워드 미제공에 따른 실무 기본값 추정,,MISSING_HOURS,30.0,50490.0,STANDARD_PAID,"일반 유료 과정 (50,490원)",https://www.work24.go.kr,TIER_1_READY,"핵심 역량 매핑 및 수강료 확인 완료, 즉시 추천 가능","난이도 미기재(실무 추정), 교육시간 미기재"
PUB_ACG20243001057596_1,NEW 업무에서 활용가능한 실전 근로기준법,윈스펙원격평생교육원,고용24_국민내일배움카드,PUBLIC_API,인사(HR),노무관리,COMP_LABOR_01,근로관계 법률 준수,근로관계 법률 준수,1,VERIFIED_CORE,과정명/내용 내 핵심 역량 키워드(근로기준법) 및 직무 연관성 일치 확인,중급/실무,INFERRED_DEFAULT,명시적 난이도 키워드 미제공에 따른 실무 기본값 추정,,MISSING_HOURS,30.0,50490.0,STANDARD_PAID,"일반 유료 과정 (50,490원)",https://www.work24.go.kr,TIER_1_READY,"핵심 역량 매핑 및 수강료 확인 완료, 즉시 추천 가능","난이도 미기재(실무 추정), 교육시간 미기재"
PUB_ACG20243001004851_141,인사평가체계 구축 및 운영 방법,케이스원격평생교육원,고용24_국민내일배움카드,PUBLIC_API,인사(HR),인사·채용관리,COMP_HR_02,인사평가 및 보상,"인사평가 및 보상, 인력채용",2,VERIFIED_CORE,과정명/내용 내 핵심 역량 키워드(인사평가) 및 직무 연관성 일치 확인,중급/실무,INFERRED_DEFAULT,명시적 난이도 키워드 미제공에 따른 실무 기본값 추정,,MISSING_HOURS,30.0,50490.0,STANDARD_PAID,"일반 유료 과정 (50,490원)",https://www.work24.go.kr,TIER_1_READY,"핵심 역량 매핑 및 수강료 확인 완료, 즉시 추천 가능","난이도 미기재(실무 추정), 교육시간 미기재"
PUB_ACG20243001029345_87,인사평가체계 구축 및 운영 방법,러닝플러스,고용24_국민내일배움카드,PUBLIC_API,인사(HR),인사·채용관리,COMP_HR_02,인사평가 및 보상,"인사평가 및 보상, 인력채용",2,VERIFIED_CORE,과정명/내용 내 핵심 역량 키워드(인사평가) 및 직무 연관성 일치 확인,중급/실무,INFERRED_DEFAULT,명시적 난이도 키워드 미제공에 따른 실무 기본값 추정,,MISSING_HOURS,31.0,50490.0,STANDARD_PAID,"일반 유료 과정 (50,490원)",https://www.work24.go.kr,TIER_1_READY,"핵심 역량 매핑 및 수강료 확인 완료, 즉시 추천 가능","난이도 미기재(실무 추정), 교육시간 미기재"
PUB_ACG20243001029345_88,인사평가체계 구축 및 운영 방법,러닝플러스,고용24_국민내일배움카드,PUBLIC_API,인사(HR),인사·채용관리,COMP_HR_02,인사평가 및 보상,"인사평가 및 보상, 인력채용",2,VERIFIED_CORE,과정명/내용 내 핵심 역량 키워드(인사평가) 및 직무 연관성 일치 확인,중급/실무,INFERRED_DEFAULT,명시적 난이도 키워드 미제공에 따른 실무 기본값 추정,,MISSING_HOURS,31.0,50490.0,STANDARD_PAID,"일반 유료 과정 (50,490원)",https://www.work24.go.kr,TIER_1_READY,"핵심 역량 매핑 및 수강료 확인 완료, 즉시 추천 가능","난이도 미기재(실무 추정), 교육시간 미기재"
PUB_ACG20243001004851_142,인사평가체계 구축 및 운영 방법,케이스원격평생교육원,고용24_국민내일배움카드,PUBLIC_API,인사(HR),인사·채용관리,COMP_HR_02,인사평가 및 보상,"인사평가 및 보상, 인력채용",2,VERIFIED_CORE,과정명/내용 내 핵심 역량 키워드(인사평가) 및 직무 연관성 일치 확인,중급/실무,INFERRED_DEFAULT,명시적 난이도 키워드 미제공에 따른 실무 기본값 추정,,MISSING_HOURS,30.0,50490.0,STANDARD_PAID,"일반 유료 과정 (50,490원)",https://www.work24.go.kr,TIER_1_READY,"핵심 역량 매핑 및 수강료 확인 완료, 즉시 추천 가능","난이도 미기재(실무 추정), 교육시간 미기재"
PUB_ACG20243001004851_143,인사평가체계 구축 및 운영 방법,케이스원격평생교육원,고용24_국민내일배움카드,PUBLIC_API,인사(HR),인사·채용관리,COMP_HR_02,인사평가 및 보상,"인사평가 및 보상, 인력채용",2,VERIFIED_CORE,과정명/내용 내 핵심 역량 키워드(인사평가) 및 직무 연관성 일치 확인,중급/실무,INFERRED_DEFAULT,명시적 난이도 키워드 미제공에 따른 실무 기본값 추정,,MISSING_HOURS,30.0,50490.0,STANDARD_PAID,"일반 유료 과정 (50,490원)",https://www.work24.go.kr,TIER_1_READY,"핵심 역량 매핑 및 수강료 확인 완료, 즉시 추천 가능","난이도 미기재(실무 추정), 교육시간 미기재"
PUB_ACG20243001029345_89,인사평가체계 구축 및 운영 방법,러닝플러스,고용24_국민내일배움카드,PUBLIC_API,인사(HR),인사·채용관리,COMP_HR_02,인사평가 및 보상,"인사평가 및 보상, 인력채용",2,VERIFIED_CORE,과정명/내용 내 핵심 역량 키워드(인사평가) 및 직무 연관성 일치 확인,중급/실무,INFERRED_DEFAULT,명시적 난이도 키워드 미제공에 따른 실무 기본값 추정,,MISSING_HOURS,31.0,50490.0,STANDARD_PAID,"일반 유료 과정 (50,490원)",https://www.work24.go.kr,TIER_1_READY,"핵심 역량 매핑 및 수강료 확인 완료, 즉시 추천 가능","난이도 미기재(실무 추정), 교육시간 미기재"
PUB_ACG20243001029345_90,인사평가체계 구축 및 운영 방법,러닝플러스,고용24_국민내일배움카드,PUBLIC_API,인사(HR),인사·채용관리,COMP_HR_02,인사평가 및 보상,"인사평가 및 보상, 인력채용",2,VERIFIED_CORE,과정명/내용 내 핵심 역량 키워드(인사평가) 및 직무 연관성 일치 확인,중급/실무,INFERRED_DEFAULT,명시적 난이도 키워드 미제공에 따른 실무 기본값 추정,,MISSING_HOURS,31.0,50490.0,STANDARD_PAID,"일반 유료 과정 (50,490원)",https://www.work24.go.kr,TIER_1_READY,"핵심 역량 매핑 및 수강료 확인 완료, 즉시 추천 가능","난이도 미기재(실무 추정), 교육시간 미기재"
PUB_ACG20243001004851_144,인사평가체계 구축 및 운영 방법,케이스원격평생교육원,고용24_국민내일배움카드,PUBLIC_API,인사(HR),인사·채용관리,COMP_HR_02,인사평가 및 보상,"인사평가 및 보상, 인력채용",2,VERIFIED_CORE,과정명/내용 내 핵심 역량 키워드(인사평가) 및 직무 연관성 일치 확인,중급/실무,INFERRED_DEFAULT,명시적 난이도 키워드 미제공에 따른 실무 기본값 추정,,MISSING_HOURS,30.0,50490.0,STANDARD_PAID,"일반 유료 과정 (50,490원)",https://www.work24.go.kr,TIER_1_READY,"핵심 역량 매핑 및 수강료 확인 완료, 즉시 추천 가능","난이도 미기재(실무 추정), 교육시간 미기재"
PUB_ACG20243001052663_1,인사평가체계 구축 및 운영 방법,러닝팩토리 원격평생교육원,고용24_국민내일배움카드,PUBLIC_API,인사(HR),인사·채용관리,COMP_HR_02,인사평가 및 보상,"인사평가 및 보상, 인력채용",2,VERIFIED_CORE,과정명/내용 내 핵심 역량 키워드(인사평가) 및 직무 연관성 일치 확인,중급/실무,INFERRED_DEFAULT,명시적 난이도 키워드 미제공에 따른 실무 기본값 추정,,MISSING_HOURS,31.0,50490.0,STANDARD_PAID,"일반 유료 과정 (50,490원)",https://www.work24.go.kr,TIER_1_READY,"핵심 역량 매핑 및 수강료 확인 완료, 즉시 추천 가능","난이도 미기재(실무 추정), 교육시간 미기재"
PUB_ACG20243001004851_145,인사평가체계 구축 및 운영 방법,케이스원격평생교육원,고용24_국민내일배움카드,PUBLIC_API,인사(HR),인사·채용관리,COMP_HR_02,인사평가 및 보상,"인사평가 및 보상, 인력채용",2,VERIFIED_CORE,과정명/내용 내 핵심 역량 키워드(인사평가) 및 직무 연관성 일치 확인,중급/실무,INFERRED_DEFAULT,명시적 난이도 키워드 미제공에 따른 실무 기본값 추정,,MISSING_HOURS,30.0,50490.0,STANDARD_PAID,"일반 유료 과정 (50,490원)",https://www.work24.go.kr,TIER_1_READY,"핵심 역량 매핑 및 수강료 확인 완료, 즉시 추천 가능","난이도 미기재(실무 추정), 교육시간 미기재"
PUB_ACG20243001027168_96,총무기획과 총무자산관리,러닝플러스,고용24_국민내일배움카드,PUBLIC_API,총무·사무행정,총무·자산관리,COMP_GA_02,비품 및 자산관리,"비품 및 자산관리, 문서작성 및 기획",2,VERIFIED_CORE,"과정명/내용 내 핵심 역량 키워드(총무자산, 자산관리) 및 직무 연관성 일치 확인",중급/실무,INFERRED_DEFAULT,명시적 난이도 키워드 미제공에 따른 실무 기본값 추정,,MISSING_HOURS,31.0,50490.0,STANDARD_PAID,"일반 유료 과정 (50,490원)",https://www.work24.go.kr,TIER_1_READY,"핵심 역량 매핑 및 수강료 확인 완료, 즉시 추천 가능","난이도 미기재(실무 추정), 교육시간 미기재"
PUB_ACG20243001013346_205,총무기획과 총무자산관리,에듀퓨어,고용24_국민내일배움카드,PUBLIC_API,총무·사무행정,총무·자산관리,COMP_GA_02,비품 및 자산관리,"비품 및 자산관리, 문서작성 및 기획",2,VERIFIED_CORE,"과정명/내용 내 핵심 역량 키워드(총무자산, 자산관리) 및 직무 연관성 일치 확인",중급/실무,INFERRED_DEFAULT,명시적 난이도 키워드 미제공에 따른 실무 기본값 추정,,MISSING_HOURS,30.0,50490.0,STANDARD_PAID,"일반 유료 과정 (50,490원)",https://www.work24.go.kr,TIER_1_READY,"핵심 역량 매핑 및 수강료 확인 완료, 즉시 추천 가능","난이도 미기재(실무 추정), 교육시간 미기재"
PUB_ACG20243001027168_97,총무기획과 총무자산관리,러닝플러스,고용24_국민내일배움카드,PUBLIC_API,총무·사무행정,총무·자산관리,COMP_GA_02,비품 및 자산관리,"비품 및 자산관리, 문서작성 및 기획",2,VERIFIED_CORE,"과정명/내용 내 핵심 역량 키워드(총무자산, 자산관리) 및 직무 연관성 일치 확인",중급/실무,INFERRED_DEFAULT,명시적 난이도 키워드 미제공에 따른 실무 기본값 추정,,MISSING_HOURS,31.0,50490.0,STANDARD_PAID,"일반 유료 과정 (50,490원)",https://www.work24.go.kr,TIER_1_READY,"핵심 역량 매핑 및 수강료 확인 완료, 즉시 추천 가능","난이도 미기재(실무 추정), 교육시간 미기재"
PUB_ACG20243001013346_206,총무기획과 총무자산관리,에듀퓨어,고용24_국민내일배움카드,PUBLIC_API,총무·사무행정,총무·자산관리,COMP_GA_02,비품 및 자산관리,"비품 및 자산관리, 문서작성 및 기획",2,VERIFIED_CORE,"과정명/내용 내 핵심 역량 키워드(총무자산, 자산관리) 및 직무 연관성 일치 확인",중급/실무,INFERRED_DEFAULT,명시적 난이도 키워드 미제공에 따른 실무 기본값 추정,,MISSING_HOURS,30.0,50490.0,STANDARD_PAID,"일반 유료 과정 (50,490원)",https://www.work24.go.kr,TIER_1_READY,"핵심 역량 매핑 및 수강료 확인 완료, 즉시 추천 가능","난이도 미기재(실무 추정), 교육시간 미기재"
PUB_ACG20243001013346_207,총무기획과 총무자산관리,에듀퓨어,고용24_국민내일배움카드,PUBLIC_API,총무·사무행정,총무·자산관리,COMP_GA_02,비품 및 자산관리,"비품 및 자산관리, 문서작성 및 기획",2,VERIFIED_CORE,"과정명/내용 내 핵심 역량 키워드(총무자산, 자산관리) 및 직무 연관성 일치 확인",중급/실무,INFERRED_DEFAULT,명시적 난이도 키워드 미제공에 따른 실무 기본값 추정,,MISSING_HOURS,30.0,50490.0,STANDARD_PAID,"일반 유료 과정 (50,490원)",https://www.work24.go.kr,TIER_1_READY,"핵심 역량 매핑 및 수강료 확인 완료, 즉시 추천 가능","난이도 미기재(실무 추정), 교육시간 미기재"
PUB_ACG20243001013346_208,총무기획과 총무자산관리,에듀퓨어,고용24_국민내일배움카드,PUBLIC_API,총무·사무행정,총무·자산관리,COMP_GA_02,비품 및 자산관리,"비품 및 자산관리, 문서작성 및 기획",2,VERIFIED_CORE,"과정명/내용 내 핵심 역량 키워드(총무자산, 자산관리) 및 직무 연관성 일치 확인",중급/실무,INFERRED_DEFAULT,명시적 난이도 키워드 미제공에 따른 실무 기본값 추정,,MISSING_HOURS,30.0,50490.0,STANDARD_PAID,"일반 유료 과정 (50,490원)",https://www.work24.go.kr,TIER_1_READY,"핵심 역량 매핑 및 수강료 확인 완료, 즉시 추천 가능","난이도 미기재(실무 추정), 교육시간 미기재"
PUB_ACG20243001027168_98,총무기획과 총무자산관리,러닝플러스,고용24_국민내일배움카드,PUBLIC_API,총무·사무행정,총무·자산관리,COMP_GA_02,비품 및 자산관리,"비품 및 자산관리, 문서작성 및 기획",2,VERIFIED_CORE,"과정명/내용 내 핵심 역량 키워드(총무자산, 자산관리) 및 직무 연관성 일치 확인",중급/실무,INFERRED_DEFAULT,명시적 난이도 키워드 미제공에 따른 실무 기본값 추정,,MISSING_HOURS,31.0,50490.0,STANDARD_PAID,"일반 유료 과정 (50,490원)",https://www.work24.go.kr,TIER_1_READY,"핵심 역량 매핑 및 수강료 확인 완료, 즉시 추천 가능","난이도 미기재(실무 추정), 교육시간 미기재"
PUB_ABA20243001023639_6,총무기획과 총무자산관리,온캠퍼스원격평생교육원,고용24_사업주훈련,PUBLIC_API,총무·사무행정,총무·자산관리,COMP_GA_02,비품 및 자산관리,"비품 및 자산관리, 문서작성 및 기획",2,VERIFIED_CORE,"과정명/내용 내 핵심 역량 키워드(총무자산, 자산관리) 및 직무 연관성 일치 확인",중급/실무,INFERRED_DEFAULT,명시적 난이도 키워드 미제공에 따른 실무 기본값 추정,,MISSING_HOURS,30.0,0.0,GOV_SUBSIDIZED_FREE,국비 전액 환급 또는 지자체 무료 e-러닝 과정 (0원),https://www.work24.go.kr,TIER_1_READY,"핵심 역량 매핑 및 수강료 확인 완료, 즉시 추천 가능","난이도 미기재(실무 추정), 교육시간 미기재"
PUB_ABA20243001051626_1,EB24OD 전략적 조직운영을 위한 인사관리 실무,멀티캠퍼스 원격평생교육원,고용24_사업주훈련,PUBLIC_API,인사(HR),인사·채용관리,COMP_HR_01,인력채용,인력채용,1,VERIFIED_CORE,과정명/내용 내 핵심 역량 키워드(카테고리:인사채용) 및 직무 연관성 일치 확인,고급/전문,EXPLICIT_KEYWORD,과정명 내 전문가·전략·관리자 명시적 키워드 보유,,MISSING_HOURS,31.0,0.0,GOV_SUBSIDIZED_FREE,국비 전액 환급 또는 지자체 무료 e-러닝 과정 (0원),https://www.work24.go.kr,TIER_1_READY,"핵심 역량 매핑 및 수강료 확인 완료, 즉시 추천 가능",교육시간 미기재
PUB_ABA20233000970284_6,채용에서 퇴직까지 인사노무관리 핵심실무,러닝플러스,고용24_사업주훈련,PUBLIC_API,인사(HR),인사·채용관리,COMP_LABOR_01,근로관계 법률 준수,"근로관계 법률 준수, 인력채용",2,VERIFIED_CORE,"과정명/내용 내 핵심 역량 키워드(노무, 퇴직) 및 직무 연관성 일치 확인",중급/실무,INFERRED_DEFAULT,명시적 난이도 키워드 미제공에 따른 실무 기본값 추정,,MISSING_HOURS,31.0,0.0,GOV_SUBSIDIZED_FREE,국비 전액 환급 또는 지자체 무료 e-러닝 과정 (0원),https://www.work24.go.kr,TIER_1_READY,"핵심 역량 매핑 및 수강료 확인 완료, 즉시 추천 가능","난이도 미기재(실무 추정), 교육시간 미기재"
PUB_ABA20243001012801_203,총무기획과 총무자산관리,에듀퓨어,고용24_사업주훈련,PUBLIC_API,총무·사무행정,총무·자산관리,COMP_GA_02,비품 및 자산관리,"비품 및 자산관리, 문서작성 및 기획",2,VERIFIED_CORE,"과정명/내용 내 핵심 역량 키워드(총무자산, 자산관리) 및 직무 연관성 일치 확인",중급/실무,INFERRED_DEFAULT,명시적 난이도 키워드 미제공에 따른 실무 기본값 추정,,MISSING_HOURS,30.0,0.0,GOV_SUBSIDIZED_FREE,국비 전액 환급 또는 지자체 무료 e-러닝 과정 (0원),https://www.work24.go.kr,TIER_1_READY,"핵심 역량 매핑 및 수강료 확인 완료, 즉시 추천 가능","난이도 미기재(실무 추정), 교육시간 미기재"
PUB_ABA20243001037760_84,전략적 조직운영을 위한 인사관리 실무,에듀퓨어,고용24_사업주훈련,PUBLIC_API,인사(HR),인사·채용관리,COMP_HR_01,인력채용,인력채용,1,VERIFIED_CORE,과정명/내용 내 핵심 역량 키워드(카테고리:인사채용) 및 직무 연관성 일치 확인,고급/전문,EXPLICIT_KEYWORD,과정명 내 전문가·전략·관리자 명시적 키워드 보유,,MISSING_HOURS,30.0,0.0,GOV_SUBSIDIZED_FREE,국비 전액 환급 또는 지자체 무료 e-러닝 과정 (0원),https://www.work24.go.kr,TIER_1_READY,"핵심 역량 매핑 및 수강료 확인 완료, 즉시 추천 가능",교육시간 미기재
PUB_ABA20243001052733_1,채용에서 퇴직까지 인사노무관리 핵심실무,케이지에듀원 원격평생교육원,고용24_사업주훈련,PUBLIC_API,인사(HR),인사·채용관리,COMP_LABOR_01,근로관계 법률 준수,"근로관계 법률 준수, 인력채용",2,VERIFIED_CORE,"과정명/내용 내 핵심 역량 키워드(노무, 퇴직) 및 직무 연관성 일치 확인",중급/실무,INFERRED_DEFAULT,명시적 난이도 키워드 미제공에 따른 실무 기본값 추정,,MISSING_HOURS,31.0,0.0,GOV_SUBSIDIZED_FREE,국비 전액 환급 또는 지자체 무료 e-러닝 과정 (0원),https://www.work24.go.kr,TIER_1_READY,"핵심 역량 매핑 및 수강료 확인 완료, 즉시 추천 가능","난이도 미기재(실무 추정), 교육시간 미기재"
PUB_ABA20243001012801_204,총무기획과 총무자산관리,에듀퓨어,고용24_사업주훈련,PUBLIC_API,총무·사무행정,총무·자산관리,COMP_GA_02,비품 및 자산관리,"비품 및 자산관리, 문서작성 및 기획",2,VERIFIED_CORE,"과정명/내용 내 핵심 역량 키워드(총무자산, 자산관리) 및 직무 연관성 일치 확인",중급/실무,INFERRED_DEFAULT,명시적 난이도 키워드 미제공에 따른 실무 기본값 추정,,MISSING_HOURS,30.0,0.0,GOV_SUBSIDIZED_FREE,국비 전액 환급 또는 지자체 무료 e-러닝 과정 (0원),https://www.work24.go.kr,TIER_1_READY,"핵심 역량 매핑 및 수강료 확인 완료, 즉시 추천 가능","난이도 미기재(실무 추정), 교육시간 미기재"
PUB_ABA20243001037760_85,전략적 조직운영을 위한 인사관리 실무,에듀퓨어,고용24_사업주훈련,PUBLIC_API,인사(HR),인사·채용관리,COMP_HR_01,인력채용,인력채용,1,VERIFIED_CORE,과정명/내용 내 핵심 역량 키워드(카테고리:인사채용) 및 직무 연관성 일치 확인,고급/전문,EXPLICIT_KEYWORD,과정명 내 전문가·전략·관리자 명시적 키워드 보유,,MISSING_HOURS,30.0,0.0,GOV_SUBSIDIZED_FREE,국비 전액 환급 또는 지자체 무료 e-러닝 과정 (0원),https://www.work24.go.kr,TIER_1_READY,"핵심 역량 매핑 및 수강료 확인 완료, 즉시 추천 가능",교육시간 미기재
PUB_ABA20243001037760_86,전략적 조직운영을 위한 인사관리 실무,에듀퓨어,고용24_사업주훈련,PUBLIC_API,인사(HR),인사·채용관리,COMP_HR_01,인력채용,인력채용,1,VERIFIED_CORE,과정명/내용 내 핵심 역량 키워드(카테고리:인사채용) 및 직무 연관성 일치 확인,고급/전문,EXPLICIT_KEYWORD,과정명 내 전문가·전략·관리자 명시적 키워드 보유,,MISSING_HOURS,30.0,0.0,GOV_SUBSIDIZED_FREE,국비 전액 환급 또는 지자체 무료 e-러닝 과정 (0원),https://www.work24.go.kr,TIER_1_READY,"핵심 역량 매핑 및 수강료 확인 완료, 즉시 추천 가능",교육시간 미기재
PUB_ABA20243001012801_205,총무기획과 총무자산관리,에듀퓨어,고용24_사업주훈련,PUBLIC_API,총무·사무행정,총무·자산관리,COMP_GA_02,비품 및 자산관리,"비품 및 자산관리, 문서작성 및 기획",2,VERIFIED_CORE,"과정명/내용 내 핵심 역량 키워드(총무자산, 자산관리) 및 직무 연관성 일치 확인",중급/실무,INFERRED_DEFAULT,명시적 난이도 키워드 미제공에 따른 실무 기본값 추정,,MISSING_HOURS,30.0,0.0,GOV_SUBSIDIZED_FREE,국비 전액 환급 또는 지자체 무료 e-러닝 과정 (0원),https://www.work24.go.kr,TIER_1_READY,"핵심 역량 매핑 및 수강료 확인 완료, 즉시 추천 가능","난이도 미기재(실무 추정), 교육시간 미기재"
PUB_AIG20220000383835_15,채용에서 퇴직까지 인사관리 실무,더존평생교육원,고용24_사업주훈련,PUBLIC_API,인사(HR),인사·채용관리,COMP_HR_01,인력채용,"인력채용, 근로관계 법률 준수",2,VERIFIED_CORE,과정명/내용 내 핵심 역량 키워드(채용) 및 직무 연관성 일치 확인,중급/실무,INFERRED_DEFAULT,명시적 난이도 키워드 미제공에 따른 실무 기본값 추정,,MISSING_HOURS,1.0,68080.0,STANDARD_PAID,"일반 유료 과정 (68,080원)",https://www.work24.go.kr,TIER_1_READY,"핵심 역량 매핑 및 수강료 확인 완료, 즉시 추천 가능","난이도 미기재(실무 추정), 교육시간 미기재"
PUB_ABA20243001052733_2,채용에서 퇴직까지 인사노무관리 핵심실무,케이지에듀원 원격평생교육원,고용24_사업주훈련,PUBLIC_API,인사(HR),인사·채용관리,COMP_LABOR_01,근로관계 법률 준수,"근로관계 법률 준수, 인력채용",2,VERIFIED_CORE,"과정명/내용 내 핵심 역량 키워드(노무, 퇴직) 및 직무 연관성 일치 확인",중급/실무,INFERRED_DEFAULT,명시적 난이도 키워드 미제공에 따른 실무 기본값 추정,,MISSING_HOURS,28.0,0.0,GOV_SUBSIDIZED_FREE,국비 전액 환급 또는 지자체 무료 e-러닝 과정 (0원),https://www.work24.go.kr,TIER_1_READY,"핵심 역량 매핑 및 수강료 확인 완료, 즉시 추천 가능","난이도 미기재(실무 추정), 교육시간 미기재"
PUB_AIG20240000492923_1,채용에서 퇴직까지 인사노무임금관리실무,씨에프오아카데미평생교육원,고용24_사업주훈련,PUBLIC_API,인사(HR),인사·채용관리,COMP_LABOR_01,근로관계 법률 준수,"근로관계 법률 준수, 인력채용",2,VERIFIED_CORE,"과정명/내용 내 핵심 역량 키워드(노무, 퇴직, 임금) 및 직무 연관성 일치 확인",중급/실무,INFERRED_DEFAULT,명시적 난이도 키워드 미제공에 따른 실무 기본값 추정,,MISSING_HOURS,2.0,119140.0,STANDARD_PAID,"일반 유료 과정 (119,140원)",https://www.work24.go.kr,TIER_1_READY,"핵심 역량 매핑 및 수강료 확인 완료, 즉시 추천 가능","난이도 미기재(실무 추정), 교육시간 미기재"
PUB_ABA20253001063370_1,채용에서 퇴직까지 인사노무관리 핵심실무,러닝플러스,고용24_사업주훈련,PUBLIC_API,인사(HR),인사·채용관리,COMP_LABOR_01,근로관계 법률 준수,"근로관계 법률 준수, 인력채용",2,VERIFIED_CORE,"과정명/내용 내 핵심 역량 키워드(노무, 퇴직) 및 직무 연관성 일치 확인",중급/실무,INFERRED_DEFAULT,명시적 난이도 키워드 미제공에 따른 실무 기본값 추정,,MISSING_HOURS,28.0,0.0,GOV_SUBSIDIZED_FREE,국비 전액 환급 또는 지자체 무료 e-러닝 과정 (0원),https://www.work24.go.kr,TIER_1_READY,"핵심 역량 매핑 및 수강료 확인 완료, 즉시 추천 가능","난이도 미기재(실무 추정), 교육시간 미기재"
PUB_AIG20220000383835_16,채용에서 퇴직까지 인사관리 실무,더존평생교육원,고용24_사업주훈련,PUBLIC_API,인사(HR),인사·채용관리,COMP_HR_01,인력채용,"인력채용, 근로관계 법률 준수",2,VERIFIED_CORE,과정명/내용 내 핵심 역량 키워드(채용) 및 직무 연관성 일치 확인,중급/실무,INFERRED_DEFAULT,명시적 난이도 키워드 미제공에 따른 실무 기본값 추정,,MISSING_HOURS,1.0,68080.0,STANDARD_PAID,"일반 유료 과정 (68,080원)",https://www.work24.go.kr,TIER_1_READY,"핵심 역량 매핑 및 수강료 확인 완료, 즉시 추천 가능","난이도 미기재(실무 추정), 교육시간 미기재"
PUB_ABA20243001051659_1,EB24P8 채용에서 퇴직까지 인사노무관리 핵심실무,멀티캠퍼스 원격평생교육원,고용24_사업주훈련,PUBLIC_API,인사(HR),인사·채용관리,COMP_LABOR_01,근로관계 법률 준수,"근로관계 법률 준수, 인력채용",2,VERIFIED_CORE,"과정명/내용 내 핵심 역량 키워드(노무, 퇴직) 및 직무 연관성 일치 확인",중급/실무,INFERRED_DEFAULT,명시적 난이도 키워드 미제공에 따른 실무 기본값 추정,,MISSING_HOURS,31.0,0.0,GOV_SUBSIDIZED_FREE,국비 전액 환급 또는 지자체 무료 e-러닝 과정 (0원),https://www.work24.go.kr,TIER_1_READY,"핵심 역량 매핑 및 수강료 확인 완료, 즉시 추천 가능","난이도 미기재(실무 추정), 교육시간 미기재"
PUB_ABA20243001036557_15,실무사례로 알아보는 근로기준법,중앙법률원격평생교육원,고용24_사업주훈련,PUBLIC_API,인사(HR),노무관리,COMP_LABOR_01,근로관계 법률 준수,근로관계 법률 준수,1,VERIFIED_CORE,과정명/내용 내 핵심 역량 키워드(근로기준법) 및 직무 연관성 일치 확인,중급/실무,INFERRED_DEFAULT,명시적 난이도 키워드 미제공에 따른 실무 기본값 추정,,MISSING_HOURS,31.0,0.0,GOV_SUBSIDIZED_FREE,국비 전액 환급 또는 지자체 무료 e-러닝 과정 (0원),https://www.work24.go.kr,TIER_1_READY,"핵심 역량 매핑 및 수강료 확인 완료, 즉시 추천 가능","난이도 미기재(실무 추정), 교육시간 미기재"
PUB_ABA20243001036557_16,실무사례로 알아보는 근로기준법,중앙법률원격평생교육원,고용24_사업주훈련,PUBLIC_API,인사(HR),노무관리,COMP_LABOR_01,근로관계 법률 준수,근로관계 법률 준수,1,VERIFIED_CORE,과정명/내용 내 핵심 역량 키워드(근로기준법) 및 직무 연관성 일치 확인,중급/실무,INFERRED_DEFAULT,명시적 난이도 키워드 미제공에 따른 실무 기본값 추정,,MISSING_HOURS,31.0,0.0,GOV_SUBSIDIZED_FREE,국비 전액 환급 또는 지자체 무료 e-러닝 과정 (0원),https://www.work24.go.kr,TIER_1_READY,"핵심 역량 매핑 및 수강료 확인 완료, 즉시 추천 가능","난이도 미기재(실무 추정), 교육시간 미기재"
PUB_AIG20240000475110_1,"2일 완성, 노동법 마스터",중앙경제HR교육원,고용24_사업주훈련,PUBLIC_API,인사(HR),노무관리,COMP_LABOR_01,근로관계 법률 준수,근로관계 법률 준수,1,VERIFIED_CORE,과정명/내용 내 핵심 역량 키워드(노동법) 및 직무 연관성 일치 확인,중급/실무,INFERRED_DEFAULT,명시적 난이도 키워드 미제공에 따른 실무 기본값 추정,,MISSING_HOURS,2.0,119140.0,STANDARD_PAID,"일반 유료 과정 (119,140원)",https://www.work24.go.kr,TIER_1_READY,"핵심 역량 매핑 및 수강료 확인 완료, 즉시 추천 가능","난이도 미기재(실무 추정), 교육시간 미기재"
PUB_ABA20243001036557_17,실무사례로 알아보는 근로기준법,중앙법률원격평생교육원,고용24_사업주훈련,PUBLIC_API,인사(HR),노무관리,COMP_LABOR_01,근로관계 법률 준수,근로관계 법률 준수,1,VERIFIED_CORE,과정명/내용 내 핵심 역량 키워드(근로기준법) 및 직무 연관성 일치 확인,중급/실무,INFERRED_DEFAULT,명시적 난이도 키워드 미제공에 따른 실무 기본값 추정,,MISSING_HOURS,31.0,0.0,GOV_SUBSIDIZED_FREE,국비 전액 환급 또는 지자체 무료 e-러닝 과정 (0원),https://www.work24.go.kr,TIER_1_READY,"핵심 역량 매핑 및 수강료 확인 완료, 즉시 추천 가능","난이도 미기재(실무 추정), 교육시간 미기재"
PUB_ABA20243001036557_18,실무사례로 알아보는 근로기준법,중앙법률원격평생교육원,고용24_사업주훈련,PUBLIC_API,인사(HR),노무관리,COMP_LABOR_01,근로관계 법률 준수,근로관계 법률 준수,1,VERIFIED_CORE,과정명/내용 내 핵심 역량 키워드(근로기준법) 및 직무 연관성 일치 확인,중급/실무,INFERRED_DEFAULT,명시적 난이도 키워드 미제공에 따른 실무 기본값 추정,,MISSING_HOURS,31.0,0.0,GOV_SUBSIDIZED_FREE,국비 전액 환급 또는 지자체 무료 e-러닝 과정 (0원),https://www.work24.go.kr,TIER_1_READY,"핵심 역량 매핑 및 수강료 확인 완료, 즉시 추천 가능","난이도 미기재(실무 추정), 교육시간 미기재"
PUB_ABA20243001036557_19,실무사례로 알아보는 근로기준법,중앙법률원격평생교육원,고용24_사업주훈련,PUBLIC_API,인사(HR),노무관리,COMP_LABOR_01,근로관계 법률 준수,근로관계 법률 준수,1,VERIFIED_CORE,과정명/내용 내 핵심 역량 키워드(근로기준법) 및 직무 연관성 일치 확인,중급/실무,INFERRED_DEFAULT,명시적 난이도 키워드 미제공에 따른 실무 기본값 추정,,MISSING_HOURS,30.0,0.0,GOV_SUBSIDIZED_FREE,국비 전액 환급 또는 지자체 무료 e-러닝 과정 (0원),https://www.work24.go.kr,TIER_1_READY,"핵심 역량 매핑 및 수강료 확인 완료, 즉시 추천 가능","난이도 미기재(실무 추정), 교육시간 미기재"
PUB_AIG20240000475110_2,"2일 완성, 노동법 마스터",중앙경제HR교육원,고용24_사업주훈련,PUBLIC_API,인사(HR),노무관리,COMP_LABOR_01,근로관계 법률 준수,근로관계 법률 준수,1,VERIFIED_CORE,과정명/내용 내 핵심 역량 키워드(노동법) 및 직무 연관성 일치 확인,중급/실무,INFERRED_DEFAULT,명시적 난이도 키워드 미제공에 따른 실무 기본값 추정,,MISSING_HOURS,2.0,119140.0,STANDARD_PAID,"일반 유료 과정 (119,140원)",https://www.work24.go.kr,TIER_1_READY,"핵심 역량 매핑 및 수강료 확인 완료, 즉시 추천 가능","난이도 미기재(실무 추정), 교육시간 미기재"
PUB_ABA20243001036557_20,실무사례로 알아보는 근로기준법,중앙법률원격평생교육원,고용24_사업주훈련,PUBLIC_API,인사(HR),노무관리,COMP_LABOR_01,근로관계 법률 준수,근로관계 법률 준수,1,VERIFIED_CORE,과정명/내용 내 핵심 역량 키워드(근로기준법) 및 직무 연관성 일치 확인,중급/실무,INFERRED_DEFAULT,명시적 난이도 키워드 미제공에 따른 실무 기본값 추정,,MISSING_HOURS,28.0,0.0,GOV_SUBSIDIZED_FREE,국비 전액 환급 또는 지자체 무료 e-러닝 과정 (0원),https://www.work24.go.kr,TIER_1_READY,"핵심 역량 매핑 및 수강료 확인 완료, 즉시 추천 가능","난이도 미기재(실무 추정), 교육시간 미기재"
PUB_ABA20253001062023_1,실무사례로 알아보는 근로기준법,중앙법률원격평생교육원,고용24_사업주훈련,PUBLIC_API,인사(HR),노무관리,COMP_LABOR_01,근로관계 법률 준수,근로관계 법률 준수,1,VERIFIED_CORE,과정명/내용 내 핵심 역량 키워드(근로기준법) 및 직무 연관성 일치 확인,중급/실무,INFERRED_DEFAULT,명시적 난이도 키워드 미제공에 따른 실무 기본값 추정,,MISSING_HOURS,28.0,0.0,GOV_SUBSIDIZED_FREE,국비 전액 환급 또는 지자체 무료 e-러닝 과정 (0원),https://www.work24.go.kr,TIER_1_READY,"핵심 역량 매핑 및 수강료 확인 완료, 즉시 추천 가능","난이도 미기재(실무 추정), 교육시간 미기재"
PUB_ABA20243001036557_21,실무사례로 알아보는 근로기준법,중앙법률원격평생교육원,고용24_사업주훈련,PUBLIC_API,인사(HR),노무관리,COMP_LABOR_01,근로관계 법률 준수,근로관계 법률 준수,1,VERIFIED_CORE,과정명/내용 내 핵심 역량 키워드(근로기준법) 및 직무 연관성 일치 확인,중급/실무,INFERRED_DEFAULT,명시적 난이도 키워드 미제공에 따른 실무 기본값 추정,,MISSING_HOURS,28.0,0.0,GOV_SUBSIDIZED_FREE,국비 전액 환급 또는 지자체 무료 e-러닝 과정 (0원),https://www.work24.go.kr,TIER_1_READY,"핵심 역량 매핑 및 수강료 확인 완료, 즉시 추천 가능","난이도 미기재(실무 추정), 교육시간 미기재"
PUB_ABA20243001023642_6,인사평가체계 구축 및 운영 방법,온캠퍼스원격평생교육원,고용24_사업주훈련,PUBLIC_API,인사(HR),인사·채용관리,COMP_HR_02,인사평가 및 보상,"인사평가 및 보상, 인력채용",2,VERIFIED_CORE,과정명/내용 내 핵심 역량 키워드(인사평가) 및 직무 연관성 일치 확인,중급/실무,INFERRED_DEFAULT,명시적 난이도 키워드 미제공에 따른 실무 기본값 추정,,MISSING_HOURS,30.0,0.0,GOV_SUBSIDIZED_FREE,국비 전액 환급 또는 지자체 무료 e-러닝 과정 (0원),https://www.work24.go.kr,TIER_1_READY,"핵심 역량 매핑 및 수강료 확인 완료, 즉시 추천 가능","난이도 미기재(실무 추정), 교육시간 미기재"
PUB_ABA20243001000121_10,인사평가체계 구축 및 운영 방법,휴넷,고용24_사업주훈련,PUBLIC_API,인사(HR),인사·채용관리,COMP_HR_02,인사평가 및 보상,"인사평가 및 보상, 인력채용",2,VERIFIED_CORE,과정명/내용 내 핵심 역량 키워드(인사평가) 및 직무 연관성 일치 확인,중급/실무,INFERRED_DEFAULT,명시적 난이도 키워드 미제공에 따른 실무 기본값 추정,,MISSING_HOURS,31.0,0.0,GOV_SUBSIDIZED_FREE,국비 전액 환급 또는 지자체 무료 e-러닝 과정 (0원),https://www.work24.go.kr,TIER_1_READY,"핵심 역량 매핑 및 수강료 확인 완료, 즉시 추천 가능","난이도 미기재(실무 추정), 교육시간 미기재"
PUB_ABA20243001023642_7,인사평가체계 구축 및 운영 방법,온캠퍼스원격평생교육원,고용24_사업주훈련,PUBLIC_API,인사(HR),인사·채용관리,COMP_HR_02,인사평가 및 보상,"인사평가 및 보상, 인력채용",2,VERIFIED_CORE,과정명/내용 내 핵심 역량 키워드(인사평가) 및 직무 연관성 일치 확인,중급/실무,INFERRED_DEFAULT,명시적 난이도 키워드 미제공에 따른 실무 기본값 추정,,MISSING_HOURS,30.0,0.0,GOV_SUBSIDIZED_FREE,국비 전액 환급 또는 지자체 무료 e-러닝 과정 (0원),https://www.work24.go.kr,TIER_1_READY,"핵심 역량 매핑 및 수강료 확인 완료, 즉시 추천 가능","난이도 미기재(실무 추정), 교육시간 미기재"
PUB_ABA20243001000121_11,인사평가체계 구축 및 운영 방법,휴넷,고용24_사업주훈련,PUBLIC_API,인사(HR),인사·채용관리,COMP_HR_02,인사평가 및 보상,"인사평가 및 보상, 인력채용",2,VERIFIED_CORE,과정명/내용 내 핵심 역량 키워드(인사평가) 및 직무 연관성 일치 확인,중급/실무,INFERRED_DEFAULT,명시적 난이도 키워드 미제공에 따른 실무 기본값 추정,,MISSING_HOURS,28.0,0.0,GOV_SUBSIDIZED_FREE,국비 전액 환급 또는 지자체 무료 e-러닝 과정 (0원),https://www.work24.go.kr,TIER_1_READY,"핵심 역량 매핑 및 수강료 확인 완료, 즉시 추천 가능","난이도 미기재(실무 추정), 교육시간 미기재"
PUB_ABA20243001051630_1,EB24OH 인사평가체계 구축 및 운영 방법,멀티캠퍼스 원격평생교육원,고용24_사업주훈련,PUBLIC_API,인사(HR),인사·채용관리,COMP_HR_02,인사평가 및 보상,"인사평가 및 보상, 인력채용",2,VERIFIED_CORE,과정명/내용 내 핵심 역량 키워드(인사평가) 및 직무 연관성 일치 확인,중급/실무,INFERRED_DEFAULT,명시적 난이도 키워드 미제공에 따른 실무 기본값 추정,,MISSING_HOURS,31.0,0.0,GOV_SUBSIDIZED_FREE,국비 전액 환급 또는 지자체 무료 e-러닝 과정 (0원),https://www.work24.go.kr,TIER_1_READY,"핵심 역량 매핑 및 수강료 확인 완료, 즉시 추천 가능","난이도 미기재(실무 추정), 교육시간 미기재"
PUB_ABA20243001000121_12,인사평가체계 구축 및 운영 방법,휴넷,고용24_사업주훈련,PUBLIC_API,인사(HR),인사·채용관리,COMP_HR_02,인사평가 및 보상,"인사평가 및 보상, 인력채용",2,VERIFIED_CORE,과정명/내용 내 핵심 역량 키워드(인사평가) 및 직무 연관성 일치 확인,중급/실무,INFERRED_DEFAULT,명시적 난이도 키워드 미제공에 따른 실무 기본값 추정,,MISSING_HOURS,31.0,0.0,GOV_SUBSIDIZED_FREE,국비 전액 환급 또는 지자체 무료 e-러닝 과정 (0원),https://www.work24.go.kr,TIER_1_READY,"핵심 역량 매핑 및 수강료 확인 완료, 즉시 추천 가능","난이도 미기재(실무 추정), 교육시간 미기재"
PUB_ABA20243001000115_23,인사평가체계 구축 및 운영 방법,휴넷,고용24_사업주훈련,PUBLIC_API,인사(HR),인사·채용관리,COMP_HR_02,인사평가 및 보상,"인사평가 및 보상, 인력채용",2,VERIFIED_CORE,과정명/내용 내 핵심 역량 키워드(인사평가) 및 직무 연관성 일치 확인,중급/실무,INFERRED_DEFAULT,명시적 난이도 키워드 미제공에 따른 실무 기본값 추정,,MISSING_HOURS,31.0,0.0,GOV_SUBSIDIZED_FREE,국비 전액 환급 또는 지자체 무료 e-러닝 과정 (0원),https://www.work24.go.kr,TIER_1_READY,"핵심 역량 매핑 및 수강료 확인 완료, 즉시 추천 가능","난이도 미기재(실무 추정), 교육시간 미기재"
PUB_ABA20243001023642_8,인사평가체계 구축 및 운영 방법,온캠퍼스원격평생교육원,고용24_사업주훈련,PUBLIC_API,인사(HR),인사·채용관리,COMP_HR_02,인사평가 및 보상,"인사평가 및 보상, 인력채용",2,VERIFIED_CORE,과정명/내용 내 핵심 역량 키워드(인사평가) 및 직무 연관성 일치 확인,중급/실무,INFERRED_DEFAULT,명시적 난이도 키워드 미제공에 따른 실무 기본값 추정,,MISSING_HOURS,30.0,0.0,GOV_SUBSIDIZED_FREE,국비 전액 환급 또는 지자체 무료 e-러닝 과정 (0원),https://www.work24.go.kr,TIER_1_READY,"핵심 역량 매핑 및 수강료 확인 완료, 즉시 추천 가능","난이도 미기재(실무 추정), 교육시간 미기재"
PUB_AIG20240000472845_1,실전! 인사평가제도 기획 방법론,HR에듀센터 인사드림,고용24_사업주훈련,PUBLIC_API,인사(HR),인사·채용관리,COMP_HR_02,인사평가 및 보상,"인사평가 및 보상, 문서작성 및 기획, 인력채용",3,VERIFIED_CORE,과정명/내용 내 핵심 역량 키워드(인사평가) 및 직무 연관성 일치 확인,중급/실무,INFERRED_DEFAULT,명시적 난이도 키워드 미제공에 따른 실무 기본값 추정,,MISSING_HOURS,1.0,68080.0,STANDARD_PAID,"일반 유료 과정 (68,080원)",https://www.work24.go.kr,TIER_1_READY,"핵심 역량 매핑 및 수강료 확인 완료, 즉시 추천 가능","난이도 미기재(실무 추정), 교육시간 미기재"
PUB_ABA20243001000115_24,인사평가체계 구축 및 운영 방법,휴넷,고용24_사업주훈련,PUBLIC_API,인사(HR),인사·채용관리,COMP_HR_02,인사평가 및 보상,"인사평가 및 보상, 인력채용",2,VERIFIED_CORE,과정명/내용 내 핵심 역량 키워드(인사평가) 및 직무 연관성 일치 확인,중급/실무,INFERRED_DEFAULT,명시적 난이도 키워드 미제공에 따른 실무 기본값 추정,,MISSING_HOURS,31.0,0.0,GOV_SUBSIDIZED_FREE,국비 전액 환급 또는 지자체 무료 e-러닝 과정 (0원),https://www.work24.go.kr,TIER_1_READY,"핵심 역량 매핑 및 수강료 확인 완료, 즉시 추천 가능","난이도 미기재(실무 추정), 교육시간 미기재"
PUB_ABA20243001012801_206,총무기획과 총무자산관리,에듀퓨어,고용24_사업주훈련,PUBLIC_API,총무·사무행정,총무·자산관리,COMP_GA_02,비품 및 자산관리,"비품 및 자산관리, 문서작성 및 기획",2,VERIFIED_CORE,"과정명/내용 내 핵심 역량 키워드(총무자산, 자산관리) 및 직무 연관성 일치 확인",중급/실무,INFERRED_DEFAULT,명시적 난이도 키워드 미제공에 따른 실무 기본값 추정,,MISSING_HOURS,30.0,0.0,GOV_SUBSIDIZED_FREE,국비 전액 환급 또는 지자체 무료 e-러닝 과정 (0원),https://www.work24.go.kr,TIER_1_READY,"핵심 역량 매핑 및 수강료 확인 완료, 즉시 추천 가능","난이도 미기재(실무 추정), 교육시간 미기재"
PUB_ABA20243001012801_207,총무기획과 총무자산관리,에듀퓨어,고용24_사업주훈련,PUBLIC_API,총무·사무행정,총무·자산관리,COMP_GA_02,비품 및 자산관리,"비품 및 자산관리, 문서작성 및 기획",2,VERIFIED_CORE,"과정명/내용 내 핵심 역량 키워드(총무자산, 자산관리) 및 직무 연관성 일치 확인",중급/실무,INFERRED_DEFAULT,명시적 난이도 키워드 미제공에 따른 실무 기본값 추정,,MISSING_HOURS,30.0,0.0,GOV_SUBSIDIZED_FREE,국비 전액 환급 또는 지자체 무료 e-러닝 과정 (0원),https://www.work24.go.kr,TIER_1_READY,"핵심 역량 매핑 및 수강료 확인 완료, 즉시 추천 가능","난이도 미기재(실무 추정), 교육시간 미기재"
PUB_ABA20243001012801_208,총무기획과 총무자산관리,에듀퓨어,고용24_사업주훈련,PUBLIC_API,총무·사무행정,총무·자산관리,COMP_GA_02,비품 및 자산관리,"비품 및 자산관리, 문서작성 및 기획",2,VERIFIED_CORE,"과정명/내용 내 핵심 역량 키워드(총무자산, 자산관리) 및 직무 연관성 일치 확인",중급/실무,INFERRED_DEFAULT,명시적 난이도 키워드 미제공에 따른 실무 기본값 추정,,MISSING_HOURS,30.0,0.0,GOV_SUBSIDIZED_FREE,국비 전액 환급 또는 지자체 무료 e-러닝 과정 (0원),https://www.work24.go.kr,TIER_1_READY,"핵심 역량 매핑 및 수강료 확인 완료, 즉시 추천 가능","난이도 미기재(실무 추정), 교육시간 미기재"
PUB_ABA20243001012801_209,총무기획과 총무자산관리,에듀퓨어,고용24_사업주훈련,PUBLIC_API,총무·사무행정,총무·자산관리,COMP_GA_02,비품 및 자산관리,"비품 및 자산관리, 문서작성 및 기획",2,VERIFIED_CORE,"과정명/내용 내 핵심 역량 키워드(총무자산, 자산관리) 및 직무 연관성 일치 확인",중급/실무,INFERRED_DEFAULT,명시적 난이도 키워드 미제공에 따른 실무 기본값 추정,,MISSING_HOURS,30.0,0.0,GOV_SUBSIDIZED_FREE,국비 전액 환급 또는 지자체 무료 e-러닝 과정 (0원),https://www.work24.go.kr,TIER_1_READY,"핵심 역량 매핑 및 수강료 확인 완료, 즉시 추천 가능","난이도 미기재(실무 추정), 교육시간 미기재"
PUB_ABA20243001012801_210,총무기획과 총무자산관리,에듀퓨어,고용24_사업주훈련,PUBLIC_API,총무·사무행정,총무·자산관리,COMP_GA_02,비품 및 자산관리,"비품 및 자산관리, 문서작성 및 기획",2,VERIFIED_CORE,"과정명/내용 내 핵심 역량 키워드(총무자산, 자산관리) 및 직무 연관성 일치 확인",중급/실무,INFERRED_DEFAULT,명시적 난이도 키워드 미제공에 따른 실무 기본값 추정,,MISSING_HOURS,30.0,0.0,GOV_SUBSIDIZED_FREE,국비 전액 환급 또는 지자체 무료 e-러닝 과정 (0원),https://www.work24.go.kr,TIER_1_READY,"핵심 역량 매핑 및 수강료 확인 완료, 즉시 추천 가능","난이도 미기재(실무 추정), 교육시간 미기재"
PUB_ABA20243001036526_9,급변하는 비즈니스 환경의 총무관리 역할,한국직장인교육센터평생교육원,고용24_사업주훈련,PUBLIC_API,총무·사무행정,총무·일반사무,COMP_GA_01,문서작성 및 기획,문서작성 및 기획,1,REVIEW_NEEDED,직무 적합 강좌이나 7대 핵심 역량 키워드가 본문에서 명확히 검출되지 않아 2차 내용 확인 필요,중급/실무,INFERRED_DEFAULT,명시적 난이도 키워드 미제공에 따른 실무 기본값 추정,,MISSING_HOURS,30.0,0.0,GOV_SUBSIDIZED_FREE,국비 전액 환급 또는 지자체 무료 e-러닝 과정 (0원),https://www.work24.go.kr,TIER_2_CONDITIONAL,추천 가능하나 보조 정보(시수/비용/난이도) 검토 권장,"KSA 매핑 키워드 미검출, 난이도 미기재(실무 추정), 교육시간 미기재"
PUB_ABA20243001058355_1,농협은행 자산관리 전문역 양성,한국금융연수원,고용24_사업주훈련,PUBLIC_API,총무·사무행정,총무·자산관리,COMP_GA_02,비품 및 자산관리,비품 및 자산관리,1,VERIFIED_CORE,과정명/내용 내 핵심 역량 키워드(자산관리) 및 직무 연관성 일치 확인,중급/실무,INFERRED_DEFAULT,명시적 난이도 키워드 미제공에 따른 실무 기본값 추정,,MISSING_HOURS,180.0,0.0,GOV_SUBSIDIZED_FREE,국비 전액 환급 또는 지자체 무료 e-러닝 과정 (0원),https://www.work24.go.kr,TIER_1_READY,"핵심 역량 매핑 및 수강료 확인 완료, 즉시 추천 가능","난이도 미기재(실무 추정), 교육시간 미기재"
SQL_FASTCAMPUS_210569,문서의 신이 알려주는 보고서의 법칙 : 비즈니스 글쓰기의 모든 것,패스트캠퍼스,FASTCAMPUS,SQLITE_DB,총무·사무행정,공통·사무기획,COMP_GA_01,문서작성 및 기획,문서작성 및 기획,1,VERIFIED_CORE,"과정명/내용 내 핵심 역량 키워드(문서, 보고서, 비즈니스 글쓰기) 및 직무 연관성 일치 확인",중급/실무,INFERRED_DEFAULT,명시적 난이도 키워드 미제공에 따른 실무 기본값 추정,,MISSING_HOURS,,210000.0,STANDARD_PAID,"일반 유료 과정 (210,000원)",https://fastcampus.co.kr/biz_online_bsk,TIER_1_READY,"핵심 역량 매핑 및 수강료 확인 완료, 즉시 추천 가능","난이도 미기재(실무 추정), 교육시간 미기재"
SQL_FASTCAMPUS_243273,세계 3대 컨설팅펌 출신 김영롱에게 배우는 1조 가치 보고서 작성법,패스트캠퍼스,FASTCAMPUS,SQLITE_DB,총무·사무행정,공통·사무기획,COMP_GA_01,문서작성 및 기획,문서작성 및 기획,1,VERIFIED_CORE,과정명/내용 내 핵심 역량 키워드(보고서) 및 직무 연관성 일치 확인,중급/실무,INFERRED_DEFAULT,명시적 난이도 키워드 미제공에 따른 실무 기본값 추정,,MISSING_HOURS,,204000.0,STANDARD_PAID,"일반 유료 과정 (204,000원)",https://fastcampus.co.kr/biz_online_bestreport,TIER_1_READY,"핵심 역량 매핑 및 수강료 확인 완료, 즉시 추천 가능","난이도 미기재(실무 추정), 교육시간 미기재"
SQL_FASTCAMPUS_249157,맥킨지·제일기획 출신 김재성의 연봉을 올리는 보고서 & 프레젠테이션 공식,패스트캠퍼스,FASTCAMPUS,SQLITE_DB,인사(HR),인사·평가보상,COMP_GA_01,문서작성 및 기획,"문서작성 및 기획, 인사평가 및 보상",2,VERIFIED_CORE,"과정명/내용 내 핵심 역량 키워드(기획, 보고서, 프레젠테이션) 및 직무 연관성 일치 확인",중급/실무,INFERRED_DEFAULT,명시적 난이도 키워드 미제공에 따른 실무 기본값 추정,,MISSING_HOURS,,187000.0,STANDARD_PAID,"일반 유료 과정 (187,000원)",https://fastcampus.co.kr/biz_online_kjs,TIER_1_READY,"핵심 역량 매핑 및 수강료 확인 완료, 즉시 추천 가능","난이도 미기재(실무 추정), 교육시간 미기재"
SQL_FASTCAMPUS_252453,평범한 대학생에서 억대 연봉 작가로! 500개 예제로 끝내는 이모티콘 족집게 트레이닝,패스트캠퍼스,FASTCAMPUS,SQLITE_DB,인사(HR),인사·평가보상,COMP_HR_02,인사평가 및 보상,인사평가 및 보상,1,VERIFIED_CORE,과정명/내용 내 핵심 역량 키워드(연봉) 및 직무 연관성 일치 확인,중급/실무,INFERRED_DEFAULT,명시적 난이도 키워드 미제공에 따른 실무 기본값 추정,,MISSING_HOURS,,223000.0,STANDARD_PAID,"일반 유료 과정 (223,000원)",https://fastcampus.co.kr/dgn_online_dotdot2,TIER_1_READY,"핵심 역량 매핑 및 수강료 확인 완료, 즉시 추천 가능","난이도 미기재(실무 추정), 교육시간 미기재"
SQL_FASTCAMPUS_261333,콜롬버스의 탐색 - 글로벌 시장 트렌드 분석 보고서 작성,패스트캠퍼스,FASTCAMPUS,SQLITE_DB,총무·사무행정,공통·사무기획,COMP_GA_01,문서작성 및 기획,문서작성 및 기획,1,VERIFIED_CORE,과정명/내용 내 핵심 역량 키워드(보고서) 및 직무 연관성 일치 확인,중급/실무,INFERRED_DEFAULT,명시적 난이도 키워드 미제공에 따른 실무 기본값 추정,,MISSING_HOURS,,72000.0,STANDARD_PAID,"일반 유료 과정 (72,000원)",https://fastcampus.co.kr/biz_online_aicolumbus,TIER_1_READY,"핵심 역량 매핑 및 수강료 확인 완료, 즉시 추천 가능","난이도 미기재(실무 추정), 교육시간 미기재"
SQL_GSEEK_3217,[창업공통]필수 근로기준법과 인사서식,경기도평생학습포털(GSEEK),GSEEK,SQLITE_DB,인사(HR),노무관리,COMP_LABOR_01,근로관계 법률 준수,근로관계 법률 준수,1,VERIFIED_CORE,"과정명/내용 내 핵심 역량 키워드(근로기준법, 노무) 및 직무 연관성 일치 확인",중급/실무,INFERRED_DEFAULT,명시적 난이도 키워드 미제공에 따른 실무 기본값 추정,,MISSING_HOURS,,0.0,GOV_SUBSIDIZED_FREE,국비 전액 환급 또는 지자체 무료 e-러닝 과정 (0원),https://www.gseek.kr/user/course/online/view?s_sbjct_sn=3217,TIER_1_READY,"핵심 역량 매핑 및 수강료 확인 완료, 즉시 추천 가능","난이도 미기재(실무 추정), 교육시간 미기재"
SQL_GSEEK_4378,사용자에게 꼭 필요한 사이다 노동법,경기도평생학습포털(GSEEK),GSEEK,SQLITE_DB,인사(HR),노무관리,COMP_LABOR_01,근로관계 법률 준수,근로관계 법률 준수,1,VERIFIED_CORE,과정명/내용 내 핵심 역량 키워드(노동법) 및 직무 연관성 일치 확인,중급/실무,INFERRED_DEFAULT,명시적 난이도 키워드 미제공에 따른 실무 기본값 추정,,MISSING_HOURS,,0.0,GOV_SUBSIDIZED_FREE,국비 전액 환급 또는 지자체 무료 e-러닝 과정 (0원),https://www.gseek.kr/user/course/online/view?s_sbjct_sn=4378,TIER_1_READY,"핵심 역량 매핑 및 수강료 확인 완료, 즉시 추천 가능","난이도 미기재(실무 추정), 교육시간 미기재"
SQL_GSEEK_5045,소규모 사업장 랜선노동법,경기도평생학습포털(GSEEK),GSEEK,SQLITE_DB,인사(HR),노무관리,COMP_HR_01,인력채용,"인력채용, 근로관계 법률 준수",2,VERIFIED_CORE,과정명/내용 내 핵심 역량 키워드(채용) 및 직무 연관성 일치 확인,중급/실무,INFERRED_DEFAULT,명시적 난이도 키워드 미제공에 따른 실무 기본값 추정,,MISSING_HOURS,,0.0,GOV_SUBSIDIZED_FREE,국비 전액 환급 또는 지자체 무료 e-러닝 과정 (0원),https://www.gseek.kr/user/course/online/view?s_sbjct_sn=5045,TIER_1_READY,"핵심 역량 매핑 및 수강료 확인 완료, 즉시 추천 가능","난이도 미기재(실무 추정), 교육시간 미기재"
SQL_GSEEK_5793,소규모사업주가 알아야 할 노동법 상식,경기도평생학습포털(GSEEK),GSEEK,SQLITE_DB,인사(HR),노무관리,COMP_HR_01,인력채용,"인력채용, 근로관계 법률 준수",2,VERIFIED_CORE,과정명/내용 내 핵심 역량 키워드(채용) 및 직무 연관성 일치 확인,중급/실무,INFERRED_DEFAULT,명시적 난이도 키워드 미제공에 따른 실무 기본값 추정,,MISSING_HOURS,,0.0,GOV_SUBSIDIZED_FREE,국비 전액 환급 또는 지자체 무료 e-러닝 과정 (0원),https://www.gseek.kr/user/course/online/view?s_sbjct_sn=5793,TIER_1_READY,"핵심 역량 매핑 및 수강료 확인 완료, 즉시 추천 가능","난이도 미기재(실무 추정), 교육시간 미기재"
SQL_GSEEK_5794,알바가 꼭 알아야 할 기초노동법,경기도평생학습포털(GSEEK),GSEEK,SQLITE_DB,인사(HR),노무관리,COMP_LABOR_01,근로관계 법률 준수,근로관계 법률 준수,1,VERIFIED_CORE,과정명/내용 내 핵심 역량 키워드(노동법) 및 직무 연관성 일치 확인,입문/초급,EXPLICIT_KEYWORD,과정명 내 기초·입문·신입 명시적 키워드 보유,,MISSING_HOURS,,0.0,GOV_SUBSIDIZED_FREE,국비 전액 환급 또는 지자체 무료 e-러닝 과정 (0원),https://www.gseek.kr/user/course/online/view?s_sbjct_sn=5794,TIER_1_READY,"핵심 역량 매핑 및 수강료 확인 완료, 즉시 추천 가능",교육시간 미기재
SQL_GSEEK_7414,(왕초보)컴퓨터로 문서작성 도전,경기도평생학습포털(GSEEK),GSEEK,SQLITE_DB,총무·사무행정,공통·사무기획,COMP_GA_01,문서작성 및 기획,문서작성 및 기획,1,VERIFIED_CORE,"과정명/내용 내 핵심 역량 키워드(문서, 엑셀, 파워포인트) 및 직무 연관성 일치 확인",입문/초급,EXPLICIT_KEYWORD,과정명 내 기초·입문·신입 명시적 키워드 보유,,MISSING_HOURS,,0.0,GOV_SUBSIDIZED_FREE,국비 전액 환급 또는 지자체 무료 e-러닝 과정 (0원),https://www.gseek.kr/user/course/online/view?s_sbjct_sn=7414,TIER_1_READY,"핵심 역량 매핑 및 수강료 확인 완료, 즉시 추천 가능",교육시간 미기재
SQL_GSEEK_7759,핵심만 콕! 비즈니스 글쓰기와 보고서 작성 노하우,경기도평생학습포털(GSEEK),GSEEK,SQLITE_DB,총무·사무행정,공통·사무기획,COMP_GA_01,문서작성 및 기획,문서작성 및 기획,1,VERIFIED_CORE,"과정명/내용 내 핵심 역량 키워드(보고서, 비즈니스 글쓰기) 및 직무 연관성 일치 확인",중급/실무,INFERRED_DEFAULT,명시적 난이도 키워드 미제공에 따른 실무 기본값 추정,,MISSING_HOURS,,0.0,GOV_SUBSIDIZED_FREE,국비 전액 환급 또는 지자체 무료 e-러닝 과정 (0원),https://www.gseek.kr/user/course/online/view?s_sbjct_sn=7759,TIER_1_READY,"핵심 역량 매핑 및 수강료 확인 완료, 즉시 추천 가능","난이도 미기재(실무 추정), 교육시간 미기재"
SQL_GSEEK_8297,[오늘부터 정시퇴근] 엑셀 실무 테크닉 - 일잘러의 보고서 작성편,경기도평생학습포털(GSEEK),GSEEK,SQLITE_DB,총무·사무행정,공통·사무기획,COMP_GA_01,문서작성 및 기획,문서작성 및 기획,1,VERIFIED_CORE,"과정명/내용 내 핵심 역량 키워드(보고서, 엑셀) 및 직무 연관성 일치 확인",중급/실무,INFERRED_DEFAULT,명시적 난이도 키워드 미제공에 따른 실무 기본값 추정,,MISSING_HOURS,,0.0,GOV_SUBSIDIZED_FREE,국비 전액 환급 또는 지자체 무료 e-러닝 과정 (0원),https://www.gseek.kr/user/course/online/view?s_sbjct_sn=8297,TIER_1_READY,"핵심 역량 매핑 및 수강료 확인 완료, 즉시 추천 가능","난이도 미기재(실무 추정), 교육시간 미기재"
SQL_GSEEK_51667,따라만 하면 OK! 말이 되는 보고서 작성 원칙,경기도평생학습포털(GSEEK),GSEEK,SQLITE_DB,총무·사무행정,공통·사무기획,COMP_GA_01,문서작성 및 기획,문서작성 및 기획,1,VERIFIED_CORE,과정명/내용 내 핵심 역량 키워드(보고서) 및 직무 연관성 일치 확인,중급/실무,INFERRED_DEFAULT,명시적 난이도 키워드 미제공에 따른 실무 기본값 추정,,MISSING_HOURS,,0.0,GOV_SUBSIDIZED_FREE,국비 전액 환급 또는 지자체 무료 e-러닝 과정 (0원),https://www.gseek.kr/user/course/online/view?s_sbjct_sn=51667,TIER_1_READY,"핵심 역량 매핑 및 수강료 확인 완료, 즉시 추천 가능","난이도 미기재(실무 추정), 교육시간 미기재"
SQL_GSEEK_51955,[레전드 스킬] 어쩐지 끌리는 사람의 비즈니스 매너,경기도평생학습포털(GSEEK),GSEEK,SQLITE_DB,총무·사무행정,비서·사무지원,COMP_SEC_01,비즈니스 매너 및 커뮤니케이션,비즈니스 매너 및 커뮤니케이션,1,VERIFIED_CORE,과정명/내용 내 핵심 역량 키워드(비즈니스 매너) 및 직무 연관성 일치 확인,중급/실무,INFERRED_DEFAULT,명시적 난이도 키워드 미제공에 따른 실무 기본값 추정,,MISSING_HOURS,,0.0,GOV_SUBSIDIZED_FREE,국비 전액 환급 또는 지자체 무료 e-러닝 과정 (0원),https://www.gseek.kr/user/course/online/view?s_sbjct_sn=51955,TIER_1_READY,"핵심 역량 매핑 및 수강료 확인 완료, 즉시 추천 가능","난이도 미기재(실무 추정), 교육시간 미기재"
SQL_GSEEK_52754,[칼퇴를 부르는 치트키_보고서편] 핵심만 콕! 비즈니스 문서작성의 핵심과 실무 스킬,경기도평생학습포털(GSEEK),GSEEK,SQLITE_DB,총무·사무행정,공통·사무기획,COMP_GA_01,문서작성 및 기획,문서작성 및 기획,1,VERIFIED_CORE,"과정명/내용 내 핵심 역량 키워드(문서, 보고서) 및 직무 연관성 일치 확인",중급/실무,INFERRED_DEFAULT,명시적 난이도 키워드 미제공에 따른 실무 기본값 추정,,MISSING_HOURS,,0.0,GOV_SUBSIDIZED_FREE,국비 전액 환급 또는 지자체 무료 e-러닝 과정 (0원),https://www.gseek.kr/user/course/online/view?s_sbjct_sn=52754,TIER_1_READY,"핵심 역량 매핑 및 수강료 확인 완료, 즉시 추천 가능","난이도 미기재(실무 추정), 교육시간 미기재"
SQL_GSEEK_55196,인사담당자에게 묻는다! 면접 합격의 비밀,경기도평생학습포털(GSEEK),GSEEK,SQLITE_DB,인사(HR),인사·채용관리,COMP_HR_01,인력채용,인력채용,1,VERIFIED_CORE,과정명/내용 내 핵심 역량 키워드(면접) 및 직무 연관성 일치 확인,중급/실무,INFERRED_DEFAULT,명시적 난이도 키워드 미제공에 따른 실무 기본값 추정,,MISSING_HOURS,,0.0,GOV_SUBSIDIZED_FREE,국비 전액 환급 또는 지자체 무료 e-러닝 과정 (0원),https://www.gseek.kr/user/course/online/view?s_sbjct_sn=55196,TIER_1_READY,"핵심 역량 매핑 및 수강료 확인 완료, 즉시 추천 가능","난이도 미기재(실무 추정), 교육시간 미기재"
SQL_GSEEK_55218,경기도 스파크 노동법,경기도평생학습포털(GSEEK),GSEEK,SQLITE_DB,인사(HR),노무관리,COMP_LABOR_01,근로관계 법률 준수,근로관계 법률 준수,1,VERIFIED_CORE,"과정명/내용 내 핵심 역량 키워드(노동법, 임금, 근로계약) 및 직무 연관성 일치 확인",중급/실무,INFERRED_DEFAULT,명시적 난이도 키워드 미제공에 따른 실무 기본값 추정,,MISSING_HOURS,,0.0,GOV_SUBSIDIZED_FREE,국비 전액 환급 또는 지자체 무료 e-러닝 과정 (0원),https://www.gseek.kr/user/course/online/view?s_sbjct_sn=55218,TIER_1_READY,"핵심 역량 매핑 및 수강료 확인 완료, 즉시 추천 가능","난이도 미기재(실무 추정), 교육시간 미기재"
SQL_GSEEK_56932,(리프레시) 핵심만 콕! 신입사원 온보딩,경기도평생학습포털(GSEEK),GSEEK,SQLITE_DB,인사(HR),인사·채용관리,COMP_HR_01,인력채용,인력채용,1,VERIFIED_CORE,과정명/내용 내 핵심 역량 키워드(온보딩) 및 직무 연관성 일치 확인,입문/초급,EXPLICIT_KEYWORD,과정명 내 기초·입문·신입 명시적 키워드 보유,,MISSING_HOURS,,0.0,GOV_SUBSIDIZED_FREE,국비 전액 환급 또는 지자체 무료 e-러닝 과정 (0원),https://www.gseek.kr/user/course/online/view?s_sbjct_sn=56932,TIER_1_READY,"핵심 역량 매핑 및 수강료 확인 완료, 즉시 추천 가능",교육시간 미기재
SQL_GSEEK_57049,"HR, AI가 트렌드다 : 채용부터 퇴사까지",경기도평생학습포털(GSEEK),GSEEK,SQLITE_DB,인사(HR),인사·채용관리,COMP_HR_01,인력채용,인력채용,1,VERIFIED_CORE,과정명/내용 내 핵심 역량 키워드(채용) 및 직무 연관성 일치 확인,중급/실무,INFERRED_DEFAULT,명시적 난이도 키워드 미제공에 따른 실무 기본값 추정,,MISSING_HOURS,,0.0,GOV_SUBSIDIZED_FREE,국비 전액 환급 또는 지자체 무료 e-러닝 과정 (0원),https://www.gseek.kr/user/course/online/view?s_sbjct_sn=57049,TIER_1_READY,"핵심 역량 매핑 및 수강료 확인 완료, 즉시 추천 가능","난이도 미기재(실무 추정), 교육시간 미기재"
SQL_GSEEK_57110,"입사에서 퇴사까지, 직장인을 위한 노동법 이야기",경기도평생학습포털(GSEEK),GSEEK,SQLITE_DB,인사(HR),노무관리,COMP_LABOR_01,근로관계 법률 준수,근로관계 법률 준수,1,VERIFIED_CORE,"과정명/내용 내 핵심 역량 키워드(노동법, 퇴직) 및 직무 연관성 일치 확인",중급/실무,INFERRED_DEFAULT,명시적 난이도 키워드 미제공에 따른 실무 기본값 추정,,MISSING_HOURS,,0.0,GOV_SUBSIDIZED_FREE,국비 전액 환급 또는 지자체 무료 e-러닝 과정 (0원),https://www.gseek.kr/user/course/online/view?s_sbjct_sn=57110,TIER_1_READY,"핵심 역량 매핑 및 수강료 확인 완료, 즉시 추천 가능","난이도 미기재(실무 추정), 교육시간 미기재"
SQL_GSEEK_57944,"신규입사자의 온보딩 과정, 워(Work).플(People).킹(Networking)",경기도평생학습포털(GSEEK),GSEEK,SQLITE_DB,인사(HR),인사·채용관리,COMP_HR_01,인력채용,인력채용,1,VERIFIED_CORE,과정명/내용 내 핵심 역량 키워드(온보딩) 및 직무 연관성 일치 확인,중급/실무,INFERRED_DEFAULT,명시적 난이도 키워드 미제공에 따른 실무 기본값 추정,,MISSING_HOURS,,0.0,GOV_SUBSIDIZED_FREE,국비 전액 환급 또는 지자체 무료 e-러닝 과정 (0원),https://www.gseek.kr/user/course/online/view?s_sbjct_sn=57944,TIER_1_READY,"핵심 역량 매핑 및 수강료 확인 완료, 즉시 추천 가능","난이도 미기재(실무 추정), 교육시간 미기재"
SQL_HUNET_Y00394865,성과와 신뢰를 만드는 신임리더 온보딩,휴넷,HUNET,SQLITE_DB,인사(HR),인사·채용관리,COMP_HR_01,인력채용,인력채용,1,VERIFIED_CORE,과정명/내용 내 핵심 역량 키워드(온보딩) 및 직무 연관성 일치 확인,중급/실무,INFERRED_DEFAULT,명시적 난이도 키워드 미제공에 따른 실무 기본값 추정,,MISSING_HOURS,,,UNSPECIFIED,수강료 미기재 (플랫폼 별도 문의/상담),https://hbs.hunet.co.kr/Education/Detail?gid=Y00394865,TIER_2_CONDITIONAL,추천 가능하나 보조 정보(시수/비용/난이도) 검토 권장,"난이도 미기재(실무 추정), 수강료 미기재, 교육시간 미기재"
SQL_HUNET_Y00391506,"AI로 조사하고, AI로 작성하는 하루 만에 끝내는 보고서 작성법",휴넷,HUNET,SQLITE_DB,총무·사무행정,공통·사무기획,COMP_GA_01,문서작성 및 기획,문서작성 및 기획,1,VERIFIED_CORE,과정명/내용 내 핵심 역량 키워드(보고서) 및 직무 연관성 일치 확인,중급/실무,INFERRED_DEFAULT,명시적 난이도 키워드 미제공에 따른 실무 기본값 추정,,MISSING_HOURS,,,UNSPECIFIED,수강료 미기재 (플랫폼 별도 문의/상담),https://hbs.hunet.co.kr/Education/Detail?gid=Y00391506,TIER_2_CONDITIONAL,추천 가능하나 보조 정보(시수/비용/난이도) 검토 권장,"난이도 미기재(실무 추정), 수강료 미기재, 교육시간 미기재"
SQL_HUNET_Y00386285,이게 진짜 기준! 직장인 노동법 팩트 체크,휴넷,HUNET,SQLITE_DB,인사(HR),노무관리,COMP_LABOR_01,근로관계 법률 준수,근로관계 법률 준수,1,VERIFIED_CORE,과정명/내용 내 핵심 역량 키워드(노동법) 및 직무 연관성 일치 확인,중급/실무,INFERRED_DEFAULT,명시적 난이도 키워드 미제공에 따른 실무 기본값 추정,,MISSING_HOURS,,,UNSPECIFIED,수강료 미기재 (플랫폼 별도 문의/상담),https://hbs.hunet.co.kr/Education/Detail?gid=Y00386285,TIER_2_CONDITIONAL,추천 가능하나 보조 정보(시수/비용/난이도) 검토 권장,"난이도 미기재(실무 추정), 수강료 미기재, 교육시간 미기재"
SQL_HUNET_Y00381740,[HRethink] 데이터가 흐르는 Digital HR,휴넷,HUNET,SQLITE_DB,인사·총무공통,인사·조직관리,COMP_GA_01,문서작성 및 기획,문서작성 및 기획,1,REVIEW_NEEDED,직무 적합 강좌이나 7대 핵심 역량 키워드가 본문에서 명확히 검출되지 않아 2차 내용 확인 필요,중급/실무,INFERRED_DEFAULT,명시적 난이도 키워드 미제공에 따른 실무 기본값 추정,,MISSING_HOURS,,,UNSPECIFIED,수강료 미기재 (플랫폼 별도 문의/상담),https://hbs.hunet.co.kr/Education/Detail?gid=Y00381740,TIER_2_CONDITIONAL,추천 가능하나 보조 정보(시수/비용/난이도) 검토 권장,"KSA 매핑 키워드 미검출, 난이도 미기재(실무 추정), 수강료 미기재, 교육시간 미기재"
SQL_HUNET_Y00381743,"[일잘러의 3종 스킬] 기획력, 문서작성력, 보고법",휴넷,HUNET,SQLITE_DB,총무·사무행정,공통·사무기획,COMP_GA_01,문서작성 및 기획,문서작성 및 기획,1,VERIFIED_CORE,"과정명/내용 내 핵심 역량 키워드(기획, 문서) 및 직무 연관성 일치 확인",중급/실무,INFERRED_DEFAULT,명시적 난이도 키워드 미제공에 따른 실무 기본값 추정,,MISSING_HOURS,,,UNSPECIFIED,수강료 미기재 (플랫폼 별도 문의/상담),https://hbs.hunet.co.kr/Education/Detail?gid=Y00381743,TIER_2_CONDITIONAL,추천 가능하나 보조 정보(시수/비용/난이도) 검토 권장,"난이도 미기재(실무 추정), 수강료 미기재, 교육시간 미기재"
SQL_HUNET_Y00370512,2026 안전보건교육 일용 및 초단기 기간제근로자(채용 시_보건업),휴넷,HUNET,SQLITE_DB,인사(HR),인사·채용관리,COMP_HR_01,인력채용,인력채용,1,VERIFIED_CORE,과정명/내용 내 핵심 역량 키워드(채용) 및 직무 연관성 일치 확인,중급/실무,INFERRED_DEFAULT,명시적 난이도 키워드 미제공에 따른 실무 기본값 추정,,MISSING_HOURS,,,UNSPECIFIED,수강료 미기재 (플랫폼 별도 문의/상담),https://hbs.hunet.co.kr/Education/Detail?gid=Y00370512,TIER_2_CONDITIONAL,추천 가능하나 보조 정보(시수/비용/난이도) 검토 권장,"난이도 미기재(실무 추정), 수강료 미기재, 교육시간 미기재"
SQL_HUNET_Y00370513,2026 안전보건교육 일용 및 초단기 기간제근로자(채용 시_기타사업),휴넷,HUNET,SQLITE_DB,인사(HR),인사·채용관리,COMP_HR_01,인력채용,인력채용,1,VERIFIED_CORE,과정명/내용 내 핵심 역량 키워드(채용) 및 직무 연관성 일치 확인,중급/실무,INFERRED_DEFAULT,명시적 난이도 키워드 미제공에 따른 실무 기본값 추정,,MISSING_HOURS,,,UNSPECIFIED,수강료 미기재 (플랫폼 별도 문의/상담),https://hbs.hunet.co.kr/Education/Detail?gid=Y00370513,TIER_2_CONDITIONAL,추천 가능하나 보조 정보(시수/비용/난이도) 검토 권장,"난이도 미기재(실무 추정), 수강료 미기재, 교육시간 미기재"
SQL_HUNET_Y00370514,2026 안전보건교육 일용 및 초단기 기간제근로자(채용 시_금융업),휴넷,HUNET,SQLITE_DB,인사(HR),인사·채용관리,COMP_HR_01,인력채용,인력채용,1,VERIFIED_CORE,과정명/내용 내 핵심 역량 키워드(채용) 및 직무 연관성 일치 확인,중급/실무,INFERRED_DEFAULT,명시적 난이도 키워드 미제공에 따른 실무 기본값 추정,,MISSING_HOURS,,,UNSPECIFIED,수강료 미기재 (플랫폼 별도 문의/상담),https://hbs.hunet.co.kr/Education/Detail?gid=Y00370514,TIER_2_CONDITIONAL,추천 가능하나 보조 정보(시수/비용/난이도) 검토 권장,"난이도 미기재(실무 추정), 수강료 미기재, 교육시간 미기재"
SQL_HUNET_Y00370515,2026 안전보건교육 일용 및 초단기 기간제근로자(채용 시_건설업),휴넷,HUNET,SQLITE_DB,인사(HR),인사·채용관리,COMP_HR_01,인력채용,인력채용,1,VERIFIED_CORE,과정명/내용 내 핵심 역량 키워드(채용) 및 직무 연관성 일치 확인,중급/실무,INFERRED_DEFAULT,명시적 난이도 키워드 미제공에 따른 실무 기본값 추정,,MISSING_HOURS,,,UNSPECIFIED,수강료 미기재 (플랫폼 별도 문의/상담),https://hbs.hunet.co.kr/Education/Detail?gid=Y00370515,TIER_2_CONDITIONAL,추천 가능하나 보조 정보(시수/비용/난이도) 검토 권장,"난이도 미기재(실무 추정), 수강료 미기재, 교육시간 미기재"
SQL_HUNET_Y00370516,2026 안전보건교육 일반근로자(채용 시_제조업),휴넷,HUNET,SQLITE_DB,인사(HR),인사·채용관리,COMP_HR_01,인력채용,인력채용,1,VERIFIED_CORE,과정명/내용 내 핵심 역량 키워드(채용) 및 직무 연관성 일치 확인,중급/실무,INFERRED_DEFAULT,명시적 난이도 키워드 미제공에 따른 실무 기본값 추정,,MISSING_HOURS,,,UNSPECIFIED,수강료 미기재 (플랫폼 별도 문의/상담),https://hbs.hunet.co.kr/Education/Detail?gid=Y00370516,TIER_2_CONDITIONAL,추천 가능하나 보조 정보(시수/비용/난이도) 검토 권장,"난이도 미기재(실무 추정), 수강료 미기재, 교육시간 미기재"
SQL_HUNET_Y00370517,2026 안전보건교육 일반근로자(채용 시_유통업),휴넷,HUNET,SQLITE_DB,인사(HR),인사·채용관리,COMP_HR_01,인력채용,인력채용,1,VERIFIED_CORE,과정명/내용 내 핵심 역량 키워드(채용) 및 직무 연관성 일치 확인,중급/실무,INFERRED_DEFAULT,명시적 난이도 키워드 미제공에 따른 실무 기본값 추정,,MISSING_HOURS,,,UNSPECIFIED,수강료 미기재 (플랫폼 별도 문의/상담),https://hbs.hunet.co.kr/Education/Detail?gid=Y00370517,TIER_2_CONDITIONAL,추천 가능하나 보조 정보(시수/비용/난이도) 검토 권장,"난이도 미기재(실무 추정), 수강료 미기재, 교육시간 미기재"
SQL_HUNET_Y00370518,2026 안전보건교육 일반근로자(채용 시_서비스업),휴넷,HUNET,SQLITE_DB,인사(HR),인사·채용관리,COMP_HR_01,인력채용,인력채용,1,VERIFIED_CORE,과정명/내용 내 핵심 역량 키워드(채용) 및 직무 연관성 일치 확인,중급/실무,INFERRED_DEFAULT,명시적 난이도 키워드 미제공에 따른 실무 기본값 추정,,MISSING_HOURS,,,UNSPECIFIED,수강료 미기재 (플랫폼 별도 문의/상담),https://hbs.hunet.co.kr/Education/Detail?gid=Y00370518,TIER_2_CONDITIONAL,추천 가능하나 보조 정보(시수/비용/난이도) 검토 권장,"난이도 미기재(실무 추정), 수강료 미기재, 교육시간 미기재"
SQL_HUNET_Y00370519,2026 안전보건교육 일반근로자(채용 시_보건업),휴넷,HUNET,SQLITE_DB,인사(HR),인사·채용관리,COMP_HR_01,인력채용,인력채용,1,VERIFIED_CORE,과정명/내용 내 핵심 역량 키워드(채용) 및 직무 연관성 일치 확인,중급/실무,INFERRED_DEFAULT,명시적 난이도 키워드 미제공에 따른 실무 기본값 추정,,MISSING_HOURS,,,UNSPECIFIED,수강료 미기재 (플랫폼 별도 문의/상담),https://hbs.hunet.co.kr/Education/Detail?gid=Y00370519,TIER_2_CONDITIONAL,추천 가능하나 보조 정보(시수/비용/난이도) 검토 권장,"난이도 미기재(실무 추정), 수강료 미기재, 교육시간 미기재"
SQL_HUNET_Y00370520,2026 안전보건교육 일반근로자(채용 시_기타사업),휴넷,HUNET,SQLITE_DB,인사(HR),인사·채용관리,COMP_HR_01,인력채용,인력채용,1,VERIFIED_CORE,과정명/내용 내 핵심 역량 키워드(채용) 및 직무 연관성 일치 확인,중급/실무,INFERRED_DEFAULT,명시적 난이도 키워드 미제공에 따른 실무 기본값 추정,,MISSING_HOURS,,,UNSPECIFIED,수강료 미기재 (플랫폼 별도 문의/상담),https://hbs.hunet.co.kr/Education/Detail?gid=Y00370520,TIER_2_CONDITIONAL,추천 가능하나 보조 정보(시수/비용/난이도) 검토 권장,"난이도 미기재(실무 추정), 수강료 미기재, 교육시간 미기재"
SQL_HUNET_Y00370521,2026 안전보건교육 일반근로자(채용 시_금융업),휴넷,HUNET,SQLITE_DB,인사(HR),인사·채용관리,COMP_HR_01,인력채용,인력채용,1,VERIFIED_CORE,과정명/내용 내 핵심 역량 키워드(채용) 및 직무 연관성 일치 확인,중급/실무,INFERRED_DEFAULT,명시적 난이도 키워드 미제공에 따른 실무 기본값 추정,,MISSING_HOURS,,,UNSPECIFIED,수강료 미기재 (플랫폼 별도 문의/상담),https://hbs.hunet.co.kr/Education/Detail?gid=Y00370521,TIER_2_CONDITIONAL,추천 가능하나 보조 정보(시수/비용/난이도) 검토 권장,"난이도 미기재(실무 추정), 수강료 미기재, 교육시간 미기재"
SQL_HUNET_Y00370522,2026 안전보건교육 일반근로자(채용 시_건설업),휴넷,HUNET,SQLITE_DB,인사(HR),인사·채용관리,COMP_HR_01,인력채용,인력채용,1,VERIFIED_CORE,과정명/내용 내 핵심 역량 키워드(채용) 및 직무 연관성 일치 확인,중급/실무,INFERRED_DEFAULT,명시적 난이도 키워드 미제공에 따른 실무 기본값 추정,,MISSING_HOURS,,,UNSPECIFIED,수강료 미기재 (플랫폼 별도 문의/상담),https://hbs.hunet.co.kr/Education/Detail?gid=Y00370522,TIER_2_CONDITIONAL,추천 가능하나 보조 정보(시수/비용/난이도) 검토 권장,"난이도 미기재(실무 추정), 수강료 미기재, 교육시간 미기재"
SQL_HUNET_Y00370555,2026 안전보건교육 기간제근로자(채용 시_금융업),휴넷,HUNET,SQLITE_DB,인사(HR),인사·채용관리,COMP_HR_01,인력채용,인력채용,1,VERIFIED_CORE,과정명/내용 내 핵심 역량 키워드(채용) 및 직무 연관성 일치 확인,중급/실무,INFERRED_DEFAULT,명시적 난이도 키워드 미제공에 따른 실무 기본값 추정,,MISSING_HOURS,,,UNSPECIFIED,수강료 미기재 (플랫폼 별도 문의/상담),https://hbs.hunet.co.kr/Education/Detail?gid=Y00370555,TIER_2_CONDITIONAL,추천 가능하나 보조 정보(시수/비용/난이도) 검토 권장,"난이도 미기재(실무 추정), 수강료 미기재, 교육시간 미기재"
SQL_HUNET_Y00370556,2026 안전보건교육 기간제근로자(채용 시_건설업),휴넷,HUNET,SQLITE_DB,인사(HR),인사·채용관리,COMP_HR_01,인력채용,인력채용,1,VERIFIED_CORE,과정명/내용 내 핵심 역량 키워드(채용) 및 직무 연관성 일치 확인,중급/실무,INFERRED_DEFAULT,명시적 난이도 키워드 미제공에 따른 실무 기본값 추정,,MISSING_HOURS,,,UNSPECIFIED,수강료 미기재 (플랫폼 별도 문의/상담),https://hbs.hunet.co.kr/Education/Detail?gid=Y00370556,TIER_2_CONDITIONAL,추천 가능하나 보조 정보(시수/비용/난이도) 검토 권장,"난이도 미기재(실무 추정), 수강료 미기재, 교육시간 미기재"
SQL_HUNET_Y00370477,2026 안전보건교육(관리감독자_채용 시_제조업),휴넷,HUNET,SQLITE_DB,인사(HR),인사·채용관리,COMP_HR_01,인력채용,인력채용,1,VERIFIED_CORE,과정명/내용 내 핵심 역량 키워드(채용) 및 직무 연관성 일치 확인,중급/실무,INFERRED_DEFAULT,명시적 난이도 키워드 미제공에 따른 실무 기본값 추정,,MISSING_HOURS,,,UNSPECIFIED,수강료 미기재 (플랫폼 별도 문의/상담),https://hbs.hunet.co.kr/Education/Detail?gid=Y00370477,TIER_2_CONDITIONAL,추천 가능하나 보조 정보(시수/비용/난이도) 검토 권장,"난이도 미기재(실무 추정), 수강료 미기재, 교육시간 미기재"
SQL_HUNET_Y00370478,2026 안전보건교육(관리감독자_채용 시_유통업),휴넷,HUNET,SQLITE_DB,인사(HR),인사·채용관리,COMP_HR_01,인력채용,인력채용,1,VERIFIED_CORE,과정명/내용 내 핵심 역량 키워드(채용) 및 직무 연관성 일치 확인,중급/실무,INFERRED_DEFAULT,명시적 난이도 키워드 미제공에 따른 실무 기본값 추정,,MISSING_HOURS,,,UNSPECIFIED,수강료 미기재 (플랫폼 별도 문의/상담),https://hbs.hunet.co.kr/Education/Detail?gid=Y00370478,TIER_2_CONDITIONAL,추천 가능하나 보조 정보(시수/비용/난이도) 검토 권장,"난이도 미기재(실무 추정), 수강료 미기재, 교육시간 미기재"
SQL_HUNET_Y00370479,2026 안전보건교육(관리감독자_채용 시_서비스업),휴넷,HUNET,SQLITE_DB,인사(HR),인사·채용관리,COMP_HR_01,인력채용,인력채용,1,VERIFIED_CORE,과정명/내용 내 핵심 역량 키워드(채용) 및 직무 연관성 일치 확인,중급/실무,INFERRED_DEFAULT,명시적 난이도 키워드 미제공에 따른 실무 기본값 추정,,MISSING_HOURS,,,UNSPECIFIED,수강료 미기재 (플랫폼 별도 문의/상담),https://hbs.hunet.co.kr/Education/Detail?gid=Y00370479,TIER_2_CONDITIONAL,추천 가능하나 보조 정보(시수/비용/난이도) 검토 권장,"난이도 미기재(실무 추정), 수강료 미기재, 교육시간 미기재"
SQL_HUNET_Y00370480,2026 안전보건교육(관리감독자_채용 시_보건업),휴넷,HUNET,SQLITE_DB,인사(HR),인사·채용관리,COMP_HR_01,인력채용,인력채용,1,VERIFIED_CORE,과정명/내용 내 핵심 역량 키워드(채용) 및 직무 연관성 일치 확인,중급/실무,INFERRED_DEFAULT,명시적 난이도 키워드 미제공에 따른 실무 기본값 추정,,MISSING_HOURS,,,UNSPECIFIED,수강료 미기재 (플랫폼 별도 문의/상담),https://hbs.hunet.co.kr/Education/Detail?gid=Y00370480,TIER_2_CONDITIONAL,추천 가능하나 보조 정보(시수/비용/난이도) 검토 권장,"난이도 미기재(실무 추정), 수강료 미기재, 교육시간 미기재"
SQL_HUNET_Y00370481,2026 안전보건교육(관리감독자_채용 시_기타사업),휴넷,HUNET,SQLITE_DB,인사(HR),인사·채용관리,COMP_HR_01,인력채용,인력채용,1,VERIFIED_CORE,과정명/내용 내 핵심 역량 키워드(채용) 및 직무 연관성 일치 확인,중급/실무,INFERRED_DEFAULT,명시적 난이도 키워드 미제공에 따른 실무 기본값 추정,,MISSING_HOURS,,,UNSPECIFIED,수강료 미기재 (플랫폼 별도 문의/상담),https://hbs.hunet.co.kr/Education/Detail?gid=Y00370481,TIER_2_CONDITIONAL,추천 가능하나 보조 정보(시수/비용/난이도) 검토 권장,"난이도 미기재(실무 추정), 수강료 미기재, 교육시간 미기재"
SQL_HUNET_Y00370482,2026 안전보건교육(관리감독자_채용 시_금융업),휴넷,HUNET,SQLITE_DB,인사(HR),인사·채용관리,COMP_HR_01,인력채용,인력채용,1,VERIFIED_CORE,과정명/내용 내 핵심 역량 키워드(채용) 및 직무 연관성 일치 확인,중급/실무,INFERRED_DEFAULT,명시적 난이도 키워드 미제공에 따른 실무 기본값 추정,,MISSING_HOURS,,,UNSPECIFIED,수강료 미기재 (플랫폼 별도 문의/상담),https://hbs.hunet.co.kr/Education/Detail?gid=Y00370482,TIER_2_CONDITIONAL,추천 가능하나 보조 정보(시수/비용/난이도) 검토 권장,"난이도 미기재(실무 추정), 수강료 미기재, 교육시간 미기재"
SQL_HUNET_Y00370483,2026 안전보건교육(관리감독자_채용 시_건설업),휴넷,HUNET,SQLITE_DB,인사(HR),인사·채용관리,COMP_HR_01,인력채용,인력채용,1,VERIFIED_CORE,과정명/내용 내 핵심 역량 키워드(채용) 및 직무 연관성 일치 확인,중급/실무,INFERRED_DEFAULT,명시적 난이도 키워드 미제공에 따른 실무 기본값 추정,,MISSING_HOURS,,,UNSPECIFIED,수강료 미기재 (플랫폼 별도 문의/상담),https://hbs.hunet.co.kr/Education/Detail?gid=Y00370483,TIER_2_CONDITIONAL,추천 가능하나 보조 정보(시수/비용/난이도) 검토 권장,"난이도 미기재(실무 추정), 수강료 미기재, 교육시간 미기재"
SQL_HUNET_Y00370509,2026 안전보건교육 일용 및 초단기 기간제근로자(채용 시_제조업),휴넷,HUNET,SQLITE_DB,인사(HR),인사·채용관리,COMP_HR_01,인력채용,인력채용,1,VERIFIED_CORE,과정명/내용 내 핵심 역량 키워드(채용) 및 직무 연관성 일치 확인,중급/실무,INFERRED_DEFAULT,명시적 난이도 키워드 미제공에 따른 실무 기본값 추정,,MISSING_HOURS,,,UNSPECIFIED,수강료 미기재 (플랫폼 별도 문의/상담),https://hbs.hunet.co.kr/Education/Detail?gid=Y00370509,TIER_2_CONDITIONAL,추천 가능하나 보조 정보(시수/비용/난이도) 검토 권장,"난이도 미기재(실무 추정), 수강료 미기재, 교육시간 미기재"
SQL_HUNET_Y00370510,2026 안전보건교육 일용 및 초단기 기간제근로자(채용 시_유통업),휴넷,HUNET,SQLITE_DB,인사(HR),인사·채용관리,COMP_HR_01,인력채용,인력채용,1,VERIFIED_CORE,과정명/내용 내 핵심 역량 키워드(채용) 및 직무 연관성 일치 확인,중급/실무,INFERRED_DEFAULT,명시적 난이도 키워드 미제공에 따른 실무 기본값 추정,,MISSING_HOURS,,,UNSPECIFIED,수강료 미기재 (플랫폼 별도 문의/상담),https://hbs.hunet.co.kr/Education/Detail?gid=Y00370510,TIER_2_CONDITIONAL,추천 가능하나 보조 정보(시수/비용/난이도) 검토 권장,"난이도 미기재(실무 추정), 수강료 미기재, 교육시간 미기재"
SQL_HUNET_Y00370511,2026 안전보건교육 일용 및 초단기 기간제근로자(채용 시_서비스업),휴넷,HUNET,SQLITE_DB,인사(HR),인사·채용관리,COMP_HR_01,인력채용,인력채용,1,VERIFIED_CORE,과정명/내용 내 핵심 역량 키워드(채용) 및 직무 연관성 일치 확인,중급/실무,INFERRED_DEFAULT,명시적 난이도 키워드 미제공에 따른 실무 기본값 추정,,MISSING_HOURS,,,UNSPECIFIED,수강료 미기재 (플랫폼 별도 문의/상담),https://hbs.hunet.co.kr/Education/Detail?gid=Y00370511,TIER_2_CONDITIONAL,추천 가능하나 보조 정보(시수/비용/난이도) 검토 권장,"난이도 미기재(실무 추정), 수강료 미기재, 교육시간 미기재"
SQL_HUNET_Y00370550,2026 안전보건교육 기간제근로자(채용 시_제조업),휴넷,HUNET,SQLITE_DB,인사(HR),인사·채용관리,COMP_HR_01,인력채용,인력채용,1,VERIFIED_CORE,과정명/내용 내 핵심 역량 키워드(채용) 및 직무 연관성 일치 확인,중급/실무,INFERRED_DEFAULT,명시적 난이도 키워드 미제공에 따른 실무 기본값 추정,,MISSING_HOURS,,,UNSPECIFIED,수강료 미기재 (플랫폼 별도 문의/상담),https://hbs.hunet.co.kr/Education/Detail?gid=Y00370550,TIER_2_CONDITIONAL,추천 가능하나 보조 정보(시수/비용/난이도) 검토 권장,"난이도 미기재(실무 추정), 수강료 미기재, 교육시간 미기재"
SQL_HUNET_Y00370551,2026 안전보건교육 기간제근로자(채용 시_유통업),휴넷,HUNET,SQLITE_DB,인사(HR),인사·채용관리,COMP_HR_01,인력채용,인력채용,1,VERIFIED_CORE,과정명/내용 내 핵심 역량 키워드(채용) 및 직무 연관성 일치 확인,중급/실무,INFERRED_DEFAULT,명시적 난이도 키워드 미제공에 따른 실무 기본값 추정,,MISSING_HOURS,,,UNSPECIFIED,수강료 미기재 (플랫폼 별도 문의/상담),https://hbs.hunet.co.kr/Education/Detail?gid=Y00370551,TIER_2_CONDITIONAL,추천 가능하나 보조 정보(시수/비용/난이도) 검토 권장,"난이도 미기재(실무 추정), 수강료 미기재, 교육시간 미기재"
SQL_HUNET_Y00370552,2026 안전보건교육 기간제근로자(채용 시_서비스업),휴넷,HUNET,SQLITE_DB,인사(HR),인사·채용관리,COMP_HR_01,인력채용,인력채용,1,VERIFIED_CORE,과정명/내용 내 핵심 역량 키워드(채용) 및 직무 연관성 일치 확인,중급/실무,INFERRED_DEFAULT,명시적 난이도 키워드 미제공에 따른 실무 기본값 추정,,MISSING_HOURS,,,UNSPECIFIED,수강료 미기재 (플랫폼 별도 문의/상담),https://hbs.hunet.co.kr/Education/Detail?gid=Y00370552,TIER_2_CONDITIONAL,추천 가능하나 보조 정보(시수/비용/난이도) 검토 권장,"난이도 미기재(실무 추정), 수강료 미기재, 교육시간 미기재"
SQL_HUNET_Y00370553,2026 안전보건교육 기간제근로자(채용 시_보건업),휴넷,HUNET,SQLITE_DB,인사(HR),인사·채용관리,COMP_HR_01,인력채용,인력채용,1,VERIFIED_CORE,과정명/내용 내 핵심 역량 키워드(채용) 및 직무 연관성 일치 확인,중급/실무,INFERRED_DEFAULT,명시적 난이도 키워드 미제공에 따른 실무 기본값 추정,,MISSING_HOURS,,,UNSPECIFIED,수강료 미기재 (플랫폼 별도 문의/상담),https://hbs.hunet.co.kr/Education/Detail?gid=Y00370553,TIER_2_CONDITIONAL,추천 가능하나 보조 정보(시수/비용/난이도) 검토 권장,"난이도 미기재(실무 추정), 수강료 미기재, 교육시간 미기재"
SQL_HUNET_Y00370554,2026 안전보건교육 기간제근로자(채용 시_기타사업),휴넷,HUNET,SQLITE_DB,인사(HR),인사·채용관리,COMP_HR_01,인력채용,인력채용,1,VERIFIED_CORE,과정명/내용 내 핵심 역량 키워드(채용) 및 직무 연관성 일치 확인,중급/실무,INFERRED_DEFAULT,명시적 난이도 키워드 미제공에 따른 실무 기본값 추정,,MISSING_HOURS,,,UNSPECIFIED,수강료 미기재 (플랫폼 별도 문의/상담),https://hbs.hunet.co.kr/Education/Detail?gid=Y00370554,TIER_2_CONDITIONAL,추천 가능하나 보조 정보(시수/비용/난이도) 검토 권장,"난이도 미기재(실무 추정), 수강료 미기재, 교육시간 미기재"
SQL_HUNET_Y00369136,"HR, AI가 트렌드다 : 채용부터 퇴사까지",휴넷,HUNET,SQLITE_DB,인사(HR),인사·채용관리,COMP_HR_01,인력채용,인력채용,1,VERIFIED_CORE,과정명/내용 내 핵심 역량 키워드(채용) 및 직무 연관성 일치 확인,중급/실무,INFERRED_DEFAULT,명시적 난이도 키워드 미제공에 따른 실무 기본값 추정,,MISSING_HOURS,,,UNSPECIFIED,수강료 미기재 (플랫폼 별도 문의/상담),https://hbs.hunet.co.kr/Education/Detail?gid=Y00369136,TIER_2_CONDITIONAL,추천 가능하나 보조 정보(시수/비용/난이도) 검토 권장,"난이도 미기재(실무 추정), 수강료 미기재, 교육시간 미기재"
SQL_HUNET_Y00367788,ChatGPT가 다 해주는 요즘 보고서 작성법,휴넷,HUNET,SQLITE_DB,총무·사무행정,공통·사무기획,COMP_GA_01,문서작성 및 기획,문서작성 및 기획,1,VERIFIED_CORE,과정명/내용 내 핵심 역량 키워드(보고서) 및 직무 연관성 일치 확인,중급/실무,INFERRED_DEFAULT,명시적 난이도 키워드 미제공에 따른 실무 기본값 추정,,MISSING_HOURS,,,UNSPECIFIED,수강료 미기재 (플랫폼 별도 문의/상담),https://hbs.hunet.co.kr/Education/Detail?gid=Y00367788,TIER_2_CONDITIONAL,추천 가능하나 보조 정보(시수/비용/난이도) 검토 권장,"난이도 미기재(실무 추정), 수강료 미기재, 교육시간 미기재"
SQL_HUNET_Y00354154,[팀장리더십] 탁월한 팀장의 조건 - 성과관리,휴넷,HUNET,SQLITE_DB,인사(HR),인사·평가보상,COMP_HR_02,인사평가 및 보상,인사평가 및 보상,1,VERIFIED_CORE,과정명/내용 내 핵심 역량 키워드(성과관리) 및 직무 연관성 일치 확인,고급/전문,EXPLICIT_KEYWORD,과정명 내 전문가·전략·관리자 명시적 키워드 보유,,MISSING_HOURS,,,UNSPECIFIED,수강료 미기재 (플랫폼 별도 문의/상담),https://hbs.hunet.co.kr/Education/Detail?gid=Y00354154,TIER_2_CONDITIONAL,추천 가능하나 보조 정보(시수/비용/난이도) 검토 권장,"수강료 미기재, 교육시간 미기재"
SQL_HUNET_Y00337189,[온보딩저니] 경력사원 과정,휴넷,HUNET,SQLITE_DB,인사(HR),인사·채용관리,COMP_HR_01,인력채용,인력채용,1,VERIFIED_CORE,과정명/내용 내 핵심 역량 키워드(온보딩) 및 직무 연관성 일치 확인,중급/실무,INFERRED_DEFAULT,명시적 난이도 키워드 미제공에 따른 실무 기본값 추정,,MISSING_HOURS,,,UNSPECIFIED,수강료 미기재 (플랫폼 별도 문의/상담),https://hbs.hunet.co.kr/Education/Detail?gid=Y00337189,TIER_2_CONDITIONAL,추천 가능하나 보조 정보(시수/비용/난이도) 검토 권장,"난이도 미기재(실무 추정), 수강료 미기재, 교육시간 미기재"
SQL_HUNET_Y00350958,부장님은 내 기획서가 쓰레기라고 말했지,휴넷,HUNET,SQLITE_DB,총무·사무행정,공통·사무기획,COMP_GA_01,문서작성 및 기획,문서작성 및 기획,1,VERIFIED_CORE,"과정명/내용 내 핵심 역량 키워드(기획, 기획서) 및 직무 연관성 일치 확인",중급/실무,INFERRED_DEFAULT,명시적 난이도 키워드 미제공에 따른 실무 기본값 추정,,MISSING_HOURS,,,UNSPECIFIED,수강료 미기재 (플랫폼 별도 문의/상담),https://hbs.hunet.co.kr/Education/Detail?gid=Y00350958,TIER_2_CONDITIONAL,추천 가능하나 보조 정보(시수/비용/난이도) 검토 권장,"난이도 미기재(실무 추정), 수강료 미기재, 교육시간 미기재"
SQL_HUNET_Y00350960,[팀장리더십] 애자일 성과관리,휴넷,HUNET,SQLITE_DB,인사(HR),인사·평가보상,COMP_HR_02,인사평가 및 보상,"인사평가 및 보상, 애자일 프로젝트 관리",2,VERIFIED_CORE,과정명/내용 내 핵심 역량 키워드(성과관리) 및 직무 연관성 일치 확인,고급/전문,EXPLICIT_KEYWORD,과정명 내 전문가·전략·관리자 명시적 키워드 보유,,MISSING_HOURS,,,UNSPECIFIED,수강료 미기재 (플랫폼 별도 문의/상담),https://hbs.hunet.co.kr/Education/Detail?gid=Y00350960,TIER_2_CONDITIONAL,추천 가능하나 보조 정보(시수/비용/난이도) 검토 권장,"수강료 미기재, 교육시간 미기재"
SQL_HUNET_Y00347025,"리더십 4.0 시대, 일잘러의 IT 프로젝트 성과관리",휴넷,HUNET,SQLITE_DB,인사(HR),인사·평가보상,COMP_HR_02,인사평가 및 보상,인사평가 및 보상,1,VERIFIED_CORE,과정명/내용 내 핵심 역량 키워드(성과관리) 및 직무 연관성 일치 확인,중급/실무,INFERRED_DEFAULT,명시적 난이도 키워드 미제공에 따른 실무 기본값 추정,,MISSING_HOURS,,,UNSPECIFIED,수강료 미기재 (플랫폼 별도 문의/상담),https://hbs.hunet.co.kr/Education/Detail?gid=Y00347025,TIER_2_CONDITIONAL,추천 가능하나 보조 정보(시수/비용/난이도) 검토 권장,"난이도 미기재(실무 추정), 수강료 미기재, 교육시간 미기재"
SQL_HUNET_Y00319690,"평가에서 성과관리로, 프레임을 전환하라!",휴넷,HUNET,SQLITE_DB,인사(HR),인사·평가보상,COMP_HR_02,인사평가 및 보상,인사평가 및 보상,1,VERIFIED_CORE,과정명/내용 내 핵심 역량 키워드(성과관리) 및 직무 연관성 일치 확인,중급/실무,INFERRED_DEFAULT,명시적 난이도 키워드 미제공에 따른 실무 기본값 추정,,MISSING_HOURS,,,UNSPECIFIED,수강료 미기재 (플랫폼 별도 문의/상담),https://hbs.hunet.co.kr/Education/Detail?gid=Y00319690,TIER_2_CONDITIONAL,추천 가능하나 보조 정보(시수/비용/난이도) 검토 권장,"난이도 미기재(실무 추정), 수강료 미기재, 교육시간 미기재"
SQL_HUNET_Y00317658,"채용을 디자인하라, 기업에 FIT한 인재 확보 전략",휴넷,HUNET,SQLITE_DB,인사(HR),인사·채용관리,COMP_HR_01,인력채용,인력채용,1,VERIFIED_CORE,과정명/내용 내 핵심 역량 키워드(채용) 및 직무 연관성 일치 확인,중급/실무,INFERRED_DEFAULT,명시적 난이도 키워드 미제공에 따른 실무 기본값 추정,,MISSING_HOURS,,,UNSPECIFIED,수강료 미기재 (플랫폼 별도 문의/상담),https://hbs.hunet.co.kr/Education/Detail?gid=Y00317658,TIER_2_CONDITIONAL,추천 가능하나 보조 정보(시수/비용/난이도) 검토 권장,"난이도 미기재(실무 추정), 수강료 미기재, 교육시간 미기재"
SQL_HUNET_Y00317659,"엔지니어 채용의 모든 것, 테크 리크루팅 A TO Z",휴넷,HUNET,SQLITE_DB,인사(HR),인사·채용관리,COMP_HR_01,인력채용,인력채용,1,VERIFIED_CORE,과정명/내용 내 핵심 역량 키워드(채용) 및 직무 연관성 일치 확인,중급/실무,INFERRED_DEFAULT,명시적 난이도 키워드 미제공에 따른 실무 기본값 추정,,MISSING_HOURS,,,UNSPECIFIED,수강료 미기재 (플랫폼 별도 문의/상담),https://hbs.hunet.co.kr/Education/Detail?gid=Y00317659,TIER_2_CONDITIONAL,추천 가능하나 보조 정보(시수/비용/난이도) 검토 권장,"난이도 미기재(실무 추정), 수강료 미기재, 교육시간 미기재"
SQL_HUNET_Y00303172,터닝포인트 팀장리더십 : 성과관리,휴넷,HUNET,SQLITE_DB,인사(HR),인사·평가보상,COMP_HR_02,인사평가 및 보상,인사평가 및 보상,1,VERIFIED_CORE,과정명/내용 내 핵심 역량 키워드(성과관리) 및 직무 연관성 일치 확인,고급/전문,EXPLICIT_KEYWORD,과정명 내 전문가·전략·관리자 명시적 키워드 보유,,MISSING_HOURS,,,UNSPECIFIED,수강료 미기재 (플랫폼 별도 문의/상담),https://hbs.hunet.co.kr/Education/Detail?gid=Y00303172,TIER_2_CONDITIONAL,추천 가능하나 보조 정보(시수/비용/난이도) 검토 권장,"수강료 미기재, 교육시간 미기재"
SQL_HUNET_Y00311834,ChatGPT를 활용한 프리젠테이션&기획서 순삭하기,휴넷,HUNET,SQLITE_DB,총무·사무행정,공통·사무기획,COMP_GA_01,문서작성 및 기획,문서작성 및 기획,1,VERIFIED_CORE,"과정명/내용 내 핵심 역량 키워드(기획, 기획서) 및 직무 연관성 일치 확인",중급/실무,INFERRED_DEFAULT,명시적 난이도 키워드 미제공에 따른 실무 기본값 추정,,MISSING_HOURS,,,UNSPECIFIED,수강료 미기재 (플랫폼 별도 문의/상담),https://hbs.hunet.co.kr/Education/Detail?gid=Y00311834,TIER_2_CONDITIONAL,추천 가능하나 보조 정보(시수/비용/난이도) 검토 권장,"난이도 미기재(실무 추정), 수강료 미기재, 교육시간 미기재"
SQL_HUNET_Y00300119,글쓰기가 두려운 직장인을 위한 비즈니스 글쓰기 공략zip,휴넷,HUNET,SQLITE_DB,총무·사무행정,공통·사무기획,COMP_GA_01,문서작성 및 기획,문서작성 및 기획,1,VERIFIED_CORE,과정명/내용 내 핵심 역량 키워드(비즈니스 글쓰기) 및 직무 연관성 일치 확인,중급/실무,INFERRED_DEFAULT,명시적 난이도 키워드 미제공에 따른 실무 기본값 추정,,MISSING_HOURS,,,UNSPECIFIED,수강료 미기재 (플랫폼 별도 문의/상담),https://hbs.hunet.co.kr/Education/Detail?gid=Y00300119,TIER_2_CONDITIONAL,추천 가능하나 보조 정보(시수/비용/난이도) 검토 권장,"난이도 미기재(실무 추정), 수강료 미기재, 교육시간 미기재"
SQL_HUNET_Y00298379,컴팩트한 문서작성과 퍼펙트한 보고기법!,휴넷,HUNET,SQLITE_DB,총무·사무행정,공통·사무기획,COMP_GA_01,문서작성 및 기획,문서작성 및 기획,1,VERIFIED_CORE,과정명/내용 내 핵심 역량 키워드(문서) 및 직무 연관성 일치 확인,중급/실무,INFERRED_DEFAULT,명시적 난이도 키워드 미제공에 따른 실무 기본값 추정,,MISSING_HOURS,,,UNSPECIFIED,수강료 미기재 (플랫폼 별도 문의/상담),https://hbs.hunet.co.kr/Education/Detail?gid=Y00298379,TIER_2_CONDITIONAL,추천 가능하나 보조 정보(시수/비용/난이도) 검토 권장,"난이도 미기재(실무 추정), 수강료 미기재, 교육시간 미기재"
SQL_HUNET_Y00298381,인재전쟁에서 승리하는 면접관 인터뷰 스킬,휴넷,HUNET,SQLITE_DB,인사(HR),인사·채용관리,COMP_HR_01,인력채용,인력채용,1,VERIFIED_CORE,과정명/내용 내 핵심 역량 키워드(면접) 및 직무 연관성 일치 확인,중급/실무,INFERRED_DEFAULT,명시적 난이도 키워드 미제공에 따른 실무 기본값 추정,,MISSING_HOURS,,,UNSPECIFIED,수강료 미기재 (플랫폼 별도 문의/상담),https://hbs.hunet.co.kr/Education/Detail?gid=Y00298381,TIER_2_CONDITIONAL,추천 가능하나 보조 정보(시수/비용/난이도) 검토 권장,"난이도 미기재(실무 추정), 수강료 미기재, 교육시간 미기재"
SQL_HUNET_Y00271317,"입사에서 퇴사까지, 직장인을 위한 노동법 이야기",휴넷,HUNET,SQLITE_DB,인사(HR),노무관리,COMP_LABOR_01,근로관계 법률 준수,근로관계 법률 준수,1,VERIFIED_CORE,과정명/내용 내 핵심 역량 키워드(노동법) 및 직무 연관성 일치 확인,중급/실무,INFERRED_DEFAULT,명시적 난이도 키워드 미제공에 따른 실무 기본값 추정,,MISSING_HOURS,,,UNSPECIFIED,수강료 미기재 (플랫폼 별도 문의/상담),https://hbs.hunet.co.kr/Education/Detail?gid=Y00271317,TIER_2_CONDITIONAL,추천 가능하나 보조 정보(시수/비용/난이도) 검토 권장,"난이도 미기재(실무 추정), 수강료 미기재, 교육시간 미기재"
SQL_HUNET_Y00269209,인사평가체계 구축 및 운영 방법,휴넷,HUNET,SQLITE_DB,인사(HR),인사·평가보상,COMP_HR_02,인사평가 및 보상,인사평가 및 보상,1,VERIFIED_CORE,과정명/내용 내 핵심 역량 키워드(인사평가) 및 직무 연관성 일치 확인,중급/실무,INFERRED_DEFAULT,명시적 난이도 키워드 미제공에 따른 실무 기본값 추정,,MISSING_HOURS,,,UNSPECIFIED,수강료 미기재 (플랫폼 별도 문의/상담),https://hbs.hunet.co.kr/Education/Detail?gid=Y00269209,TIER_2_CONDITIONAL,추천 가능하나 보조 정보(시수/비용/난이도) 검토 권장,"난이도 미기재(실무 추정), 수강료 미기재, 교육시간 미기재"
SQL_HUNET_Y00265994,SSS급 확보를 위한 면접관 교육 (feat. AI 시뮬레이션),휴넷,HUNET,SQLITE_DB,인사(HR),인사·채용관리,COMP_HR_01,인력채용,인력채용,1,VERIFIED_CORE,과정명/내용 내 핵심 역량 키워드(면접) 및 직무 연관성 일치 확인,중급/실무,INFERRED_DEFAULT,명시적 난이도 키워드 미제공에 따른 실무 기본값 추정,,MISSING_HOURS,,,UNSPECIFIED,수강료 미기재 (플랫폼 별도 문의/상담),https://hbs.hunet.co.kr/Education/Detail?gid=Y00265994,TIER_2_CONDITIONAL,추천 가능하나 보조 정보(시수/비용/난이도) 검토 권장,"난이도 미기재(실무 추정), 수강료 미기재, 교육시간 미기재"
SQL_HUNET_Y00265995,핵심인재를 부르는 고용주 브랜딩과 채용 경험 디자인,휴넷,HUNET,SQLITE_DB,인사(HR),인사·채용관리,COMP_HR_01,인력채용,인력채용,1,VERIFIED_CORE,과정명/내용 내 핵심 역량 키워드(채용) 및 직무 연관성 일치 확인,중급/실무,INFERRED_DEFAULT,명시적 난이도 키워드 미제공에 따른 실무 기본값 추정,,MISSING_HOURS,,,UNSPECIFIED,수강료 미기재 (플랫폼 별도 문의/상담),https://hbs.hunet.co.kr/Education/Detail?gid=Y00265995,TIER_2_CONDITIONAL,추천 가능하나 보조 정보(시수/비용/난이도) 검토 권장,"난이도 미기재(실무 추정), 수강료 미기재, 교육시간 미기재"
SQL_HUNET_Y00265996,"오늘 온 신입사원, 온보딩 전략 ON 하기",휴넷,HUNET,SQLITE_DB,인사(HR),인사·채용관리,COMP_HR_01,인력채용,인력채용,1,VERIFIED_CORE,과정명/내용 내 핵심 역량 키워드(온보딩) 및 직무 연관성 일치 확인,입문/초급,EXPLICIT_KEYWORD,과정명 내 기초·입문·신입 명시적 키워드 보유,,MISSING_HOURS,,,UNSPECIFIED,수강료 미기재 (플랫폼 별도 문의/상담),https://hbs.hunet.co.kr/Education/Detail?gid=Y00265996,TIER_2_CONDITIONAL,추천 가능하나 보조 정보(시수/비용/난이도) 검토 권장,"수강료 미기재, 교육시간 미기재"
SQL_HUNET_Y00260034,SSS급 확보를 위한 면접관 교육,휴넷,HUNET,SQLITE_DB,인사(HR),인사·채용관리,COMP_HR_01,인력채용,인력채용,1,VERIFIED_CORE,과정명/내용 내 핵심 역량 키워드(면접) 및 직무 연관성 일치 확인,중급/실무,INFERRED_DEFAULT,명시적 난이도 키워드 미제공에 따른 실무 기본값 추정,,MISSING_HOURS,,,UNSPECIFIED,수강료 미기재 (플랫폼 별도 문의/상담),https://hbs.hunet.co.kr/Education/Detail?gid=Y00260034,TIER_2_CONDITIONAL,추천 가능하나 보조 정보(시수/비용/난이도) 검토 권장,"난이도 미기재(실무 추정), 수강료 미기재, 교육시간 미기재"
SQL_HUNET_Y00256639,[레전드 스킬] 어쩐지 끌리는 사람의 비즈니스 매너,휴넷,HUNET,SQLITE_DB,총무·사무행정,비서·사무지원,COMP_SEC_01,비즈니스 매너 및 커뮤니케이션,비즈니스 매너 및 커뮤니케이션,1,VERIFIED_CORE,과정명/내용 내 핵심 역량 키워드(비즈니스 매너) 및 직무 연관성 일치 확인,중급/실무,INFERRED_DEFAULT,명시적 난이도 키워드 미제공에 따른 실무 기본값 추정,,MISSING_HOURS,,,UNSPECIFIED,수강료 미기재 (플랫폼 별도 문의/상담),https://hbs.hunet.co.kr/Education/Detail?gid=Y00256639,TIER_2_CONDITIONAL,추천 가능하나 보조 정보(시수/비용/난이도) 검토 권장,"난이도 미기재(실무 추정), 수강료 미기재, 교육시간 미기재"
SQL_HUNET_Y00245649,핵심만 콕! 신입사원 온보딩,휴넷,HUNET,SQLITE_DB,인사(HR),인사·채용관리,COMP_HR_01,인력채용,인력채용,1,VERIFIED_CORE,과정명/내용 내 핵심 역량 키워드(온보딩) 및 직무 연관성 일치 확인,입문/초급,EXPLICIT_KEYWORD,과정명 내 기초·입문·신입 명시적 키워드 보유,,MISSING_HOURS,,,UNSPECIFIED,수강료 미기재 (플랫폼 별도 문의/상담),https://hbs.hunet.co.kr/Education/Detail?gid=Y00245649,TIER_2_CONDITIONAL,추천 가능하나 보조 정보(시수/비용/난이도) 검토 권장,"수강료 미기재, 교육시간 미기재"
SQL_HUNET_Y00245653,핵심만 콕! 비즈니스 글쓰기와 보고서 작성 노하우,휴넷,HUNET,SQLITE_DB,총무·사무행정,공통·사무기획,COMP_GA_01,문서작성 및 기획,문서작성 및 기획,1,VERIFIED_CORE,"과정명/내용 내 핵심 역량 키워드(보고서, 비즈니스 글쓰기) 및 직무 연관성 일치 확인",중급/실무,INFERRED_DEFAULT,명시적 난이도 키워드 미제공에 따른 실무 기본값 추정,,MISSING_HOURS,,,UNSPECIFIED,수강료 미기재 (플랫폼 별도 문의/상담),https://hbs.hunet.co.kr/Education/Detail?gid=Y00245653,TIER_2_CONDITIONAL,추천 가능하나 보조 정보(시수/비용/난이도) 검토 권장,"난이도 미기재(실무 추정), 수강료 미기재, 교육시간 미기재"
SQL_HUNET_Y00216064,[북러닝] 투잡하는 김 대리는 취업규칙을 위반했을까?(도서 제공),휴넷,HUNET,SQLITE_DB,인사(HR),노무관리,COMP_LABOR_01,근로관계 법률 준수,근로관계 법률 준수,1,VERIFIED_CORE,과정명/내용 내 핵심 역량 키워드(취업규칙) 및 직무 연관성 일치 확인,중급/실무,INFERRED_DEFAULT,명시적 난이도 키워드 미제공에 따른 실무 기본값 추정,,MISSING_HOURS,,,UNSPECIFIED,수강료 미기재 (플랫폼 별도 문의/상담),https://hbs.hunet.co.kr/Education/Detail?gid=Y00216064,TIER_2_CONDITIONAL,추천 가능하나 보조 정보(시수/비용/난이도) 검토 권장,"난이도 미기재(실무 추정), 수강료 미기재, 교육시간 미기재"
SQL_HUNET_Y00183408,[북러닝] 일잘러는 이렇게 일한다 - 일잘러의 보고서 작성법(도서 제공),휴넷,HUNET,SQLITE_DB,총무·사무행정,공통·사무기획,COMP_GA_01,문서작성 및 기획,문서작성 및 기획,1,VERIFIED_CORE,과정명/내용 내 핵심 역량 키워드(보고서) 및 직무 연관성 일치 확인,중급/실무,INFERRED_DEFAULT,명시적 난이도 키워드 미제공에 따른 실무 기본값 추정,,MISSING_HOURS,,,UNSPECIFIED,수강료 미기재 (플랫폼 별도 문의/상담),https://hbs.hunet.co.kr/Education/Detail?gid=Y00183408,TIER_2_CONDITIONAL,추천 가능하나 보조 정보(시수/비용/난이도) 검토 권장,"난이도 미기재(실무 추정), 수강료 미기재, 교육시간 미기재"
SQL_HUNET_Y00161578,"실례합니다만, 비즈니스 매너는 지켜주시겠어요?",휴넷,HUNET,SQLITE_DB,총무·사무행정,비서·사무지원,COMP_SEC_01,비즈니스 매너 및 커뮤니케이션,비즈니스 매너 및 커뮤니케이션,1,VERIFIED_CORE,과정명/내용 내 핵심 역량 키워드(비즈니스 매너) 및 직무 연관성 일치 확인,중급/실무,INFERRED_DEFAULT,명시적 난이도 키워드 미제공에 따른 실무 기본값 추정,,MISSING_HOURS,,,UNSPECIFIED,수강료 미기재 (플랫폼 별도 문의/상담),https://hbs.hunet.co.kr/Education/Detail?gid=Y00161578,TIER_2_CONDITIONAL,추천 가능하나 보조 정보(시수/비용/난이도) 검토 권장,"난이도 미기재(실무 추정), 수강료 미기재, 교육시간 미기재"
SQL_HUNET_Y00161582,[오늘부터 정시퇴근] 엑셀 실무 테크닉 - 일잘러의 보고서 작성편,휴넷,HUNET,SQLITE_DB,총무·사무행정,공통·사무기획,COMP_GA_01,문서작성 및 기획,문서작성 및 기획,1,VERIFIED_CORE,"과정명/내용 내 핵심 역량 키워드(보고서, 엑셀) 및 직무 연관성 일치 확인",중급/실무,INFERRED_DEFAULT,명시적 난이도 키워드 미제공에 따른 실무 기본값 추정,,MISSING_HOURS,,,UNSPECIFIED,수강료 미기재 (플랫폼 별도 문의/상담),https://hbs.hunet.co.kr/Education/Detail?gid=Y00161582,TIER_2_CONDITIONAL,추천 가능하나 보조 정보(시수/비용/난이도) 검토 권장,"난이도 미기재(실무 추정), 수강료 미기재, 교육시간 미기재"
SQL_HUNET_Y00141106,[카드뉴스] 슬기로운 기획생활 (기획서 작성부터 보고까지),휴넷,HUNET,SQLITE_DB,총무·사무행정,공통·사무기획,COMP_GA_01,문서작성 및 기획,문서작성 및 기획,1,VERIFIED_CORE,"과정명/내용 내 핵심 역량 키워드(기획, 기획서) 및 직무 연관성 일치 확인",중급/실무,INFERRED_DEFAULT,명시적 난이도 키워드 미제공에 따른 실무 기본값 추정,,MISSING_HOURS,,,UNSPECIFIED,수강료 미기재 (플랫폼 별도 문의/상담),https://hbs.hunet.co.kr/Education/Detail?gid=Y00141106,TIER_2_CONDITIONAL,추천 가능하나 보조 정보(시수/비용/난이도) 검토 권장,"난이도 미기재(실무 추정), 수강료 미기재, 교육시간 미기재"
SQL_HUNET_Y00117074,1 PAGE로 승부하라 : 강력한 한 장의 기획서,휴넷,HUNET,SQLITE_DB,총무·사무행정,공통·사무기획,COMP_GA_01,문서작성 및 기획,문서작성 및 기획,1,VERIFIED_CORE,"과정명/내용 내 핵심 역량 키워드(기획, 기획서) 및 직무 연관성 일치 확인",중급/실무,INFERRED_DEFAULT,명시적 난이도 키워드 미제공에 따른 실무 기본값 추정,,MISSING_HOURS,,,UNSPECIFIED,수강료 미기재 (플랫폼 별도 문의/상담),https://hbs.hunet.co.kr/Education/Detail?gid=Y00117074,TIER_2_CONDITIONAL,추천 가능하나 보조 정보(시수/비용/난이도) 검토 권장,"난이도 미기재(실무 추정), 수강료 미기재, 교육시간 미기재"
SQL_HUNET_Y00030777,전략적 인재 육성을 위한 HRD 에센스,휴넷,HUNET,SQLITE_DB,인사·총무공통,인사·조직관리,COMP_GA_01,문서작성 및 기획,문서작성 및 기획,1,REVIEW_NEEDED,직무 적합 강좌이나 7대 핵심 역량 키워드가 본문에서 명확히 검출되지 않아 2차 내용 확인 필요,고급/전문,EXPLICIT_KEYWORD,과정명 내 전문가·전략·관리자 명시적 키워드 보유,,MISSING_HOURS,,,UNSPECIFIED,수강료 미기재 (플랫폼 별도 문의/상담),https://hbs.hunet.co.kr/Education/Detail?gid=Y00030777,TIER_2_CONDITIONAL,추천 가능하나 보조 정보(시수/비용/난이도) 검토 권장,"KSA 매핑 키워드 미검출, 수강료 미기재, 교육시간 미기재"
SQL_HUNET_Y00004543,직장인을 위한 비즈니스 매너 에센스,휴넷,HUNET,SQLITE_DB,총무·사무행정,비서·사무지원,COMP_SEC_01,비즈니스 매너 및 커뮤니케이션,비즈니스 매너 및 커뮤니케이션,1,VERIFIED_CORE,과정명/내용 내 핵심 역량 키워드(비즈니스 매너) 및 직무 연관성 일치 확인,중급/실무,INFERRED_DEFAULT,명시적 난이도 키워드 미제공에 따른 실무 기본값 추정,,MISSING_HOURS,,,UNSPECIFIED,수강료 미기재 (플랫폼 별도 문의/상담),https://hbs.hunet.co.kr/Education/Detail?gid=Y00004543,TIER_2_CONDITIONAL,추천 가능하나 보조 정보(시수/비용/난이도) 검토 권장,"난이도 미기재(실무 추정), 수강료 미기재, 교육시간 미기재"
SQL_KMA_110936,[미국] HR Tech 2026 한국대표단,한국능률협회,KMA,SQLITE_DB,인사·총무공통,인사·조직관리,COMP_GA_01,문서작성 및 기획,문서작성 및 기획,1,REVIEW_NEEDED,직무 적합 강좌이나 7대 핵심 역량 키워드가 본문에서 명확히 검출되지 않아 2차 내용 확인 필요,중급/실무,INFERRED_DEFAULT,명시적 난이도 키워드 미제공에 따른 실무 기본값 추정,56.0,RECORDED_HOURS,7.0,8900000.0,OUTLIER_OVERSEAS_CONFERENCE,"고액 특수 과정 (8,900,000원 - 해외 컨퍼런스/연수단)",https://www.kma.or.kr/usrs/eduRegMgnt/eduRegInfoDetailForm.do?p_edutype_cd=002&p_crscd=110936&p_crsseq_id=124341&p_ctgry_id=576&p_hmpgcd=30&mkey=36344,EXCLUDED_OUTLIER,890만원 해외 컨퍼런스 연수단으로 일반 직무 교육 추천 대상에서 제외,"KSA 매핑 키워드 미검출, 난이도 미기재(실무 추정)"
SQL_KMA_111429,[여의도] 교육과정 기획과 개발,한국능률협회,KMA,SQLITE_DB,인사(HR),인사·조직관리,COMP_GA_01,문서작성 및 기획,문서작성 및 기획,1,VERIFIED_CORE,과정명/내용 내 핵심 역량 키워드(기획) 및 직무 연관성 일치 확인,중급/실무,INFERRED_DEFAULT,명시적 난이도 키워드 미제공에 따른 실무 기본값 추정,14.0,RECORDED_HOURS,2.0,690000.0,STANDARD_PAID,"일반 유료 과정 (690,000원)",https://www.kma.or.kr/usrs/eduRegMgnt/eduRegInfoDetailForm.do?p_edutype_cd=001&p_crscd=111429&p_crsseq_id=125909&p_ctgry_id=659&p_hmpgcd=30&mkey=37146,TIER_1_READY,"핵심 역량 매핑 및 수강료 확인 완료, 즉시 추천 가능",난이도 미기재(실무 추정)
SQL_KMA_111431,[여의도] [민간자격] 기업교육(HRD) 게이미피케이션 활용 스킬업,한국능률협회,KMA,SQLITE_DB,인사·총무공통,인사·조직관리,COMP_GA_01,문서작성 및 기획,문서작성 및 기획,1,REVIEW_NEEDED,직무 적합 강좌이나 7대 핵심 역량 키워드가 본문에서 명확히 검출되지 않아 2차 내용 확인 필요,중급/실무,INFERRED_DEFAULT,명시적 난이도 키워드 미제공에 따른 실무 기본값 추정,8.0,RECORDED_HOURS,1.0,490000.0,STANDARD_PAID,"일반 유료 과정 (490,000원)",https://www.kma.or.kr/usrs/eduRegMgnt/eduRegInfoDetailForm.do?p_edutype_cd=001&p_crscd=111431&p_crsseq_id=125920&p_ctgry_id=659&p_hmpgcd=30&mkey=37146,TIER_2_CONDITIONAL,추천 가능하나 보조 정보(시수/비용/난이도) 검토 권장,"KSA 매핑 키워드 미검출, 난이도 미기재(실무 추정)"
SQL_KMA_111203,[강남] [민간자격] 기업교육(HRD) 게이미피케이션 활용 스킬업,한국능률협회,KMA,SQLITE_DB,인사·총무공통,인사·조직관리,COMP_GA_01,문서작성 및 기획,문서작성 및 기획,1,REVIEW_NEEDED,직무 적합 강좌이나 7대 핵심 역량 키워드가 본문에서 명확히 검출되지 않아 2차 내용 확인 필요,중급/실무,INFERRED_DEFAULT,명시적 난이도 키워드 미제공에 따른 실무 기본값 추정,8.0,RECORDED_HOURS,1.0,490000.0,STANDARD_PAID,"일반 유료 과정 (490,000원)",https://www.kma.or.kr/usrs/eduRegMgnt/eduRegInfoDetailForm.do?p_edutype_cd=001&p_crscd=111203&p_crsseq_id=124935&p_ctgry_id=659&p_hmpgcd=30&mkey=37146,TIER_2_CONDITIONAL,추천 가능하나 보조 정보(시수/비용/난이도) 검토 권장,"KSA 매핑 키워드 미검출, 난이도 미기재(실무 추정)"
SQL_KMA_111455,[여의도] 리더의 성과관리 핵심 매뉴얼,한국능률협회,KMA,SQLITE_DB,인사(HR),인사·평가보상,COMP_HR_02,인사평가 및 보상,인사평가 및 보상,1,VERIFIED_CORE,과정명/내용 내 핵심 역량 키워드(성과관리) 및 직무 연관성 일치 확인,중급/실무,INFERRED_DEFAULT,명시적 난이도 키워드 미제공에 따른 실무 기본값 추정,14.0,RECORDED_HOURS,2.0,690000.0,STANDARD_PAID,"일반 유료 과정 (690,000원)",https://www.kma.or.kr/usrs/eduRegMgnt/eduRegInfoDetailForm.do?p_edutype_cd=001&p_crscd=111455&p_crsseq_id=127447&p_ctgry_id=540&p_hmpgcd=30&mkey=36308,TIER_1_READY,"핵심 역량 매핑 및 수강료 확인 완료, 즉시 추천 가능",난이도 미기재(실무 추정)
SQL_KMA_111454,[여의도] 리더를 위한 차세대 성과관리 전략 &#39;피드포워드&#39;,한국능률협회,KMA,SQLITE_DB,인사(HR),인사·평가보상,COMP_HR_02,인사평가 및 보상,인사평가 및 보상,1,VERIFIED_CORE,과정명/내용 내 핵심 역량 키워드(성과관리) 및 직무 연관성 일치 확인,중급/실무,INFERRED_DEFAULT,명시적 난이도 키워드 미제공에 따른 실무 기본값 추정,7.0,RECORDED_HOURS,1.0,490000.0,STANDARD_PAID,"일반 유료 과정 (490,000원)",https://www.kma.or.kr/usrs/eduRegMgnt/eduRegInfoDetailForm.do?p_edutype_cd=001&p_crscd=111454&p_crsseq_id=126010&p_ctgry_id=540&p_hmpgcd=30&mkey=36308,TIER_1_READY,"핵심 역량 매핑 및 수강료 확인 완료, 즉시 추천 가능",난이도 미기재(실무 추정)
SQL_KMA_111663,[여의도] 수시 경력입사자 온보딩,한국능률협회,KMA,SQLITE_DB,인사(HR),인사·채용관리,COMP_HR_01,인력채용,인력채용,1,VERIFIED_CORE,과정명/내용 내 핵심 역량 키워드(온보딩) 및 직무 연관성 일치 확인,중급/실무,INFERRED_DEFAULT,명시적 난이도 키워드 미제공에 따른 실무 기본값 추정,7.0,RECORDED_HOURS,1.0,490000.0,STANDARD_PAID,"일반 유료 과정 (490,000원)",https://www.kma.or.kr/usrs/eduRegMgnt/eduRegInfoDetailForm.do?p_edutype_cd=001&p_crscd=111663&p_crsseq_id=126808&p_ctgry_id=698&p_hmpgcd=30&mkey=37240,TIER_1_READY,"핵심 역량 매핑 및 수강료 확인 완료, 즉시 추천 가능",난이도 미기재(실무 추정)
SQL_KMA_111391,[여의도] 설득력 있는 실전 보고서 작성 스킬(with MS Office),한국능률협회,KMA,SQLITE_DB,총무·사무행정,공통·사무기획,COMP_GA_01,문서작성 및 기획,문서작성 및 기획,1,VERIFIED_CORE,과정명/내용 내 핵심 역량 키워드(보고서) 및 직무 연관성 일치 확인,중급/실무,INFERRED_DEFAULT,명시적 난이도 키워드 미제공에 따른 실무 기본값 추정,14.0,RECORDED_HOURS,2.0,690000.0,STANDARD_PAID,"일반 유료 과정 (690,000원)",https://www.kma.or.kr/usrs/eduRegMgnt/eduRegInfoDetailForm.do?p_edutype_cd=001&p_crscd=111391&p_crsseq_id=125716&p_ctgry_id=557&p_hmpgcd=30&mkey=36325,TIER_1_READY,"핵심 역량 매핑 및 수강료 확인 완료, 즉시 추천 가능",난이도 미기재(실무 추정)
SQL_KMA_112242,[여의도] AI와 MS Office로 끝내는 기획·보고서 작성 실무,한국능률협회,KMA,SQLITE_DB,총무·사무행정,공통·사무기획,COMP_GA_01,문서작성 및 기획,문서작성 및 기획,1,VERIFIED_CORE,"과정명/내용 내 핵심 역량 키워드(기획, 보고서) 및 직무 연관성 일치 확인",중급/실무,INFERRED_DEFAULT,명시적 난이도 키워드 미제공에 따른 실무 기본값 추정,14.0,RECORDED_HOURS,2.0,690000.0,STANDARD_PAID,"일반 유료 과정 (690,000원)",https://www.kma.or.kr/usrs/eduRegMgnt/eduRegInfoDetailForm.do?p_edutype_cd=001&p_crscd=112242&p_crsseq_id=128239&p_ctgry_id=685&p_hmpgcd=30&mkey=37226,TIER_1_READY,"핵심 역량 매핑 및 수강료 확인 완료, 즉시 추천 가능",난이도 미기재(실무 추정)
SQL_KMA_111395,[여의도] 정책보고서 작성의 길잡이,한국능률협회,KMA,SQLITE_DB,총무·사무행정,공통·사무기획,COMP_GA_01,문서작성 및 기획,문서작성 및 기획,1,VERIFIED_CORE,과정명/내용 내 핵심 역량 키워드(보고서) 및 직무 연관성 일치 확인,중급/실무,INFERRED_DEFAULT,명시적 난이도 키워드 미제공에 따른 실무 기본값 추정,7.0,RECORDED_HOURS,1.0,490000.0,STANDARD_PAID,"일반 유료 과정 (490,000원)",https://www.kma.or.kr/usrs/eduRegMgnt/eduRegInfoDetailForm.do?p_edutype_cd=001&p_crscd=111395&p_crsseq_id=125734&p_ctgry_id=654&p_hmpgcd=30&mkey=37151,TIER_1_READY,"핵심 역량 매핑 및 수강료 확인 완료, 즉시 추천 가능",난이도 미기재(실무 추정)
SQL_KMA_111308,[여의도] GPT-5 ∙ R ∙ Python을 활용한 빅데이터 분석 및 보고서 작성,한국능률협회,KMA,SQLITE_DB,총무·사무행정,공통·사무기획,COMP_GA_01,문서작성 및 기획,문서작성 및 기획,1,VERIFIED_CORE,과정명/내용 내 핵심 역량 키워드(보고서) 및 직무 연관성 일치 확인,중급/실무,INFERRED_DEFAULT,명시적 난이도 키워드 미제공에 따른 실무 기본값 추정,14.0,RECORDED_HOURS,2.0,690000.0,STANDARD_PAID,"일반 유료 과정 (690,000원)",https://www.kma.or.kr/usrs/eduRegMgnt/eduRegInfoDetailForm.do?p_edutype_cd=001&p_crscd=111308&p_crsseq_id=125269&p_ctgry_id=568&p_hmpgcd=30&mkey=36336,TIER_1_READY,"핵심 역량 매핑 및 수강료 확인 완료, 즉시 추천 가능",난이도 미기재(실무 추정)
SQL_KMA_111156,[여의도] 생성형 AI 엑셀/PPT 보고서 작성,한국능률협회,KMA,SQLITE_DB,총무·사무행정,공통·사무기획,COMP_GA_01,문서작성 및 기획,문서작성 및 기획,1,VERIFIED_CORE,"과정명/내용 내 핵심 역량 키워드(보고서, 엑셀) 및 직무 연관성 일치 확인",중급/실무,INFERRED_DEFAULT,명시적 난이도 키워드 미제공에 따른 실무 기본값 추정,7.0,RECORDED_HOURS,1.0,490000.0,STANDARD_PAID,"일반 유료 과정 (490,000원)",https://www.kma.or.kr/usrs/eduRegMgnt/eduRegInfoDetailForm.do?p_edutype_cd=001&p_crscd=111156&p_crsseq_id=124678&p_ctgry_id=685&p_hmpgcd=30&mkey=37226,TIER_1_READY,"핵심 역량 매핑 및 수강료 확인 완료, 즉시 추천 가능",난이도 미기재(실무 추정)
SQL_KMA_111157,[여의도] AI로 더 빠른! 일잘러의 원페이지 보고서 작성 비법,한국능률협회,KMA,SQLITE_DB,총무·사무행정,공통·사무기획,COMP_GA_01,문서작성 및 기획,문서작성 및 기획,1,VERIFIED_CORE,과정명/내용 내 핵심 역량 키워드(보고서) 및 직무 연관성 일치 확인,중급/실무,INFERRED_DEFAULT,명시적 난이도 키워드 미제공에 따른 실무 기본값 추정,14.0,RECORDED_HOURS,2.0,690000.0,STANDARD_PAID,"일반 유료 과정 (690,000원)",https://www.kma.or.kr/usrs/eduRegMgnt/eduRegInfoDetailForm.do?p_edutype_cd=001&p_crscd=111157&p_crsseq_id=124689&p_ctgry_id=685&p_hmpgcd=30&mkey=37226,TIER_1_READY,"핵심 역량 매핑 및 수강료 확인 완료, 즉시 추천 가능",난이도 미기재(실무 추정)
SQL_KMA_111399,[여의도] 맥킨지 방식의 비즈니스 보고서 작성 스킬,한국능률협회,KMA,SQLITE_DB,총무·사무행정,공통·사무기획,COMP_GA_01,문서작성 및 기획,문서작성 및 기획,1,VERIFIED_CORE,과정명/내용 내 핵심 역량 키워드(보고서) 및 직무 연관성 일치 확인,중급/실무,INFERRED_DEFAULT,명시적 난이도 키워드 미제공에 따른 실무 기본값 추정,14.0,RECORDED_HOURS,2.0,690000.0,STANDARD_PAID,"일반 유료 과정 (690,000원)",https://www.kma.or.kr/usrs/eduRegMgnt/eduRegInfoDetailForm.do?p_edutype_cd=001&p_crscd=111399&p_crsseq_id=125760&p_ctgry_id=557&p_hmpgcd=30&mkey=36325,TIER_1_READY,"핵심 역량 매핑 및 수강료 확인 완료, 즉시 추천 가능",난이도 미기재(실무 추정)
SQL_KMA_111158,[여의도] 일잘러의 AI 활용 기획 및 기획서 작성 A to Z,한국능률협회,KMA,SQLITE_DB,총무·사무행정,공통·사무기획,COMP_GA_01,문서작성 및 기획,문서작성 및 기획,1,VERIFIED_CORE,"과정명/내용 내 핵심 역량 키워드(기획, 기획서) 및 직무 연관성 일치 확인",중급/실무,INFERRED_DEFAULT,명시적 난이도 키워드 미제공에 따른 실무 기본값 추정,14.0,RECORDED_HOURS,2.0,690000.0,STANDARD_PAID,"일반 유료 과정 (690,000원)",https://www.kma.or.kr/usrs/eduRegMgnt/eduRegInfoDetailForm.do?p_edutype_cd=001&p_crscd=111158&p_crsseq_id=124696&p_ctgry_id=685&p_hmpgcd=30&mkey=37226,TIER_1_READY,"핵심 역량 매핑 및 수강료 확인 완료, 즉시 추천 가능",난이도 미기재(실무 추정)
SQL_KMA_111215,[비대면] AI로 더 빠른! 일잘러의 원페이지 보고서 작성 비법,한국능률협회,KMA,SQLITE_DB,총무·사무행정,공통·사무기획,COMP_GA_01,문서작성 및 기획,문서작성 및 기획,1,VERIFIED_CORE,과정명/내용 내 핵심 역량 키워드(보고서) 및 직무 연관성 일치 확인,중급/실무,INFERRED_DEFAULT,명시적 난이도 키워드 미제공에 따른 실무 기본값 추정,14.0,RECORDED_HOURS,2.0,590000.0,STANDARD_PAID,"일반 유료 과정 (590,000원)",https://www.kma.or.kr/usrs/eduRegMgnt/eduRegInfoDetailForm.do?p_edutype_cd=001&p_crscd=111215&p_crsseq_id=124953&p_ctgry_id=685&p_hmpgcd=30&mkey=37226,TIER_1_READY,"핵심 역량 매핑 및 수강료 확인 완료, 즉시 추천 가능",난이도 미기재(실무 추정)
SQL_KMA_111216,[비대면] 일잘러의 AI 활용 기획 및 기획서 작성 A to Z,한국능률협회,KMA,SQLITE_DB,총무·사무행정,공통·사무기획,COMP_GA_01,문서작성 및 기획,문서작성 및 기획,1,VERIFIED_CORE,"과정명/내용 내 핵심 역량 키워드(기획, 기획서) 및 직무 연관성 일치 확인",중급/실무,INFERRED_DEFAULT,명시적 난이도 키워드 미제공에 따른 실무 기본값 추정,14.0,RECORDED_HOURS,2.0,590000.0,STANDARD_PAID,"일반 유료 과정 (590,000원)",https://www.kma.or.kr/usrs/eduRegMgnt/eduRegInfoDetailForm.do?p_edutype_cd=001&p_crscd=111216&p_crsseq_id=124955&p_ctgry_id=685&p_hmpgcd=30&mkey=37226,TIER_1_READY,"핵심 역량 매핑 및 수강료 확인 완료, 즉시 추천 가능",난이도 미기재(실무 추정)
SQL_KMA_111394,[여의도] 맥킨지컨설팅 방식의 비즈니스 보고서 작성 실무,한국능률협회,KMA,SQLITE_DB,총무·사무행정,공통·사무기획,COMP_GA_01,문서작성 및 기획,문서작성 및 기획,1,VERIFIED_CORE,과정명/내용 내 핵심 역량 키워드(보고서) 및 직무 연관성 일치 확인,중급/실무,INFERRED_DEFAULT,명시적 난이도 키워드 미제공에 따른 실무 기본값 추정,14.0,RECORDED_HOURS,2.0,690000.0,STANDARD_PAID,"일반 유료 과정 (690,000원)",https://www.kma.or.kr/usrs/eduRegMgnt/eduRegInfoDetailForm.do?p_edutype_cd=001&p_crscd=111394&p_crsseq_id=125732&p_ctgry_id=557&p_hmpgcd=30&mkey=36325,TIER_1_READY,"핵심 역량 매핑 및 수강료 확인 완료, 즉시 추천 가능",난이도 미기재(실무 추정)
SQL_KMA_111398,[여의도] 한번에 통하는 원페이지 보고서 작성 실무,한국능률협회,KMA,SQLITE_DB,총무·사무행정,공통·사무기획,COMP_GA_01,문서작성 및 기획,문서작성 및 기획,1,VERIFIED_CORE,과정명/내용 내 핵심 역량 키워드(보고서) 및 직무 연관성 일치 확인,중급/실무,INFERRED_DEFAULT,명시적 난이도 키워드 미제공에 따른 실무 기본값 추정,14.0,RECORDED_HOURS,2.0,690000.0,STANDARD_PAID,"일반 유료 과정 (690,000원)",https://www.kma.or.kr/usrs/eduRegMgnt/eduRegInfoDetailForm.do?p_edutype_cd=001&p_crscd=111398&p_crsseq_id=125754&p_ctgry_id=557&p_hmpgcd=30&mkey=36325,TIER_1_READY,"핵심 역량 매핑 및 수강료 확인 완료, 즉시 추천 가능",난이도 미기재(실무 추정)
SQL_KMA_112195,[여의도] 한번에 통하는 원페이지 보고서 작성 스킬 (with AI),한국능률협회,KMA,SQLITE_DB,총무·사무행정,공통·사무기획,COMP_GA_01,문서작성 및 기획,문서작성 및 기획,1,VERIFIED_CORE,과정명/내용 내 핵심 역량 키워드(보고서) 및 직무 연관성 일치 확인,중급/실무,INFERRED_DEFAULT,명시적 난이도 키워드 미제공에 따른 실무 기본값 추정,14.0,RECORDED_HOURS,2.0,690000.0,STANDARD_PAID,"일반 유료 과정 (690,000원)",https://www.kma.or.kr/usrs/eduRegMgnt/eduRegInfoDetailForm.do?p_edutype_cd=001&p_crscd=112195&p_crsseq_id=128027&p_ctgry_id=561&p_hmpgcd=30&mkey=36329,TIER_1_READY,"핵심 역량 매핑 및 수강료 확인 완료, 즉시 추천 가능",난이도 미기재(실무 추정)
SQL_KMA_112193,[여의도] 맥킨지컨설팅 방식의 비즈니스 보고서 작성 실무 (with AI),한국능률협회,KMA,SQLITE_DB,총무·사무행정,공통·사무기획,COMP_GA_01,문서작성 및 기획,문서작성 및 기획,1,VERIFIED_CORE,과정명/내용 내 핵심 역량 키워드(보고서) 및 직무 연관성 일치 확인,중급/실무,INFERRED_DEFAULT,명시적 난이도 키워드 미제공에 따른 실무 기본값 추정,14.0,RECORDED_HOURS,2.0,690000.0,STANDARD_PAID,"일반 유료 과정 (690,000원)",https://www.kma.or.kr/usrs/eduRegMgnt/eduRegInfoDetailForm.do?p_edutype_cd=001&p_crscd=112193&p_crsseq_id=128018&p_ctgry_id=561&p_hmpgcd=30&mkey=36329,TIER_1_READY,"핵심 역량 매핑 및 수강료 확인 완료, 즉시 추천 가능",난이도 미기재(실무 추정)
SQL_KMA_112092,[여의도] 업무를 혁신하는 생성형AI 활용 텍스트 분석과 보고서 작성,한국능률협회,KMA,SQLITE_DB,총무·사무행정,공통·사무기획,COMP_GA_01,문서작성 및 기획,문서작성 및 기획,1,VERIFIED_CORE,과정명/내용 내 핵심 역량 키워드(보고서) 및 직무 연관성 일치 확인,중급/실무,INFERRED_DEFAULT,명시적 난이도 키워드 미제공에 따른 실무 기본값 추정,12.0,RECORDED_HOURS,2.0,720000.0,STANDARD_PAID,"일반 유료 과정 (720,000원)",https://www.kma.or.kr/usrs/eduRegMgnt/eduRegInfoDetailForm.do?p_edutype_cd=001&p_crscd=112092&p_crsseq_id=127495&p_ctgry_id=568&p_hmpgcd=30&mkey=36336,TIER_1_READY,"핵심 역량 매핑 및 수강료 확인 완료, 즉시 추천 가능",난이도 미기재(실무 추정)
SQL_KMA_111870,"[여의도] AI 활용, 기획안 설득력 · 기획서 전달력 마스터",한국능률협회,KMA,SQLITE_DB,총무·사무행정,공통·사무기획,COMP_GA_01,문서작성 및 기획,문서작성 및 기획,1,VERIFIED_CORE,"과정명/내용 내 핵심 역량 키워드(기획, 기획서) 및 직무 연관성 일치 확인",중급/실무,INFERRED_DEFAULT,명시적 난이도 키워드 미제공에 따른 실무 기본값 추정,7.0,RECORDED_HOURS,1.0,490000.0,STANDARD_PAID,"일반 유료 과정 (490,000원)",https://www.kma.or.kr/usrs/eduRegMgnt/eduRegInfoDetailForm.do?p_edutype_cd=001&p_crscd=111870&p_crsseq_id=127436&p_ctgry_id=698&p_hmpgcd=30&mkey=37240,TIER_1_READY,"핵심 역량 매핑 및 수강료 확인 완료, 즉시 추천 가능",난이도 미기재(실무 추정)
SQL_KMA_111311,"[여의도] 웹 데이터(논문, 뉴스, 특허) 수집 및 비정형 보고서 작성 실무",한국능률협회,KMA,SQLITE_DB,총무·사무행정,공통·사무기획,COMP_GA_01,문서작성 및 기획,문서작성 및 기획,1,VERIFIED_CORE,과정명/내용 내 핵심 역량 키워드(보고서) 및 직무 연관성 일치 확인,중급/실무,INFERRED_DEFAULT,명시적 난이도 키워드 미제공에 따른 실무 기본값 추정,12.0,RECORDED_HOURS,2.0,690000.0,STANDARD_PAID,"일반 유료 과정 (690,000원)",https://www.kma.or.kr/usrs/eduRegMgnt/eduRegInfoDetailForm.do?p_edutype_cd=001&p_crscd=111311&p_crsseq_id=125282&p_ctgry_id=568&p_hmpgcd=30&mkey=36336,TIER_1_READY,"핵심 역량 매핑 및 수강료 확인 완료, 즉시 추천 가능",난이도 미기재(실무 추정)
SQL_KMA_112095,[여의도] 클릭만으로 배우는 생성형 AI 빅데이터 분석 및 보고서 작성 (with 크롬확장프로그램),한국능률협회,KMA,SQLITE_DB,총무·사무행정,공통·사무기획,COMP_GA_01,문서작성 및 기획,문서작성 및 기획,1,VERIFIED_CORE,과정명/내용 내 핵심 역량 키워드(보고서) 및 직무 연관성 일치 확인,중급/실무,INFERRED_DEFAULT,명시적 난이도 키워드 미제공에 따른 실무 기본값 추정,14.0,RECORDED_HOURS,2.0,690000.0,STANDARD_PAID,"일반 유료 과정 (690,000원)",https://www.kma.or.kr/usrs/eduRegMgnt/eduRegInfoDetailForm.do?p_edutype_cd=001&p_crscd=112095&p_crsseq_id=127512&p_ctgry_id=568&p_hmpgcd=30&mkey=36336,TIER_1_READY,"핵심 역량 매핑 및 수강료 확인 완료, 즉시 추천 가능",난이도 미기재(실무 추정)
SQL_KMA_112093,"[여의도] 웹 데이터(논문, 뉴스, 특허) 수집 및 보고서 작성 (with 크롬확장프로그램)",한국능률협회,KMA,SQLITE_DB,총무·사무행정,공통·사무기획,COMP_GA_01,문서작성 및 기획,문서작성 및 기획,1,VERIFIED_CORE,과정명/내용 내 핵심 역량 키워드(보고서) 및 직무 연관성 일치 확인,중급/실무,INFERRED_DEFAULT,명시적 난이도 키워드 미제공에 따른 실무 기본값 추정,12.0,RECORDED_HOURS,2.0,690000.0,STANDARD_PAID,"일반 유료 과정 (690,000원)",https://www.kma.or.kr/usrs/eduRegMgnt/eduRegInfoDetailForm.do?p_edutype_cd=001&p_crscd=112093&p_crsseq_id=127503&p_ctgry_id=568&p_hmpgcd=30&mkey=36336,TIER_1_READY,"핵심 역량 매핑 및 수강료 확인 완료, 즉시 추천 가능",난이도 미기재(실무 추정)
SQL_KMA_111553,[여의도] 공공기관 실무자를 위한 보고서 작성 실무,한국능률협회,KMA,SQLITE_DB,총무·사무행정,공통·사무기획,COMP_GA_01,문서작성 및 기획,문서작성 및 기획,1,VERIFIED_CORE,과정명/내용 내 핵심 역량 키워드(보고서) 및 직무 연관성 일치 확인,중급/실무,INFERRED_DEFAULT,명시적 난이도 키워드 미제공에 따른 실무 기본값 추정,14.0,RECORDED_HOURS,2.0,690000.0,STANDARD_PAID,"일반 유료 과정 (690,000원)",https://www.kma.or.kr/usrs/eduRegMgnt/eduRegInfoDetailForm.do?p_edutype_cd=001&p_crscd=111553&p_crsseq_id=126304&p_ctgry_id=654&p_hmpgcd=30&mkey=37151,TIER_1_READY,"핵심 역량 매핑 및 수강료 확인 완료, 즉시 추천 가능",난이도 미기재(실무 추정)
SQL_KMA_111290,[여의도] AI기반 금융 데이터 분석 및 보고서 작성 자동화,한국능률협회,KMA,SQLITE_DB,총무·사무행정,공통·사무기획,COMP_GA_01,문서작성 및 기획,문서작성 및 기획,1,VERIFIED_CORE,과정명/내용 내 핵심 역량 키워드(보고서) 및 직무 연관성 일치 확인,중급/실무,INFERRED_DEFAULT,명시적 난이도 키워드 미제공에 따른 실무 기본값 추정,7.0,RECORDED_HOURS,1.0,490000.0,STANDARD_PAID,"일반 유료 과정 (490,000원)",https://www.kma.or.kr/usrs/eduRegMgnt/eduRegInfoDetailForm.do?p_edutype_cd=001&p_crscd=111290&p_crsseq_id=125201&p_ctgry_id=686&p_hmpgcd=30&mkey=37227,TIER_1_READY,"핵심 역량 매핑 및 수강료 확인 완료, 즉시 추천 가능",난이도 미기재(실무 추정)
SQL_KMA_111186,[여의도] HRD 전략과 교육체계 수립,한국능률협회,KMA,SQLITE_DB,인사·총무공통,인사·조직관리,COMP_GA_01,문서작성 및 기획,문서작성 및 기획,1,REVIEW_NEEDED,직무 적합 강좌이나 7대 핵심 역량 키워드가 본문에서 명확히 검출되지 않아 2차 내용 확인 필요,중급/실무,INFERRED_DEFAULT,명시적 난이도 키워드 미제공에 따른 실무 기본값 추정,14.0,RECORDED_HOURS,2.0,640000.0,STANDARD_PAID,"일반 유료 과정 (640,000원)",https://www.kma.or.kr/usrs/eduRegMgnt/eduRegInfoDetailForm.do?p_edutype_cd=001&p_crscd=111186&p_crsseq_id=124850&p_ctgry_id=659&p_hmpgcd=30&mkey=37146,TIER_2_CONDITIONAL,추천 가능하나 보조 정보(시수/비용/난이도) 검토 권장,"KSA 매핑 키워드 미검출, 난이도 미기재(실무 추정)"
SQL_KMA_111662,[여의도] HRD 성과평가 실무,한국능률협회,KMA,SQLITE_DB,인사·총무공통,인사·조직관리,COMP_GA_01,문서작성 및 기획,문서작성 및 기획,1,REVIEW_NEEDED,직무 적합 강좌이나 7대 핵심 역량 키워드가 본문에서 명확히 검출되지 않아 2차 내용 확인 필요,중급/실무,INFERRED_DEFAULT,명시적 난이도 키워드 미제공에 따른 실무 기본값 추정,7.0,RECORDED_HOURS,1.0,490000.0,STANDARD_PAID,"일반 유료 과정 (490,000원)",https://www.kma.or.kr/usrs/eduRegMgnt/eduRegInfoDetailForm.do?p_edutype_cd=001&p_crscd=111662&p_crsseq_id=126804&p_ctgry_id=659&p_hmpgcd=30&mkey=37146,TIER_2_CONDITIONAL,추천 가능하나 보조 정보(시수/비용/난이도) 검토 권장,"KSA 매핑 키워드 미검출, 난이도 미기재(실무 추정)"
SQL_KMA_111450,[여의도] 안정적인 노사관계를 위한 노동법 및 노사협의회 운영 실무,한국능률협회,KMA,SQLITE_DB,인사(HR),노무관리,COMP_LABOR_01,근로관계 법률 준수,근로관계 법률 준수,1,VERIFIED_CORE,"과정명/내용 내 핵심 역량 키워드(노동법, 노사) 및 직무 연관성 일치 확인",중급/실무,INFERRED_DEFAULT,명시적 난이도 키워드 미제공에 따른 실무 기본값 추정,7.0,RECORDED_HOURS,1.0,490000.0,STANDARD_PAID,"일반 유료 과정 (490,000원)",https://www.kma.or.kr/usrs/eduRegMgnt/eduRegInfoDetailForm.do?p_edutype_cd=001&p_crscd=111450&p_crsseq_id=125998&p_ctgry_id=661&p_hmpgcd=30&mkey=37148,TIER_1_READY,"핵심 역량 매핑 및 수강료 확인 완료, 즉시 추천 가능",난이도 미기재(실무 추정)
SQL_KMA_111439,[여의도] 인사담당자가 꼭 알아야 할 면접스킬,한국능률협회,KMA,SQLITE_DB,인사(HR),인사·채용관리,COMP_HR_01,인력채용,인력채용,1,VERIFIED_CORE,과정명/내용 내 핵심 역량 키워드(면접) 및 직무 연관성 일치 확인,중급/실무,INFERRED_DEFAULT,명시적 난이도 키워드 미제공에 따른 실무 기본값 추정,12.0,RECORDED_HOURS,2.0,690000.0,STANDARD_PAID,"일반 유료 과정 (690,000원)",https://www.kma.or.kr/usrs/eduRegMgnt/eduRegInfoDetailForm.do?p_edutype_cd=001&p_crscd=111439&p_crsseq_id=125958&p_ctgry_id=661&p_hmpgcd=30&mkey=37148,TIER_1_READY,"핵심 역량 매핑 및 수강료 확인 완료, 즉시 추천 가능",난이도 미기재(실무 추정)
SQL_KMA_111438,[여의도] 채용 법률과 트렌드: 실무자 필수 가이드,한국능률협회,KMA,SQLITE_DB,인사(HR),인사·채용관리,COMP_HR_01,인력채용,인력채용,1,VERIFIED_CORE,과정명/내용 내 핵심 역량 키워드(채용) 및 직무 연관성 일치 확인,중급/실무,INFERRED_DEFAULT,명시적 난이도 키워드 미제공에 따른 실무 기본값 추정,4.0,RECORDED_HOURS,1.0,390000.0,STANDARD_PAID,"일반 유료 과정 (390,000원)",https://www.kma.or.kr/usrs/eduRegMgnt/eduRegInfoDetailForm.do?p_edutype_cd=001&p_crscd=111438&p_crsseq_id=125954&p_ctgry_id=661&p_hmpgcd=30&mkey=37148,TIER_1_READY,"핵심 역량 매핑 및 수강료 확인 완료, 즉시 추천 가능",난이도 미기재(실무 추정)
SQL_KMA_111440,[여의도] 채용면접위원 양성,한국능률협회,KMA,SQLITE_DB,인사(HR),인사·채용관리,COMP_HR_01,인력채용,인력채용,1,VERIFIED_CORE,"과정명/내용 내 핵심 역량 키워드(채용, 면접) 및 직무 연관성 일치 확인",중급/실무,INFERRED_DEFAULT,명시적 난이도 키워드 미제공에 따른 실무 기본값 추정,12.0,RECORDED_HOURS,2.0,690000.0,STANDARD_PAID,"일반 유료 과정 (690,000원)",https://www.kma.or.kr/usrs/eduRegMgnt/eduRegInfoDetailForm.do?p_edutype_cd=001&p_crscd=111440&p_crsseq_id=125961&p_ctgry_id=661&p_hmpgcd=30&mkey=37148,TIER_1_READY,"핵심 역량 매핑 및 수강료 확인 완료, 즉시 추천 가능",난이도 미기재(실무 추정)
SQL_KMA_111205,"[강남] 성과 향상을 위한 인사평가(성과평가, 다면평가) 면담 Skill",한국능률협회,KMA,SQLITE_DB,인사(HR),인사·평가보상,COMP_HR_02,인사평가 및 보상,인사평가 및 보상,1,VERIFIED_CORE,"과정명/내용 내 핵심 역량 키워드(인사평가, 다면평가) 및 직무 연관성 일치 확인",중급/실무,INFERRED_DEFAULT,명시적 난이도 키워드 미제공에 따른 실무 기본값 추정,7.0,RECORDED_HOURS,1.0,490000.0,STANDARD_PAID,"일반 유료 과정 (490,000원)",https://www.kma.or.kr/usrs/eduRegMgnt/eduRegInfoDetailForm.do?p_edutype_cd=001&p_crscd=111205&p_crsseq_id=124937&p_ctgry_id=698&p_hmpgcd=30&mkey=37240,TIER_1_READY,"핵심 역량 매핑 및 수강료 확인 완료, 즉시 추천 가능",난이도 미기재(실무 추정)
SQL_KMA_112331,[여의도] 안정적인 노사관계를 위한 노동법 및 노사협의회 운영실무,한국능률협회,KMA,SQLITE_DB,인사(HR),노무관리,COMP_LABOR_01,근로관계 법률 준수,근로관계 법률 준수,1,VERIFIED_CORE,"과정명/내용 내 핵심 역량 키워드(노동법, 노사) 및 직무 연관성 일치 확인",중급/실무,INFERRED_DEFAULT,명시적 난이도 키워드 미제공에 따른 실무 기본값 추정,7.0,RECORDED_HOURS,1.0,490000.0,STANDARD_PAID,"일반 유료 과정 (490,000원)",https://www.kma.or.kr/usrs/eduRegMgnt/eduRegInfoDetailForm.do?p_edutype_cd=001&p_crscd=112331&p_crsseq_id=128542&p_ctgry_id=661&p_hmpgcd=30&mkey=37148,TIER_1_READY,"핵심 역량 매핑 및 수강료 확인 완료, 즉시 추천 가능",난이도 미기재(실무 추정)
SQL_KMA_112029,[온라인][자격] 채용면접전문가,한국능률협회,KMA,SQLITE_DB,인사(HR),인사·채용관리,COMP_HR_01,인력채용,인력채용,1,VERIFIED_CORE,"과정명/내용 내 핵심 역량 키워드(채용, 면접) 및 직무 연관성 일치 확인",고급/전문,EXPLICIT_KEYWORD,과정명 내 전문가·전략·관리자 명시적 키워드 보유,4.0,RECORDED_HOURS,30.0,300000.0,STANDARD_PAID,"일반 유료 과정 (300,000원)",https://www.kma.or.kr/usrs/eduRegMgnt/eduRegInfoDetailForm.do?p_edutype_cd=002&p_crscd=112029&p_crsseq_id=127366&p_ctgry_id=664&p_hmpgcd=30&mkey=37172,TIER_1_READY,"핵심 역량 매핑 및 수강료 확인 완료, 즉시 추천 가능",없음 (전수 검증)
SQL_KMA_110300,[자격][온라인] 채용전문면접관,한국능률협회,KMA,SQLITE_DB,인사(HR),인사·채용관리,COMP_HR_01,인력채용,인력채용,1,VERIFIED_CORE,"과정명/내용 내 핵심 역량 키워드(채용, 면접) 및 직무 연관성 일치 확인",중급/실무,INFERRED_DEFAULT,명시적 난이도 키워드 미제공에 따른 실무 기본값 추정,7.0,RECORDED_HOURS,30.0,300000.0,STANDARD_PAID,"일반 유료 과정 (300,000원)",https://www.kma.or.kr/usrs/eduRegMgnt/eduRegInfoDetailForm.do?p_edutype_cd=002&p_crscd=110300&p_crsseq_id=126735&p_ctgry_id=665&p_hmpgcd=30&mkey=37170,TIER_1_READY,"핵심 역량 매핑 및 수강료 확인 완료, 즉시 추천 가능",난이도 미기재(실무 추정)
SQL_KMA_112121,"[비대면] AI 시대, 실무에 바로 쓰는 공문서 및 보고서 작성 실무",한국능률협회,KMA,SQLITE_DB,총무·사무행정,공통·사무기획,COMP_GA_01,문서작성 및 기획,문서작성 및 기획,1,VERIFIED_CORE,"과정명/내용 내 핵심 역량 키워드(문서, 보고서, 공문서) 및 직무 연관성 일치 확인",중급/실무,INFERRED_DEFAULT,명시적 난이도 키워드 미제공에 따른 실무 기본값 추정,3.0,RECORDED_HOURS,1.0,350000.0,STANDARD_PAID,"일반 유료 과정 (350,000원)",https://www.kma.or.kr/usrs/eduRegMgnt/eduRegInfoDetailForm.do?p_edutype_cd=001&p_crscd=112121&p_crsseq_id=127624&p_ctgry_id=685&p_hmpgcd=30&mkey=37226,TIER_1_READY,"핵심 역량 매핑 및 수강료 확인 완료, 즉시 추천 가능",난이도 미기재(실무 추정)
SQL_KPC_47493,공공기관 보고서 작성 Total Skill Up(Feat. AI & 한글),한국생산성본부,KPC,SQLITE_DB,총무·사무행정,공통·사무기획,COMP_GA_01,문서작성 및 기획,문서작성 및 기획,1,VERIFIED_CORE,과정명/내용 내 핵심 역량 키워드(보고서) 및 직무 연관성 일치 확인,중급/실무,INFERRED_DEFAULT,명시적 난이도 키워드 미제공에 따른 실무 기본값 추정,14.0,RECORDED_HOURS,2.0,590000.0,STANDARD_PAID,"일반 유료 과정 (590,000원)",https://www.kpc.or.kr/PTWED003_dtil_view.do?ecno=47493&cono=151289,TIER_1_READY,"핵심 역량 매핑 및 수강료 확인 완료, 즉시 추천 가능",난이도 미기재(실무 추정)
SQL_KPC_46981,[온앤오프] 인사관리기본,한국생산성본부,KPC,SQLITE_DB,인사(HR),인사·조직관리,COMP_GA_01,문서작성 및 기획,문서작성 및 기획,1,REVIEW_NEEDED,직무 적합 강좌이나 7대 핵심 역량 키워드가 본문에서 명확히 검출되지 않아 2차 내용 확인 필요,입문/초급,EXPLICIT_KEYWORD,과정명 내 기초·입문·신입 명시적 키워드 보유,18.0,RECORDED_HOURS,3.0,700000.0,STANDARD_PAID,"일반 유료 과정 (700,000원)",https://www.kpc.or.kr/PTWED003_dtil_view.do?ecno=46981&cono=149644,TIER_2_CONDITIONAL,추천 가능하나 보조 정보(시수/비용/난이도) 검토 권장,KSA 매핑 키워드 미검출
SQL_KPC_47024,고충처리 실무(성희롱 · 괴롭힘) (feat. 조사보고서 작성까지),한국생산성본부,KPC,SQLITE_DB,총무·사무행정,공통·사무기획,COMP_GA_01,문서작성 및 기획,문서작성 및 기획,1,VERIFIED_CORE,과정명/내용 내 핵심 역량 키워드(보고서) 및 직무 연관성 일치 확인,중급/실무,INFERRED_DEFAULT,명시적 난이도 키워드 미제공에 따른 실무 기본값 추정,12.0,RECORDED_HOURS,2.0,600000.0,STANDARD_PAID,"일반 유료 과정 (600,000원)",https://www.kpc.or.kr/PTWED003_dtil_view.do?ecno=47024&cono=149792,TIER_1_READY,"핵심 역량 매핑 및 수강료 확인 완료, 즉시 추천 가능",난이도 미기재(실무 추정)
SQL_KPC_46984,[온앤오프] 인사담당자를 위한 노동법 완전정복,한국생산성본부,KPC,SQLITE_DB,인사(HR),노무관리,COMP_LABOR_01,근로관계 법률 준수,근로관계 법률 준수,1,VERIFIED_CORE,과정명/내용 내 핵심 역량 키워드(노동법) 및 직무 연관성 일치 확인,중급/실무,INFERRED_DEFAULT,명시적 난이도 키워드 미제공에 따른 실무 기본값 추정,18.0,RECORDED_HOURS,3.0,700000.0,STANDARD_PAID,"일반 유료 과정 (700,000원)",https://www.kpc.or.kr/PTWED003_dtil_view.do?ecno=46984&cono=157559,TIER_1_READY,"핵심 역량 매핑 및 수강료 확인 완료, 즉시 추천 가능",난이도 미기재(실무 추정)
SQL_KPC_47312,[HRD] 역량기반 교육체계 및 인재육성 로드맵 구축,한국생산성본부,KPC,SQLITE_DB,인사(HR),인사·조직관리,COMP_GA_01,문서작성 및 기획,문서작성 및 기획,1,REVIEW_NEEDED,직무 적합 강좌이나 7대 핵심 역량 키워드가 본문에서 명확히 검출되지 않아 2차 내용 확인 필요,중급/실무,INFERRED_DEFAULT,명시적 난이도 키워드 미제공에 따른 실무 기본값 추정,14.0,RECORDED_HOURS,2.0,570000.0,STANDARD_PAID,"일반 유료 과정 (570,000원)",https://www.kpc.or.kr/PTWED003_dtil_view.do?ecno=47312&cono=151171,TIER_2_CONDITIONAL,추천 가능하나 보조 정보(시수/비용/난이도) 검토 권장,"KSA 매핑 키워드 미검출, 난이도 미기재(실무 추정)"
SQL_KPC_48201,[AI] 관리자를 위한 AI활용 성과관리 역량향상,한국생산성본부,KPC,SQLITE_DB,인사(HR),인사·평가보상,COMP_HR_02,인사평가 및 보상,인사평가 및 보상,1,VERIFIED_CORE,과정명/내용 내 핵심 역량 키워드(성과관리) 및 직무 연관성 일치 확인,중급/실무,INFERRED_DEFAULT,명시적 난이도 키워드 미제공에 따른 실무 기본값 추정,7.0,RECORDED_HOURS,1.0,470000.0,STANDARD_PAID,"일반 유료 과정 (470,000원)",https://www.kpc.or.kr/PTWED003_dtil_view.do?ecno=48201&cono=155503,TIER_1_READY,"핵심 역량 매핑 및 수강료 확인 완료, 즉시 추천 가능",난이도 미기재(실무 추정)
SQL_KPC_47021,[DX&AI] 채용 분석 실무,한국생산성본부,KPC,SQLITE_DB,인사(HR),인사·채용관리,COMP_HR_01,인력채용,인력채용,1,VERIFIED_CORE,과정명/내용 내 핵심 역량 키워드(채용) 및 직무 연관성 일치 확인,중급/실무,INFERRED_DEFAULT,명시적 난이도 키워드 미제공에 따른 실무 기본값 추정,7.0,RECORDED_HOURS,1.0,360000.0,STANDARD_PAID,"일반 유료 과정 (360,000원)",https://www.kpc.or.kr/PTWED003_dtil_view.do?ecno=47021&cono=157542,TIER_1_READY,"핵심 역량 매핑 및 수강료 확인 완료, 즉시 추천 가능",난이도 미기재(실무 추정)
SQL_KPC_47484,1Page 보고서 작성(실무),한국생산성본부,KPC,SQLITE_DB,총무·사무행정,공통·사무기획,COMP_GA_01,문서작성 및 기획,문서작성 및 기획,1,VERIFIED_CORE,과정명/내용 내 핵심 역량 키워드(보고서) 및 직무 연관성 일치 확인,중급/실무,INFERRED_DEFAULT,명시적 난이도 키워드 미제공에 따른 실무 기본값 추정,7.0,RECORDED_HOURS,1.0,420000.0,STANDARD_PAID,"일반 유료 과정 (420,000원)",https://www.kpc.or.kr/PTWED003_dtil_view.do?ecno=47484&cono=151251,TIER_1_READY,"핵심 역량 매핑 및 수강료 확인 완료, 즉시 추천 가능",난이도 미기재(실무 추정)
SQL_KPC_48450,두산_인사 전문가_성과중심 인사평가,한국생산성본부,KPC,SQLITE_DB,인사(HR),인사·평가보상,COMP_HR_02,인사평가 및 보상,인사평가 및 보상,1,VERIFIED_CORE,과정명/내용 내 핵심 역량 키워드(인사평가) 및 직무 연관성 일치 확인,고급/전문,EXPLICIT_KEYWORD,과정명 내 전문가·전략·관리자 명시적 키워드 보유,14.0,RECORDED_HOURS,2.0,0.0,GOV_SUBSIDIZED_FREE,국비 전액 환급 또는 지자체 무료 e-러닝 과정 (0원),https://www.kpc.or.kr/PTWED003_dtil_view.do?ecno=48450&cono=156250,TIER_1_READY,"핵심 역량 매핑 및 수강료 확인 완료, 즉시 추천 가능",없음 (전수 검증)
SQL_KPC_46996,[온앤오프] 근로기준법실무,한국생산성본부,KPC,SQLITE_DB,인사(HR),노무관리,COMP_LABOR_01,근로관계 법률 준수,근로관계 법률 준수,1,VERIFIED_CORE,과정명/내용 내 핵심 역량 키워드(근로기준법) 및 직무 연관성 일치 확인,중급/실무,INFERRED_DEFAULT,명시적 난이도 키워드 미제공에 따른 실무 기본값 추정,18.0,RECORDED_HOURS,3.0,700000.0,STANDARD_PAID,"일반 유료 과정 (700,000원)",https://www.kpc.or.kr/PTWED003_dtil_view.do?ecno=46996&cono=149756,TIER_1_READY,"핵심 역량 매핑 및 수강료 확인 완료, 즉시 추천 가능",난이도 미기재(실무 추정)
SQL_KPC_47489,비즈니스문서작성실무,한국생산성본부,KPC,SQLITE_DB,총무·사무행정,공통·사무기획,COMP_GA_01,문서작성 및 기획,문서작성 및 기획,1,VERIFIED_CORE,과정명/내용 내 핵심 역량 키워드(문서) 및 직무 연관성 일치 확인,중급/실무,INFERRED_DEFAULT,명시적 난이도 키워드 미제공에 따른 실무 기본값 추정,18.0,RECORDED_HOURS,3.0,680000.0,STANDARD_PAID,"일반 유료 과정 (680,000원)",https://www.kpc.or.kr/PTWED003_dtil_view.do?ecno=47489&cono=151271,TIER_1_READY,"핵심 역량 매핑 및 수강료 확인 완료, 즉시 추천 가능",난이도 미기재(실무 추정)
SQL_KPC_47464,글로벌 비즈니스 매너,한국생산성본부,KPC,SQLITE_DB,총무·사무행정,비서·사무지원,COMP_SEC_01,비즈니스 매너 및 커뮤니케이션,비즈니스 매너 및 커뮤니케이션,1,VERIFIED_CORE,과정명/내용 내 핵심 역량 키워드(비즈니스 매너) 및 직무 연관성 일치 확인,중급/실무,INFERRED_DEFAULT,명시적 난이도 키워드 미제공에 따른 실무 기본값 추정,7.0,RECORDED_HOURS,1.0,360000.0,STANDARD_PAID,"일반 유료 과정 (360,000원)",https://www.kpc.or.kr/PTWED003_dtil_view.do?ecno=47464&cono=151642,TIER_1_READY,"핵심 역량 매핑 및 수강료 확인 완료, 즉시 추천 가능",난이도 미기재(실무 추정)
SQL_KPC_47303,[HRD] [사례중심] HRD실무역량 강화,한국생산성본부,KPC,SQLITE_DB,인사·총무공통,인사·조직관리,COMP_GA_01,문서작성 및 기획,문서작성 및 기획,1,REVIEW_NEEDED,직무 적합 강좌이나 7대 핵심 역량 키워드가 본문에서 명확히 검출되지 않아 2차 내용 확인 필요,중급/실무,INFERRED_DEFAULT,명시적 난이도 키워드 미제공에 따른 실무 기본값 추정,14.0,RECORDED_HOURS,2.0,570000.0,STANDARD_PAID,"일반 유료 과정 (570,000원)",https://www.kpc.or.kr/PTWED003_dtil_view.do?ecno=47303&cono=151162,TIER_2_CONDITIONAL,추천 가능하나 보조 정보(시수/비용/난이도) 검토 권장,"KSA 매핑 키워드 미검출, 난이도 미기재(실무 추정)"
SQL_KPC_47123,[AI 직무혁신] 부실기업의 재무적 특징과 보고서 작성실무,한국생산성본부,KPC,SQLITE_DB,총무·사무행정,공통·사무기획,COMP_GA_01,문서작성 및 기획,문서작성 및 기획,1,VERIFIED_CORE,과정명/내용 내 핵심 역량 키워드(보고서) 및 직무 연관성 일치 확인,중급/실무,INFERRED_DEFAULT,명시적 난이도 키워드 미제공에 따른 실무 기본값 추정,7.0,RECORDED_HOURS,1.0,300000.0,STANDARD_PAID,"일반 유료 과정 (300,000원)",https://www.kpc.or.kr/PTWED003_dtil_view.do?ecno=47123&cono=150018,TIER_1_READY,"핵심 역량 매핑 및 수강료 확인 완료, 즉시 추천 가능",난이도 미기재(실무 추정)
SQL_KPC_47257,[1Day] 인사담당자를 위한 계약서 완전정복,한국생산성본부,KPC,SQLITE_DB,인사(HR),인사·조직관리,COMP_GA_01,문서작성 및 기획,문서작성 및 기획,1,REVIEW_NEEDED,직무 적합 강좌이나 7대 핵심 역량 키워드가 본문에서 명확히 검출되지 않아 2차 내용 확인 필요,중급/실무,INFERRED_DEFAULT,명시적 난이도 키워드 미제공에 따른 실무 기본값 추정,6.0,RECORDED_HOURS,1.0,370000.0,STANDARD_PAID,"일반 유료 과정 (370,000원)",https://www.kpc.or.kr/PTWED003_dtil_view.do?ecno=47257&cono=151739,TIER_2_CONDITIONAL,추천 가능하나 보조 정보(시수/비용/난이도) 검토 권장,"KSA 매핑 키워드 미검출, 난이도 미기재(실무 추정)"
SQL_KPC_48405,[AI] [HRD] 교육담당자를 위한 AI프롬프트 엔지니어링,한국생산성본부,KPC,SQLITE_DB,인사·총무공통,인사·조직관리,COMP_GA_01,문서작성 및 기획,문서작성 및 기획,1,REVIEW_NEEDED,직무 적합 강좌이나 7대 핵심 역량 키워드가 본문에서 명확히 검출되지 않아 2차 내용 확인 필요,중급/실무,INFERRED_DEFAULT,명시적 난이도 키워드 미제공에 따른 실무 기본값 추정,7.0,RECORDED_HOURS,1.0,470000.0,STANDARD_PAID,"일반 유료 과정 (470,000원)",https://www.kpc.or.kr/PTWED003_dtil_view.do?ecno=48405&cono=156077,TIER_2_CONDITIONAL,추천 가능하나 보조 정보(시수/비용/난이도) 검토 권장,"KSA 매핑 키워드 미검출, 난이도 미기재(실무 추정)"
SQL_KPC_46676,[온앤오프] 기획담당자를 위한 전략기획서 작성실무,한국생산성본부,KPC,SQLITE_DB,총무·사무행정,공통·사무기획,COMP_GA_01,문서작성 및 기획,문서작성 및 기획,1,VERIFIED_CORE,"과정명/내용 내 핵심 역량 키워드(기획, 기획서) 및 직무 연관성 일치 확인",중급/실무,INFERRED_DEFAULT,명시적 난이도 키워드 미제공에 따른 실무 기본값 추정,18.0,RECORDED_HOURS,3.0,740000.0,STANDARD_PAID,"일반 유료 과정 (740,000원)",https://www.kpc.or.kr/PTWED003_dtil_view.do?ecno=46676&cono=148500,TIER_1_READY,"핵심 역량 매핑 및 수강료 확인 완료, 즉시 추천 가능",난이도 미기재(실무 추정)
SQL_KPC_47017,노동위원회 사례로 배우는 노무관리실무,한국생산성본부,KPC,SQLITE_DB,인사(HR),노무관리,COMP_LABOR_01,근로관계 법률 준수,근로관계 법률 준수,1,VERIFIED_CORE,과정명/내용 내 핵심 역량 키워드(노무) 및 직무 연관성 일치 확인,중급/실무,INFERRED_DEFAULT,명시적 난이도 키워드 미제공에 따른 실무 기본값 추정,14.0,RECORDED_HOURS,2.0,600000.0,STANDARD_PAID,"일반 유료 과정 (600,000원)",https://www.kpc.or.kr/PTWED003_dtil_view.do?ecno=47017&cono=149799,TIER_1_READY,"핵심 역량 매핑 및 수강료 확인 완료, 즉시 추천 가능",난이도 미기재(실무 추정)
SQL_KPC_46681,[AI WORKS] ChatGPT 활용 전략기획서 작성 실무,한국생산성본부,KPC,SQLITE_DB,총무·사무행정,공통·사무기획,COMP_GA_01,문서작성 및 기획,문서작성 및 기획,1,VERIFIED_CORE,"과정명/내용 내 핵심 역량 키워드(기획, 기획서) 및 직무 연관성 일치 확인",중급/실무,INFERRED_DEFAULT,명시적 난이도 키워드 미제공에 따른 실무 기본값 추정,7.0,RECORDED_HOURS,1.0,450000.0,STANDARD_PAID,"일반 유료 과정 (450,000원)",https://www.kpc.or.kr/PTWED003_dtil_view.do?ecno=46681&cono=148456,TIER_1_READY,"핵심 역량 매핑 및 수강료 확인 완료, 즉시 추천 가능",난이도 미기재(실무 추정)
SQL_KPC_47011,우수인재 선발을 위한 면접관 역량개발,한국생산성본부,KPC,SQLITE_DB,인사(HR),인사·채용관리,COMP_HR_01,인력채용,인력채용,1,VERIFIED_CORE,"과정명/내용 내 핵심 역량 키워드(면접, 선발) 및 직무 연관성 일치 확인",중급/실무,INFERRED_DEFAULT,명시적 난이도 키워드 미제공에 따른 실무 기본값 추정,7.0,RECORDED_HOURS,1.0,360000.0,STANDARD_PAID,"일반 유료 과정 (360,000원)",https://www.kpc.or.kr/PTWED003_dtil_view.do?ecno=47011&cono=157556,TIER_1_READY,"핵심 역량 매핑 및 수강료 확인 완료, 즉시 추천 가능",난이도 미기재(실무 추정)
SQL_KPC_49013,[하루완성] 설득력 있는 보고서 작성 핵심 스킬,한국생산성본부,KPC,SQLITE_DB,총무·사무행정,공통·사무기획,COMP_GA_01,문서작성 및 기획,문서작성 및 기획,1,VERIFIED_CORE,과정명/내용 내 핵심 역량 키워드(보고서) 및 직무 연관성 일치 확인,중급/실무,INFERRED_DEFAULT,명시적 난이도 키워드 미제공에 따른 실무 기본값 추정,7.0,RECORDED_HOURS,1.0,420000.0,STANDARD_PAID,"일반 유료 과정 (420,000원)",https://www.kpc.or.kr/PTWED003_dtil_view.do?ecno=49013&cono=157935,TIER_1_READY,"핵심 역량 매핑 및 수강료 확인 완료, 즉시 추천 가능",난이도 미기재(실무 추정)
SQL_KPC_49312,2026년 KPC HRD 트렌드 세미나(무료),한국생산성본부,KPC,SQLITE_DB,인사·총무공통,인사·조직관리,COMP_GA_01,문서작성 및 기획,문서작성 및 기획,1,REVIEW_NEEDED,직무 적합 강좌이나 7대 핵심 역량 키워드가 본문에서 명확히 검출되지 않아 2차 내용 확인 필요,중급/실무,INFERRED_DEFAULT,명시적 난이도 키워드 미제공에 따른 실무 기본값 추정,3.0,RECORDED_HOURS,1.0,0.0,GOV_SUBSIDIZED_FREE,국비 전액 환급 또는 지자체 무료 e-러닝 과정 (0원),https://www.kpc.or.kr/PTWED003_dtil_view.do?ecno=49312&cono=159001,TIER_2_CONDITIONAL,추천 가능하나 보조 정보(시수/비용/난이도) 검토 권장,"KSA 매핑 키워드 미검출, 난이도 미기재(실무 추정)"
SQL_KPC_47005,2026년 하루에 배우는 최신노무관리 Essence,한국생산성본부,KPC,SQLITE_DB,인사(HR),노무관리,COMP_LABOR_01,근로관계 법률 준수,근로관계 법률 준수,1,VERIFIED_CORE,과정명/내용 내 핵심 역량 키워드(노무) 및 직무 연관성 일치 확인,중급/실무,INFERRED_DEFAULT,명시적 난이도 키워드 미제공에 따른 실무 기본값 추정,7.0,RECORDED_HOURS,1.0,360000.0,STANDARD_PAID,"일반 유료 과정 (360,000원)",https://www.kpc.or.kr/PTWED003_dtil_view.do?ecno=47005&cono=156435,TIER_1_READY,"핵심 역량 매핑 및 수강료 확인 완료, 즉시 추천 가능",난이도 미기재(실무 추정)
SQL_KPC_47302,[HRD] [Advanced] HRD전문가 양성과정,한국생산성본부,KPC,SQLITE_DB,인사·총무공통,인사·조직관리,COMP_GA_01,문서작성 및 기획,문서작성 및 기획,1,REVIEW_NEEDED,직무 적합 강좌이나 7대 핵심 역량 키워드가 본문에서 명확히 검출되지 않아 2차 내용 확인 필요,고급/전문,EXPLICIT_KEYWORD,과정명 내 전문가·전략·관리자 명시적 키워드 보유,21.0,RECORDED_HOURS,3.0,730000.0,STANDARD_PAID,"일반 유료 과정 (730,000원)",https://www.kpc.or.kr/PTWED003_dtil_view.do?ecno=47302&cono=151141,TIER_2_CONDITIONAL,추천 가능하나 보조 정보(시수/비용/난이도) 검토 권장,KSA 매핑 키워드 미검출
SQL_KPC_47306,[HRD] 교육기획 및 운영실무,한국생산성본부,KPC,SQLITE_DB,인사·총무공통,인사·조직관리,COMP_GA_01,문서작성 및 기획,문서작성 및 기획,1,VERIFIED_CORE,과정명/내용 내 핵심 역량 키워드(기획) 및 직무 연관성 일치 확인,중급/실무,INFERRED_DEFAULT,명시적 난이도 키워드 미제공에 따른 실무 기본값 추정,18.0,RECORDED_HOURS,3.0,670000.0,STANDARD_PAID,"일반 유료 과정 (670,000원)",https://www.kpc.or.kr/PTWED003_dtil_view.do?ecno=47306&cono=151157,TIER_1_READY,"핵심 역량 매핑 및 수강료 확인 완료, 즉시 추천 가능",난이도 미기재(실무 추정)
SQL_KPC_46982,[온앤오프] 인사관리종합,한국생산성본부,KPC,SQLITE_DB,인사(HR),인사·조직관리,COMP_GA_01,문서작성 및 기획,문서작성 및 기획,1,REVIEW_NEEDED,직무 적합 강좌이나 7대 핵심 역량 키워드가 본문에서 명확히 검출되지 않아 2차 내용 확인 필요,중급/실무,INFERRED_DEFAULT,명시적 난이도 키워드 미제공에 따른 실무 기본값 추정,18.0,RECORDED_HOURS,3.0,700000.0,STANDARD_PAID,"일반 유료 과정 (700,000원)",https://www.kpc.or.kr/PTWED003_dtil_view.do?ecno=46982&cono=149636,TIER_2_CONDITIONAL,추천 가능하나 보조 정보(시수/비용/난이도) 검토 권장,"KSA 매핑 키워드 미검출, 난이도 미기재(실무 추정)"
SQL_KPC_48871,"[1Day] 인사평가 트랜드, 절대평가와 Calibration Meeting",한국생산성본부,KPC,SQLITE_DB,인사(HR),인사·평가보상,COMP_HR_02,인사평가 및 보상,인사평가 및 보상,1,VERIFIED_CORE,과정명/내용 내 핵심 역량 키워드(인사평가) 및 직무 연관성 일치 확인,중급/실무,INFERRED_DEFAULT,명시적 난이도 키워드 미제공에 따른 실무 기본값 추정,7.0,RECORDED_HOURS,1.0,0.0,GOV_SUBSIDIZED_FREE,국비 전액 환급 또는 지자체 무료 e-러닝 과정 (0원),https://www.kpc.or.kr/PTWED003_dtil_view.do?ecno=48871&cono=157540,TIER_1_READY,"핵심 역량 매핑 및 수강료 확인 완료, 즉시 추천 가능",난이도 미기재(실무 추정)
SQL_KPC_47001,[온앤오프] 근로기준법 기본해설,한국생산성본부,KPC,SQLITE_DB,인사(HR),노무관리,COMP_LABOR_01,근로관계 법률 준수,근로관계 법률 준수,1,VERIFIED_CORE,과정명/내용 내 핵심 역량 키워드(근로기준법) 및 직무 연관성 일치 확인,입문/초급,EXPLICIT_KEYWORD,과정명 내 기초·입문·신입 명시적 키워드 보유,18.0,RECORDED_HOURS,3.0,700000.0,STANDARD_PAID,"일반 유료 과정 (700,000원)",https://www.kpc.or.kr/PTWED003_dtil_view.do?ecno=47001&cono=149763,TIER_1_READY,"핵심 역량 매핑 및 수강료 확인 완료, 즉시 추천 가능",없음 (전수 검증)
SQL_KPC_47841,"(ChatGPT 활용) 마케팅 보고서 작성 실무 (분석, 보고서, PPT 작성까지)(지역)",한국생산성본부,KPC,SQLITE_DB,총무·사무행정,공통·사무기획,COMP_GA_01,문서작성 및 기획,문서작성 및 기획,1,VERIFIED_CORE,과정명/내용 내 핵심 역량 키워드(보고서) 및 직무 연관성 일치 확인,중급/실무,INFERRED_DEFAULT,명시적 난이도 키워드 미제공에 따른 실무 기본값 추정,7.0,RECORDED_HOURS,1.0,290000.0,STANDARD_PAID,"일반 유료 과정 (290,000원)",https://www.kpc.or.kr/PTWED003_dtil_view.do?ecno=47841&cono=153109,TIER_1_READY,"핵심 역량 매핑 및 수강료 확인 완료, 즉시 추천 가능",난이도 미기재(실무 추정)
SQL_KPC_47301,[온보딩] 슬기로운 조직생활,한국생산성본부,KPC,SQLITE_DB,인사(HR),인사·채용관리,COMP_HR_01,인력채용,인력채용,1,VERIFIED_CORE,과정명/내용 내 핵심 역량 키워드(온보딩) 및 직무 연관성 일치 확인,중급/실무,INFERRED_DEFAULT,명시적 난이도 키워드 미제공에 따른 실무 기본값 추정,14.0,RECORDED_HOURS,2.0,570000.0,STANDARD_PAID,"일반 유료 과정 (570,000원)",https://www.kpc.or.kr/PTWED003_dtil_view.do?ecno=47301&cono=158546,TIER_1_READY,"핵심 역량 매핑 및 수강료 확인 완료, 즉시 추천 가능",난이도 미기재(실무 추정)
SQL_KPC_46979,[온앤오프] HR·GA 온보딩 패키지,한국생산성본부,KPC,SQLITE_DB,인사(HR),인사·채용관리,COMP_HR_01,인력채용,인력채용,1,VERIFIED_CORE,과정명/내용 내 핵심 역량 키워드(온보딩) 및 직무 연관성 일치 확인,중급/실무,INFERRED_DEFAULT,명시적 난이도 키워드 미제공에 따른 실무 기본값 추정,14.0,RECORDED_HOURS,2.0,600000.0,STANDARD_PAID,"일반 유료 과정 (600,000원)",https://www.kpc.or.kr/PTWED003_dtil_view.do?ecno=46979&cono=157552,TIER_1_READY,"핵심 역량 매핑 및 수강료 확인 완료, 즉시 추천 가능",난이도 미기재(실무 추정)
SQL_KPC_46980,성과관리실무,한국생산성본부,KPC,SQLITE_DB,인사(HR),인사·평가보상,COMP_HR_02,인사평가 및 보상,인사평가 및 보상,1,VERIFIED_CORE,과정명/내용 내 핵심 역량 키워드(성과관리) 및 직무 연관성 일치 확인,중급/실무,INFERRED_DEFAULT,명시적 난이도 키워드 미제공에 따른 실무 기본값 추정,18.0,RECORDED_HOURS,3.0,700000.0,STANDARD_PAID,"일반 유료 과정 (700,000원)",https://www.kpc.or.kr/PTWED003_dtil_view.do?ecno=46980&cono=149684,TIER_1_READY,"핵심 역량 매핑 및 수강료 확인 완료, 즉시 추천 가능",난이도 미기재(실무 추정)
SQL_KPC_47362,1page 연구보고서 작성 노하우,한국생산성본부,KPC,SQLITE_DB,총무·사무행정,공통·사무기획,COMP_GA_01,문서작성 및 기획,문서작성 및 기획,1,VERIFIED_CORE,과정명/내용 내 핵심 역량 키워드(보고서) 및 직무 연관성 일치 확인,중급/실무,INFERRED_DEFAULT,명시적 난이도 키워드 미제공에 따른 실무 기본값 추정,7.0,RECORDED_HOURS,1.0,290000.0,STANDARD_PAID,"일반 유료 과정 (290,000원)",https://www.kpc.or.kr/PTWED003_dtil_view.do?ecno=47362&cono=157458,TIER_1_READY,"핵심 역량 매핑 및 수강료 확인 완료, 즉시 추천 가능",난이도 미기재(실무 추정)
SQL_KPC_46976,인사평가시스템 구축실무,한국생산성본부,KPC,SQLITE_DB,인사(HR),인사·평가보상,COMP_HR_02,인사평가 및 보상,인사평가 및 보상,1,VERIFIED_CORE,과정명/내용 내 핵심 역량 키워드(인사평가) 및 직무 연관성 일치 확인,중급/실무,INFERRED_DEFAULT,명시적 난이도 키워드 미제공에 따른 실무 기본값 추정,18.0,RECORDED_HOURS,3.0,700000.0,STANDARD_PAID,"일반 유료 과정 (700,000원)",https://www.kpc.or.kr/PTWED003_dtil_view.do?ecno=46976&cono=157561,TIER_1_READY,"핵심 역량 매핑 및 수강료 확인 완료, 즉시 추천 가능",난이도 미기재(실무 추정)
SQL_KPC_46714,[AI WORKS] AI 활용 ESG 보고서 작성 효율화,한국생산성본부,KPC,SQLITE_DB,총무·사무행정,공통·사무기획,COMP_GA_01,문서작성 및 기획,문서작성 및 기획,1,VERIFIED_CORE,과정명/내용 내 핵심 역량 키워드(보고서) 및 직무 연관성 일치 확인,중급/실무,INFERRED_DEFAULT,명시적 난이도 키워드 미제공에 따른 실무 기본값 추정,7.0,RECORDED_HOURS,1.0,420000.0,STANDARD_PAID,"일반 유료 과정 (420,000원)",https://www.kpc.or.kr/PTWED003_dtil_view.do?ecno=46714&cono=148678,TIER_1_READY,"핵심 역량 매핑 및 수강료 확인 완료, 즉시 추천 가능",난이도 미기재(실무 추정)
SQL_KPC_47487,엑셀을 활용한 보고서 작성,한국생산성본부,KPC,SQLITE_DB,총무·사무행정,공통·사무기획,COMP_GA_01,문서작성 및 기획,문서작성 및 기획,1,VERIFIED_CORE,"과정명/내용 내 핵심 역량 키워드(보고서, 엑셀) 및 직무 연관성 일치 확인",중급/실무,INFERRED_DEFAULT,명시적 난이도 키워드 미제공에 따른 실무 기본값 추정,7.0,RECORDED_HOURS,1.0,420000.0,STANDARD_PAID,"일반 유료 과정 (420,000원)",https://www.kpc.or.kr/PTWED003_dtil_view.do?ecno=47487&cono=151301,TIER_1_READY,"핵심 역량 매핑 및 수강료 확인 완료, 즉시 추천 가능",난이도 미기재(실무 추정)
SQL_KPC_47354,연구데이터 분석 및 보고서 작성(데이터로 말하기),한국생산성본부,KPC,SQLITE_DB,총무·사무행정,공통·사무기획,COMP_GA_01,문서작성 및 기획,문서작성 및 기획,1,VERIFIED_CORE,과정명/내용 내 핵심 역량 키워드(보고서) 및 직무 연관성 일치 확인,중급/실무,INFERRED_DEFAULT,명시적 난이도 키워드 미제공에 따른 실무 기본값 추정,14.0,RECORDED_HOURS,2.0,550000.0,STANDARD_PAID,"일반 유료 과정 (550,000원)",https://www.kpc.or.kr/PTWED003_dtil_view.do?ecno=47354&cono=151869,TIER_1_READY,"핵심 역량 매핑 및 수강료 확인 완료, 즉시 추천 가능",난이도 미기재(실무 추정)
SQL_KPC_47022,[DX&AI] 평가보상 설계 실무(밀코비치 기반),한국생산성본부,KPC,SQLITE_DB,인사(HR),인사·평가보상,COMP_HR_02,인사평가 및 보상,인사평가 및 보상,1,VERIFIED_CORE,과정명/내용 내 핵심 역량 키워드(평가보상) 및 직무 연관성 일치 확인,중급/실무,INFERRED_DEFAULT,명시적 난이도 키워드 미제공에 따른 실무 기본값 추정,7.0,RECORDED_HOURS,1.0,360000.0,STANDARD_PAID,"일반 유료 과정 (360,000원)",https://www.kpc.or.kr/PTWED003_dtil_view.do?ecno=47022&cono=157545,TIER_1_READY,"핵심 역량 매핑 및 수강료 확인 완료, 즉시 추천 가능",난이도 미기재(실무 추정)
SQL_KPC_47648,영업이익분석 및 성과관리 실무 (생성형 AI 활용),한국생산성본부,KPC,SQLITE_DB,인사(HR),인사·평가보상,COMP_HR_02,인사평가 및 보상,인사평가 및 보상,1,VERIFIED_CORE,과정명/내용 내 핵심 역량 키워드(성과관리) 및 직무 연관성 일치 확인,중급/실무,INFERRED_DEFAULT,명시적 난이도 키워드 미제공에 따른 실무 기본값 추정,14.0,RECORDED_HOURS,2.0,580000.0,STANDARD_PAID,"일반 유료 과정 (580,000원)",https://www.kpc.or.kr/PTWED003_dtil_view.do?ecno=47648&cono=153286,TIER_1_READY,"핵심 역량 매핑 및 수강료 확인 완료, 즉시 추천 가능",난이도 미기재(실무 추정)
SQL_KPC_46645,[온앤오프] 공공기관 경영평가 보고서 작성실무,한국생산성본부,KPC,SQLITE_DB,총무·사무행정,공통·사무기획,COMP_GA_01,문서작성 및 기획,문서작성 및 기획,1,VERIFIED_CORE,과정명/내용 내 핵심 역량 키워드(보고서) 및 직무 연관성 일치 확인,중급/실무,INFERRED_DEFAULT,명시적 난이도 키워드 미제공에 따른 실무 기본값 추정,14.0,RECORDED_HOURS,2.0,760000.0,STANDARD_PAID,"일반 유료 과정 (760,000원)",https://www.kpc.or.kr/PTWED003_dtil_view.do?ecno=46645&cono=148637,TIER_1_READY,"핵심 역량 매핑 및 수강료 확인 완료, 즉시 추천 가능",난이도 미기재(실무 추정)
SQL_KPC_47307,[HRD] HRD담당자 기본,한국생산성본부,KPC,SQLITE_DB,인사·총무공통,인사·조직관리,COMP_GA_01,문서작성 및 기획,문서작성 및 기획,1,REVIEW_NEEDED,직무 적합 강좌이나 7대 핵심 역량 키워드가 본문에서 명확히 검출되지 않아 2차 내용 확인 필요,입문/초급,EXPLICIT_KEYWORD,과정명 내 기초·입문·신입 명시적 키워드 보유,18.0,RECORDED_HOURS,3.0,670000.0,STANDARD_PAID,"일반 유료 과정 (670,000원)",https://www.kpc.or.kr/PTWED003_dtil_view.do?ecno=47307&cono=151147,TIER_2_CONDITIONAL,추천 가능하나 보조 정보(시수/비용/난이도) 검토 권장,KSA 매핑 키워드 미검출
SQL_KPC_46995,[온앤오프] 채용에서 퇴직까지 법률문제,한국생산성본부,KPC,SQLITE_DB,인사(HR),인사·채용관리,COMP_HR_01,인력채용,"인력채용, 근로관계 법률 준수",2,VERIFIED_CORE,과정명/내용 내 핵심 역량 키워드(채용) 및 직무 연관성 일치 확인,중급/실무,INFERRED_DEFAULT,명시적 난이도 키워드 미제공에 따른 실무 기본값 추정,18.0,RECORDED_HOURS,3.0,700000.0,STANDARD_PAID,"일반 유료 과정 (700,000원)",https://www.kpc.or.kr/PTWED003_dtil_view.do?ecno=46995&cono=149744,TIER_1_READY,"핵심 역량 매핑 및 수강료 확인 완료, 즉시 추천 가능",난이도 미기재(실무 추정)
SQL_KPC_47304,[HRD] 교육평가 및 결과보고서 작성실무,한국생산성본부,KPC,SQLITE_DB,총무·사무행정,공통·사무기획,COMP_GA_01,문서작성 및 기획,문서작성 및 기획,1,VERIFIED_CORE,과정명/내용 내 핵심 역량 키워드(보고서) 및 직무 연관성 일치 확인,중급/실무,INFERRED_DEFAULT,명시적 난이도 키워드 미제공에 따른 실무 기본값 추정,14.0,RECORDED_HOURS,2.0,570000.0,STANDARD_PAID,"일반 유료 과정 (570,000원)",https://www.kpc.or.kr/PTWED003_dtil_view.do?ecno=47304&cono=151168,TIER_1_READY,"핵심 역량 매핑 및 수강료 확인 완료, 즉시 추천 가능",난이도 미기재(실무 추정)
SQL_KPC_46698,"ESG, 지속가능경영보고서 작성실무",한국생산성본부,KPC,SQLITE_DB,총무·사무행정,공통·사무기획,COMP_GA_01,문서작성 및 기획,문서작성 및 기획,1,VERIFIED_CORE,과정명/내용 내 핵심 역량 키워드(보고서) 및 직무 연관성 일치 확인,중급/실무,INFERRED_DEFAULT,명시적 난이도 키워드 미제공에 따른 실무 기본값 추정,14.0,RECORDED_HOURS,2.0,740000.0,STANDARD_PAID,"일반 유료 과정 (740,000원)",https://www.kpc.or.kr/PTWED003_dtil_view.do?ecno=46698&cono=148682,TIER_1_READY,"핵심 역량 매핑 및 수강료 확인 완료, 즉시 추천 가능",난이도 미기재(실무 추정)
SQL_KPC_47366,ChatGPT로 배우는 R&D 기획서 작성 실무,한국생산성본부,KPC,SQLITE_DB,총무·사무행정,공통·사무기획,COMP_GA_01,문서작성 및 기획,문서작성 및 기획,1,VERIFIED_CORE,"과정명/내용 내 핵심 역량 키워드(기획, 기획서) 및 직무 연관성 일치 확인",중급/실무,INFERRED_DEFAULT,명시적 난이도 키워드 미제공에 따른 실무 기본값 추정,14.0,RECORDED_HOURS,2.0,550000.0,STANDARD_PAID,"일반 유료 과정 (550,000원)",https://www.kpc.or.kr/PTWED003_dtil_view.do?ecno=47366&cono=151859,TIER_1_READY,"핵심 역량 매핑 및 수강료 확인 완료, 즉시 추천 가능",난이도 미기재(실무 추정)
SQL_KPC_47305,[HRD] 직무분석을 활용한 교육프로그램 개발,한국생산성본부,KPC,SQLITE_DB,인사·총무공통,인사·조직관리,COMP_GA_01,문서작성 및 기획,문서작성 및 기획,1,REVIEW_NEEDED,직무 적합 강좌이나 7대 핵심 역량 키워드가 본문에서 명확히 검출되지 않아 2차 내용 확인 필요,중급/실무,INFERRED_DEFAULT,명시적 난이도 키워드 미제공에 따른 실무 기본값 추정,14.0,RECORDED_HOURS,2.0,560000.0,STANDARD_PAID,"일반 유료 과정 (560,000원)",https://www.kpc.or.kr/PTWED003_dtil_view.do?ecno=47305&cono=151165,TIER_2_CONDITIONAL,추천 가능하나 보조 정보(시수/비용/난이도) 검토 권장,"KSA 매핑 키워드 미검출, 난이도 미기재(실무 추정)"
SQL_KPC_47003,[온앤오프] 현장에서 알아야 하는 노무관리 솔루션,한국생산성본부,KPC,SQLITE_DB,인사(HR),노무관리,COMP_LABOR_01,근로관계 법률 준수,근로관계 법률 준수,1,VERIFIED_CORE,과정명/내용 내 핵심 역량 키워드(노무) 및 직무 연관성 일치 확인,중급/실무,INFERRED_DEFAULT,명시적 난이도 키워드 미제공에 따른 실무 기본값 추정,18.0,RECORDED_HOURS,3.0,700000.0,STANDARD_PAID,"일반 유료 과정 (700,000원)",https://www.kpc.or.kr/PTWED003_dtil_view.do?ecno=47003&cono=149790,TIER_1_READY,"핵심 역량 매핑 및 수강료 확인 완료, 즉시 추천 가능",난이도 미기재(실무 추정)
SQL_KPC_47009,[온앤오프] 노동법 핵심해설,한국생산성본부,KPC,SQLITE_DB,인사(HR),노무관리,COMP_LABOR_01,근로관계 법률 준수,근로관계 법률 준수,1,VERIFIED_CORE,과정명/내용 내 핵심 역량 키워드(노동법) 및 직무 연관성 일치 확인,중급/실무,INFERRED_DEFAULT,명시적 난이도 키워드 미제공에 따른 실무 기본값 추정,18.0,RECORDED_HOURS,3.0,700000.0,STANDARD_PAID,"일반 유료 과정 (700,000원)",https://www.kpc.or.kr/PTWED003_dtil_view.do?ecno=47009&cono=149734,TIER_1_READY,"핵심 역량 매핑 및 수강료 확인 완료, 즉시 추천 가능",난이도 미기재(실무 추정)
SQL_KPC_46993,[인력계획부터 육성까지] 인사기획실무,한국생산성본부,KPC,SQLITE_DB,인사(HR),인사·조직관리,COMP_GA_01,문서작성 및 기획,문서작성 및 기획,1,VERIFIED_CORE,과정명/내용 내 핵심 역량 키워드(기획) 및 직무 연관성 일치 확인,중급/실무,INFERRED_DEFAULT,명시적 난이도 키워드 미제공에 따른 실무 기본값 추정,18.0,RECORDED_HOURS,3.0,700000.0,STANDARD_PAID,"일반 유료 과정 (700,000원)",https://www.kpc.or.kr/PTWED003_dtil_view.do?ecno=46993&cono=149657,TIER_1_READY,"핵심 역량 매핑 및 수강료 확인 완료, 즉시 추천 가능",난이도 미기재(실무 추정)
SQL_KPC_47210,구성원을 성장시키는 성과관리 리더십,한국생산성본부,KPC,SQLITE_DB,인사(HR),인사·평가보상,COMP_HR_02,인사평가 및 보상,인사평가 및 보상,1,VERIFIED_CORE,과정명/내용 내 핵심 역량 키워드(성과관리) 및 직무 연관성 일치 확인,중급/실무,INFERRED_DEFAULT,명시적 난이도 키워드 미제공에 따른 실무 기본값 추정,14.0,RECORDED_HOURS,2.0,570000.0,STANDARD_PAID,"일반 유료 과정 (570,000원)",https://www.kpc.or.kr/PTWED003_dtil_view.do?ecno=47210&cono=150994,TIER_1_READY,"핵심 역량 매핑 및 수강료 확인 완료, 즉시 추천 가능",난이도 미기재(실무 추정)
SQL_KPC_47016,노동법 쟁점 88선 해설,한국생산성본부,KPC,SQLITE_DB,인사(HR),노무관리,COMP_LABOR_01,근로관계 법률 준수,근로관계 법률 준수,1,VERIFIED_CORE,과정명/내용 내 핵심 역량 키워드(노동법) 및 직무 연관성 일치 확인,중급/실무,INFERRED_DEFAULT,명시적 난이도 키워드 미제공에 따른 실무 기본값 추정,14.0,RECORDED_HOURS,2.0,600000.0,STANDARD_PAID,"일반 유료 과정 (600,000원)",https://www.kpc.or.kr/PTWED003_dtil_view.do?ecno=47016&cono=149794,TIER_1_READY,"핵심 역량 매핑 및 수강료 확인 완료, 즉시 추천 가능",난이도 미기재(실무 추정)
SQL_KPC_46998,Case Story와 함께하는 노무관리,한국생산성본부,KPC,SQLITE_DB,인사(HR),노무관리,COMP_LABOR_01,근로관계 법률 준수,근로관계 법률 준수,1,VERIFIED_CORE,과정명/내용 내 핵심 역량 키워드(노무) 및 직무 연관성 일치 확인,중급/실무,INFERRED_DEFAULT,명시적 난이도 키워드 미제공에 따른 실무 기본값 추정,14.0,RECORDED_HOURS,2.0,600000.0,STANDARD_PAID,"일반 유료 과정 (600,000원)",https://www.kpc.or.kr/PTWED003_dtil_view.do?ecno=46998&cono=149779,TIER_1_READY,"핵심 역량 매핑 및 수강료 확인 완료, 즉시 추천 가능",난이도 미기재(실무 추정)
SQL_KPC_48063,[HRD] [사례중심] 신규 HRD담당자를 위한 1DAY 핵심 스킬업,한국생산성본부,KPC,SQLITE_DB,인사·총무공통,인사·조직관리,COMP_GA_01,문서작성 및 기획,문서작성 및 기획,1,REVIEW_NEEDED,직무 적합 강좌이나 7대 핵심 역량 키워드가 본문에서 명확히 검출되지 않아 2차 내용 확인 필요,중급/실무,INFERRED_DEFAULT,명시적 난이도 키워드 미제공에 따른 실무 기본값 추정,7.0,RECORDED_HOURS,1.0,470000.0,STANDARD_PAID,"일반 유료 과정 (470,000원)",https://www.kpc.or.kr/PTWED003_dtil_view.do?ecno=48063&cono=156114,TIER_2_CONDITIONAL,추천 가능하나 보조 정보(시수/비용/난이도) 검토 권장,"KSA 매핑 키워드 미검출, 난이도 미기재(실무 추정)"
SQL_KPC_47322,[AI] [HRD] 디지털트렌스포메이션 In HRD(Feat.AI),한국생산성본부,KPC,SQLITE_DB,인사·총무공통,인사·조직관리,COMP_GA_01,문서작성 및 기획,문서작성 및 기획,1,REVIEW_NEEDED,직무 적합 강좌이나 7대 핵심 역량 키워드가 본문에서 명확히 검출되지 않아 2차 내용 확인 필요,중급/실무,INFERRED_DEFAULT,명시적 난이도 키워드 미제공에 따른 실무 기본값 추정,7.0,RECORDED_HOURS,1.0,470000.0,STANDARD_PAID,"일반 유료 과정 (470,000원)",https://www.kpc.or.kr/PTWED003_dtil_view.do?ecno=47322&cono=156998,TIER_2_CONDITIONAL,추천 가능하나 보조 정보(시수/비용/난이도) 검토 권장,"KSA 매핑 키워드 미검출, 난이도 미기재(실무 추정)"
SQL_KPC_48106,[HRD] 조직 성장을 이끄는 HRD전략과 트렌드 기반 교육계획수립,한국생산성본부,KPC,SQLITE_DB,인사·총무공통,인사·조직관리,COMP_GA_01,문서작성 및 기획,문서작성 및 기획,1,REVIEW_NEEDED,직무 적합 강좌이나 7대 핵심 역량 키워드가 본문에서 명확히 검출되지 않아 2차 내용 확인 필요,중급/실무,INFERRED_DEFAULT,명시적 난이도 키워드 미제공에 따른 실무 기본값 추정,7.0,RECORDED_HOURS,1.0,470000.0,STANDARD_PAID,"일반 유료 과정 (470,000원)",https://www.kpc.or.kr/PTWED003_dtil_view.do?ecno=48106&cono=155195,TIER_2_CONDITIONAL,추천 가능하나 보조 정보(시수/비용/난이도) 검토 권장,"KSA 매핑 키워드 미검출, 난이도 미기재(실무 추정)"
SQL_KPC_48545,[1Day] 마케팅 보고서 작성 실무(ChatGPT 활용),한국생산성본부,KPC,SQLITE_DB,총무·사무행정,공통·사무기획,COMP_GA_01,문서작성 및 기획,문서작성 및 기획,1,VERIFIED_CORE,과정명/내용 내 핵심 역량 키워드(보고서) 및 직무 연관성 일치 확인,중급/실무,INFERRED_DEFAULT,명시적 난이도 키워드 미제공에 따른 실무 기본값 추정,7.0,RECORDED_HOURS,1.0,400000.0,STANDARD_PAID,"일반 유료 과정 (400,000원)",https://www.kpc.or.kr/PTWED003_dtil_view.do?ecno=48545&cono=156696,TIER_1_READY,"핵심 역량 매핑 및 수강료 확인 완료, 즉시 추천 가능",난이도 미기재(실무 추정)
SQL_KPC_48884,보고서 작성 Total Skill Up(Feat. AI),한국생산성본부,KPC,SQLITE_DB,총무·사무행정,공통·사무기획,COMP_GA_01,문서작성 및 기획,문서작성 및 기획,1,VERIFIED_CORE,과정명/내용 내 핵심 역량 키워드(보고서) 및 직무 연관성 일치 확인,중급/실무,INFERRED_DEFAULT,명시적 난이도 키워드 미제공에 따른 실무 기본값 추정,14.0,RECORDED_HOURS,2.0,670000.0,STANDARD_PAID,"일반 유료 과정 (670,000원)",https://www.kpc.or.kr/PTWED003_dtil_view.do?ecno=48884&cono=157582,TIER_1_READY,"핵심 역량 매핑 및 수강료 확인 완료, 즉시 추천 가능",난이도 미기재(실무 추정)
SQL_KPC_47006,[온앤오프] 노무분쟁 예방을 위한 전략적 노무관리,한국생산성본부,KPC,SQLITE_DB,인사(HR),노무관리,COMP_LABOR_01,근로관계 법률 준수,근로관계 법률 준수,1,VERIFIED_CORE,과정명/내용 내 핵심 역량 키워드(노무) 및 직무 연관성 일치 확인,고급/전문,EXPLICIT_KEYWORD,과정명 내 전문가·전략·관리자 명시적 키워드 보유,18.0,RECORDED_HOURS,3.0,700000.0,STANDARD_PAID,"일반 유료 과정 (700,000원)",https://www.kpc.or.kr/PTWED003_dtil_view.do?ecno=47006&cono=149777,TIER_1_READY,"핵심 역량 매핑 및 수강료 확인 완료, 즉시 추천 가능",없음 (전수 검증)
SQL_KPC_46649,[온앤오프] 공공기관 ESG 보고서 작성실무,한국생산성본부,KPC,SQLITE_DB,총무·사무행정,공통·사무기획,COMP_GA_01,문서작성 및 기획,문서작성 및 기획,1,VERIFIED_CORE,과정명/내용 내 핵심 역량 키워드(보고서) 및 직무 연관성 일치 확인,중급/실무,INFERRED_DEFAULT,명시적 난이도 키워드 미제공에 따른 실무 기본값 추정,14.0,RECORDED_HOURS,2.0,760000.0,STANDARD_PAID,"일반 유료 과정 (760,000원)",https://www.kpc.or.kr/PTWED003_dtil_view.do?ecno=46649&cono=148642,TIER_1_READY,"핵심 역량 매핑 및 수강료 확인 완료, 즉시 추천 가능",난이도 미기재(실무 추정)
SQL_KPC_47692,"(ChatGPT 활용) 마케팅 보고서 작성 실무 (분석, 보고서, PPT 작성까지)",한국생산성본부,KPC,SQLITE_DB,총무·사무행정,공통·사무기획,COMP_GA_01,문서작성 및 기획,문서작성 및 기획,1,VERIFIED_CORE,과정명/내용 내 핵심 역량 키워드(보고서) 및 직무 연관성 일치 확인,중급/실무,INFERRED_DEFAULT,명시적 난이도 키워드 미제공에 따른 실무 기본값 추정,7.0,RECORDED_HOURS,1.0,290000.0,STANDARD_PAID,"일반 유료 과정 (290,000원)",https://www.kpc.or.kr/PTWED003_dtil_view.do?ecno=47692&cono=153107,TIER_1_READY,"핵심 역량 매핑 및 수강료 확인 완료, 즉시 추천 가능",난이도 미기재(실무 추정)
SQL_KPC_46991,2026년 인사담당자를 위한 채용트렌드 분석 및 전략,한국생산성본부,KPC,SQLITE_DB,인사(HR),인사·채용관리,COMP_HR_01,인력채용,인력채용,1,VERIFIED_CORE,과정명/내용 내 핵심 역량 키워드(채용) 및 직무 연관성 일치 확인,중급/실무,INFERRED_DEFAULT,명시적 난이도 키워드 미제공에 따른 실무 기본값 추정,7.0,RECORDED_HOURS,1.0,360000.0,STANDARD_PAID,"일반 유료 과정 (360,000원)",https://www.kpc.or.kr/PTWED003_dtil_view.do?ecno=46991&cono=157551,TIER_1_READY,"핵심 역량 매핑 및 수강료 확인 완료, 즉시 추천 가능",난이도 미기재(실무 추정)
SQL_KPC_46702,기후공시 전략 수립 및 보고서 작성 실무,한국생산성본부,KPC,SQLITE_DB,총무·사무행정,공통·사무기획,COMP_GA_01,문서작성 및 기획,문서작성 및 기획,1,VERIFIED_CORE,과정명/내용 내 핵심 역량 키워드(보고서) 및 직무 연관성 일치 확인,중급/실무,INFERRED_DEFAULT,명시적 난이도 키워드 미제공에 따른 실무 기본값 추정,14.0,RECORDED_HOURS,2.0,740000.0,STANDARD_PAID,"일반 유료 과정 (740,000원)",https://www.kpc.or.kr/PTWED003_dtil_view.do?ecno=46702&cono=148686,TIER_1_READY,"핵심 역량 매핑 및 수강료 확인 완료, 즉시 추천 가능",난이도 미기재(실무 추정)
SQL_MULTICAMPUS_FA00A0,[Live] 한 장 보고서 작성의 기술,멀티캠퍼스,MULTICAMPUS,SQLITE_DB,총무·사무행정,공통·사무기획,COMP_GA_01,문서작성 및 기획,문서작성 및 기획,1,VERIFIED_CORE,과정명/내용 내 핵심 역량 키워드(보고서) 및 직무 연관성 일치 확인,중급/실무,INFERRED_DEFAULT,명시적 난이도 키워드 미제공에 따른 실무 기본값 추정,7.0,RECORDED_HOURS,,350000.0,STANDARD_PAID,"일반 유료 과정 (350,000원)",https://m.multicampus.com/course/crsDetail?corsCd=FA00A0,TIER_1_READY,"핵심 역량 매핑 및 수강료 확인 완료, 즉시 추천 가능",난이도 미기재(실무 추정)
SQL_MULTICAMPUS_FA015O,[Ctrl+AI] 생성형AI를 활용한 실무 문서작성 AtoZ,멀티캠퍼스,MULTICAMPUS,SQLITE_DB,총무·사무행정,공통·사무기획,COMP_GA_01,문서작성 및 기획,문서작성 및 기획,1,VERIFIED_CORE,과정명/내용 내 핵심 역량 키워드(문서) 및 직무 연관성 일치 확인,중급/실무,INFERRED_DEFAULT,명시적 난이도 키워드 미제공에 따른 실무 기본값 추정,14.0,RECORDED_HOURS,2.0,750000.0,STANDARD_PAID,"일반 유료 과정 (750,000원)",https://m.multicampus.com/course/crsDetail?corsCd=FA015O,TIER_1_READY,"핵심 역량 매핑 및 수강료 확인 완료, 즉시 추천 가능",난이도 미기재(실무 추정)
SQL_MULTICAMPUS_Q29940,한 장 보고서 작성의 기술,멀티캠퍼스,MULTICAMPUS,SQLITE_DB,총무·사무행정,공통·사무기획,COMP_GA_01,문서작성 및 기획,문서작성 및 기획,1,VERIFIED_CORE,과정명/내용 내 핵심 역량 키워드(보고서) 및 직무 연관성 일치 확인,중급/실무,INFERRED_DEFAULT,명시적 난이도 키워드 미제공에 따른 실무 기본값 추정,8.0,RECORDED_HOURS,1.0,350000.0,STANDARD_PAID,"일반 유료 과정 (350,000원)",https://m.multicampus.com/course/crsDetail?corsCd=Q29940,TIER_1_READY,"핵심 역량 매핑 및 수강료 확인 완료, 즉시 추천 가능",난이도 미기재(실무 추정)
SQL_MULTICAMPUS_FB00A4,[패스트트랙] 신입 온보딩 과정,멀티캠퍼스,MULTICAMPUS,SQLITE_DB,인사(HR),인사·채용관리,COMP_HR_01,인력채용,인력채용,1,VERIFIED_CORE,과정명/내용 내 핵심 역량 키워드(온보딩) 및 직무 연관성 일치 확인,입문/초급,EXPLICIT_KEYWORD,과정명 내 기초·입문·신입 명시적 키워드 보유,14.0,RECORDED_HOURS,2.0,600000.0,STANDARD_PAID,"일반 유료 과정 (600,000원)",https://m.multicampus.com/course/crsDetail?corsCd=FB00A4,TIER_1_READY,"핵심 역량 매핑 및 수강료 확인 완료, 즉시 추천 가능",없음 (전수 검증)
SQL_MULTICAMPUS_FB00A5,[패스트트랙] 신입 온보딩 과정-관계관리 편,멀티캠퍼스,MULTICAMPUS,SQLITE_DB,인사(HR),인사·채용관리,COMP_HR_01,인력채용,인력채용,1,VERIFIED_CORE,과정명/내용 내 핵심 역량 키워드(온보딩) 및 직무 연관성 일치 확인,입문/초급,EXPLICIT_KEYWORD,과정명 내 기초·입문·신입 명시적 키워드 보유,7.0,RECORDED_HOURS,,350000.0,STANDARD_PAID,"일반 유료 과정 (350,000원)",https://m.multicampus.com/course/crsDetail?corsCd=FB00A5,TIER_1_READY,"핵심 역량 매핑 및 수강료 확인 완료, 즉시 추천 가능",없음 (전수 검증)
SQL_MULTICAMPUS_FB00A6,[패스트트랙] 신입 온보딩 과정-업무관리 편,멀티캠퍼스,MULTICAMPUS,SQLITE_DB,인사(HR),인사·채용관리,COMP_HR_01,인력채용,인력채용,1,VERIFIED_CORE,과정명/내용 내 핵심 역량 키워드(온보딩) 및 직무 연관성 일치 확인,입문/초급,EXPLICIT_KEYWORD,과정명 내 기초·입문·신입 명시적 키워드 보유,7.0,RECORDED_HOURS,,350000.0,STANDARD_PAID,"일반 유료 과정 (350,000원)",https://m.multicampus.com/course/crsDetail?corsCd=FB00A6,TIER_1_READY,"핵심 역량 매핑 및 수강료 확인 완료, 즉시 추천 가능",없음 (전수 검증)
SQL_MULTICAMPUS_EA09X3,[리더의 격]조직을 성공으로 이끄는 성과관리 디테일(참고도서제공),멀티캠퍼스,MULTICAMPUS,SQLITE_DB,인사(HR),인사·평가보상,COMP_HR_02,인사평가 및 보상,인사평가 및 보상,1,VERIFIED_CORE,과정명/내용 내 핵심 역량 키워드(성과관리) 및 직무 연관성 일치 확인,중급/실무,INFERRED_DEFAULT,명시적 난이도 키워드 미제공에 따른 실무 기본값 추정,5.0,RECORDED_HOURS,,100000.0,STANDARD_PAID,"일반 유료 과정 (100,000원)",https://m.multicampus.com/course/crsDetail?corsCd=EA09X3,TIER_1_READY,"핵심 역량 매핑 및 수강료 확인 완료, 즉시 추천 가능",난이도 미기재(실무 추정)
SQL_MULTICAMPUS_EA0D0U,신뢰받는 중간 관리자의 역량-성과관리 편,멀티캠퍼스,MULTICAMPUS,SQLITE_DB,인사(HR),인사·평가보상,COMP_HR_02,인사평가 및 보상,인사평가 및 보상,1,VERIFIED_CORE,과정명/내용 내 핵심 역량 키워드(성과관리) 및 직무 연관성 일치 확인,중급/실무,INFERRED_DEFAULT,명시적 난이도 키워드 미제공에 따른 실무 기본값 추정,8.0,RECORDED_HOURS,,140000.0,STANDARD_PAID,"일반 유료 과정 (140,000원)",https://m.multicampus.com/course/crsDetail?corsCd=EA0D0U,TIER_1_READY,"핵심 역량 매핑 및 수강료 확인 완료, 즉시 추천 가능",난이도 미기재(실무 추정)
SQL_MULTICAMPUS_FA01P1,"인사관리, AI로 업그레이드",멀티캠퍼스,MULTICAMPUS,SQLITE_DB,인사(HR),인사·조직관리,COMP_GA_01,문서작성 및 기획,문서작성 및 기획,1,REVIEW_NEEDED,직무 적합 강좌이나 7대 핵심 역량 키워드가 본문에서 명확히 검출되지 않아 2차 내용 확인 필요,중급/실무,INFERRED_DEFAULT,명시적 난이도 키워드 미제공에 따른 실무 기본값 추정,14.0,RECORDED_HOURS,,700000.0,STANDARD_PAID,"일반 유료 과정 (700,000원)",https://m.multicampus.com/course/crsDetail?corsCd=FA01P1,TIER_2_CONDITIONAL,추천 가능하나 보조 정보(시수/비용/난이도) 검토 권장,"KSA 매핑 키워드 미검출, 난이도 미기재(실무 추정)"
SQL_MULTICAMPUS_FA01U8,AI로 완성하는 한 장 보고서 작성,멀티캠퍼스,MULTICAMPUS,SQLITE_DB,총무·사무행정,공통·사무기획,COMP_GA_01,문서작성 및 기획,문서작성 및 기획,1,VERIFIED_CORE,과정명/내용 내 핵심 역량 키워드(보고서) 및 직무 연관성 일치 확인,중급/실무,INFERRED_DEFAULT,명시적 난이도 키워드 미제공에 따른 실무 기본값 추정,7.0,RECORDED_HOURS,1.0,400000.0,STANDARD_PAID,"일반 유료 과정 (400,000원)",https://m.multicampus.com/course/crsDetail?corsCd=FA01U8,TIER_1_READY,"핵심 역량 매핑 및 수강료 확인 완료, 즉시 추천 가능",난이도 미기재(실무 추정)
SQL_MULTICAMPUS_FA01LB,AI로 완성하는 리더의 성과관리,멀티캠퍼스,MULTICAMPUS,SQLITE_DB,인사(HR),인사·평가보상,COMP_HR_02,인사평가 및 보상,인사평가 및 보상,1,VERIFIED_CORE,과정명/내용 내 핵심 역량 키워드(성과관리) 및 직무 연관성 일치 확인,중급/실무,INFERRED_DEFAULT,명시적 난이도 키워드 미제공에 따른 실무 기본값 추정,7.0,RECORDED_HOURS,1.0,500000.0,STANDARD_PAID,"일반 유료 과정 (500,000원)",https://m.multicampus.com/course/crsDetail?corsCd=FA01LB,TIER_1_READY,"핵심 역량 매핑 및 수강료 확인 완료, 즉시 추천 가능",난이도 미기재(실무 추정)
